pdf,page_n,batch_pdf_name
Ashiana Housing Ltd.,5,batch_1.pdf
Ashiana Housing Ltd.,6,batch_1.pdf
Ashiana Housing Ltd.,9,batch_1.pdf
Ashiana Housing Ltd.,10,batch_1.pdf
Ashiana Housing Ltd.,11,batch_1.pdf
Ashiana Housing Ltd.,16,batch_1.pdf
Ashiana Housing Ltd.,21,batch_1.pdf
Ashiana Housing Ltd.,24,batch_1.pdf
Ashika Global Securities Ltd.,3,batch_1.pdf
Ashika Global Securities Ltd.,9,batch_1.pdf
Ashika Global Securities Ltd.,14,batch_2.pdf
Ashika Global Securities Ltd.,15,batch_2.pdf
Ashika Global Securities Ltd.,16,batch_2.pdf
Ashima Ltd.,3,batch_2.pdf
Ashima Ltd.,4,batch_2.pdf
Ashima Ltd.,7,batch_2.pdf
Ashima Ltd.,8,batch_2.pdf
Ashirwad Capital Ltd.,3,batch_2.pdf
Ashirwad Steels & Industries Ltd.,4,batch_2.pdf
Ashirwad Steels & Industries Ltd.,5,batch_2.pdf
Ashnoor Textile Mills Ltd.,2,batch_3.pdf
Ashnoor Textile Mills Ltd.,3,batch_3.pdf
Ashoka Buildcon Ltd.,8,batch_3.pdf
Ashoka Buildcon Ltd.,9,batch_3.pdf
Ashoka Buildcon Ltd.,10,batch_3.pdf
Ashoka Buildcon Ltd.,15,batch_3.pdf
Ashoka Buildcon Ltd.,16,batch_3.pdf
Ashoka Buildcon Ltd.,17,batch_3.pdf
Ashoka Buildcon Ltd.,18,batch_3.pdf
Ashoka Metcast Ltd.,5,batch_3.pdf
Ashoka Metcast Ltd.,6,batch_4.pdf
Ashoka Metcast Ltd.,10,batch_4.pdf
Ashoka Refineries Ltd.,3,batch_4.pdf
Ashutosh Paper Mills Ltd.,2,batch_4.pdf
Asia Capital Ltd.,4,batch_4.pdf
Asia Capital Ltd.,5,batch_4.pdf
Asia Capital Ltd.,6,batch_4.pdf
Asia Pack Ltd.,3,batch_4.pdf
Asian Energy Services Ltd.,5,batch_4.pdf
Asian Energy Services Ltd.,6,batch_4.pdf
Asian Energy Services Ltd.,7,batch_5.pdf
Asian Energy Services Ltd.,10,batch_5.pdf
Asian Energy Services Ltd.,11,batch_5.pdf
Asian Hotels (East) Ltd.,4,batch_5.pdf
Asian Hotels (East) Ltd.,6,batch_5.pdf
Asian Hotels (East) Ltd.,9,batch_5.pdf
Asian Paints Ltd.,5,batch_5.pdf
Asian Paints Ltd.,10,batch_5.pdf
Asian Petroproducts & Exports Ltd.,4,batch_5.pdf
Asian Tea & Exports Ltd.,4,batch_5.pdf
Asian Tea & Exports Ltd.,5,batch_6.pdf
Asian Tea & Exports Ltd.,7,batch_6.pdf
Asian Tea & Exports Ltd.,8,batch_6.pdf
Asian Tea & Exports Ltd.,9,batch_6.pdf
Asit C Mehta Financial Services Ltd.,4,batch_6.pdf
Asit C Mehta Financial Services Ltd.,9,batch_6.pdf
Asit C Mehta Financial Services Ltd.,10,batch_6.pdf
Ask Automotive Ltd.,5,batch_6.pdf
Ask Automotive Ltd.,10,batch_6.pdf
Aspira Pathlab & Diagnostics Ltd.,3,batch_6.pdf
Aspira Pathlab & Diagnostics Ltd.,7,batch_7.pdf
Assam Entrade Ltd.,3,batch_7.pdf
Assam Entrade Ltd.,5,batch_7.pdf
Assam Entrade Ltd.,8,batch_7.pdf
Assam Entrade Ltd.,10,batch_7.pdf
Astec Lifesciences Ltd.,3,batch_7.pdf
Astec Lifesciences Ltd.,4,batch_7.pdf
Astec Lifesciences Ltd.,5,batch_7.pdf
Astec Lifesciences Ltd.,11,batch_7.pdf
Astra Microwave Products Ltd.,4,batch_7.pdf
Astra Microwave Products Ltd.,8,batch_8.pdf
Astral Ltd.,3,batch_8.pdf
Astral Ltd.,7,batch_8.pdf
Astral Ltd.,8,batch_8.pdf
Asutosh Enterprises Ltd.,3,batch_8.pdf
Atal Realtech Ltd.,5,batch_8.pdf
Atal Realtech Ltd.,6,batch_8.pdf
Atal Realtech Ltd.,8,batch_8.pdf
Atal Realtech Ltd.,9,batch_8.pdf
Atal Realtech Ltd.,10,batch_8.pdf
Atal Realtech Ltd.,11,batch_9.pdf
Atam Valves Ltd.,2,batch_9.pdf
Atharv Enterprises Ltd.,3,batch_9.pdf
Ather Energy Ltd.,4,batch_9.pdf
Ather Energy Ltd.,7,batch_9.pdf
Atishay Ltd.,7,batch_9.pdf
Atlanta Electricals Ltd.,6,batch_9.pdf
Atlanta Electricals Ltd.,8,batch_9.pdf
Atlantaa Ltd.,1,batch_9.pdf
Atlantaa Ltd.,6,batch_9.pdf
Atlantaa Ltd.,8,batch_10.pdf
Atlas Cycles (Haryana) Ltd.,2,batch_10.pdf
Atlas Cycles (Haryana) Ltd.,2,batch_10.pdf
Atul Auto Ltd.,6,batch_10.pdf
Atul Auto Ltd.,11,batch_10.pdf
Atul Auto Ltd.,12,batch_10.pdf
Atul Auto Ltd.,13,batch_10.pdf
Atul Auto Ltd.,14,batch_10.pdf
Atul Ltd.,3,batch_10.pdf
Atul Ltd.,4,batch_10.pdf
Atul Ltd.,6,batch_11.pdf
Atul Ltd.,7,batch_11.pdf
Atul Ltd.,8,batch_11.pdf
Atul Ltd.,10,batch_11.pdf
Aurionpro Solutions Ltd.,6,batch_11.pdf
Aurionpro Solutions Ltd.,7,batch_11.pdf
Aurionpro Solutions Ltd.,8,batch_11.pdf
Aurionpro Solutions Ltd.,11,batch_11.pdf
Aurobindo Pharma Ltd.,2,batch_11.pdf
Aurobindo Pharma Ltd.,5,batch_11.pdf
Ausom Enterprise Ltd.,4,batch_12.pdf
Ausom Enterprise Ltd.,8,batch_12.pdf
Ausom Enterprise Ltd.,9,batch_12.pdf
Austin Engineering Co Ltd.,2,batch_12.pdf
Austin Engineering Co Ltd.,5,batch_12.pdf
Authum Investment & Infrastructure Ltd.,4,batch_12.pdf
Authum Investment & Infrastructure Ltd.,7,batch_12.pdf
Authum Investment & Infrastructure Ltd.,10,batch_12.pdf
Authum Investment & Infrastructure Ltd.,11,batch_12.pdf
Authum Investment & Infrastructure Ltd.,13,batch_12.pdf
Autoline Industries Ltd.,6,batch_13.pdf
Autoline Industries Ltd.,8,batch_13.pdf
Autoline Industries Ltd.,12,batch_13.pdf
Autoline Industries Ltd.,14,batch_13.pdf
Automobile Corp Of Goa Ltd.,2,batch_13.pdf
Automobile Corp Of Goa Ltd.,6,batch_13.pdf
Automobile Corp Of Goa Ltd.,7,batch_13.pdf
Automobile Products India Ltd.,4,batch_13.pdf
Automobile Products India Ltd.,5,batch_13.pdf
Automobile Products India Ltd.,6,batch_13.pdf
Automotive Axles Ltd.,3,batch_14.pdf
Automotive Stampings and Assemblies Ltd.,4,batch_14.pdf
Automotive Stampings and Assemblies Ltd.,5,batch_14.pdf
Autoriders International Ltd.,7,batch_14.pdf
Autoriders International Ltd.,9,batch_14.pdf
Autoriders International Ltd.,12,batch_14.pdf
Avadh Sugar & Energy Ltd.,2,batch_14.pdf
Avadh Sugar & Energy Ltd.,3,batch_14.pdf
Avadh Sugar & Energy Ltd.,5,batch_14.pdf
Avalon Technologies Ltd.,2,batch_14.pdf
Avalon Technologies Ltd.,6,batch_15.pdf
Avance Technologies Ltd.,4,batch_15.pdf
Avance Technologies Ltd.,5,batch_15.pdf
Avance Technologies Ltd.,8,batch_15.pdf
Avance Technologies Ltd.,9,batch_15.pdf
Avanti Feeds Ltd.,4,batch_15.pdf
Avanti Feeds Ltd.,5,batch_15.pdf
Avanti Feeds Ltd.,6,batch_15.pdf
Avanti Feeds Ltd.,8,batch_15.pdf
Avanti Feeds Ltd.,9,batch_15.pdf
Avanti Feeds Ltd.,10,batch_16.pdf
Aveer Foods Ltd.,6,batch_16.pdf
Avenue Supermarts Ltd.,4,batch_16.pdf
Avenue Supermarts Ltd.,8,batch_16.pdf
Avenuesai Ltd.,4,batch_16.pdf
Avenuesai Ltd.,6,batch_16.pdf
Avenuesai Ltd.,9,batch_16.pdf
Avenuesai Ltd.,10,batch_16.pdf
Avenuesai Ltd.,12,batch_16.pdf
Avenuesai Ltd.,14,batch_16.pdf
Avenuesai Ltd.,19,batch_17.pdf
Avenuesai Ltd.,20,batch_17.pdf
Avenuesai Ltd.,21,batch_17.pdf
Avenuesai Ltd.,22,batch_17.pdf
Avio Smart Market Stack Ltd.,5,batch_17.pdf
Avio Smart Market Stack Ltd.,6,batch_17.pdf
Avio Smart Market Stack Ltd.,11,batch_17.pdf
Avio Smart Market Stack Ltd.,12,batch_17.pdf
Avio Smart Market Stack Ltd.,14,batch_17.pdf
Avonmore Capital & Management Services Ltd.,3,batch_17.pdf
Avonmore Capital & Management Services Ltd.,5,batch_18.pdf
Avonmore Capital & Management Services Ltd.,6,batch_18.pdf
Avonmore Capital & Management Services Ltd.,7,batch_18.pdf
Avonmore Capital & Management Services Ltd.,9,batch_18.pdf
Avonmore Capital & Management Services Ltd.,10,batch_18.pdf
Avonmore Capital & Management Services Ltd.,11,batch_18.pdf
Awfis Space Solutions Ltd.,4,batch_18.pdf
Awfis Space Solutions Ltd.,6,batch_18.pdf
Awfis Space Solutions Ltd.,10,batch_18.pdf
Awfis Space Solutions Ltd.,11,batch_18.pdf
Awl Agri Business Ltd.,5,batch_19.pdf
Awl Agri Business Ltd.,6,batch_19.pdf
Awl Agri Business Ltd.,7,batch_19.pdf
Awl Agri Business Ltd.,10,batch_19.pdf
Axis Bank Ltd.,2,batch_19.pdf
Axis Bank Ltd.,3,batch_19.pdf
Axis Bank Ltd.,4,batch_19.pdf
Axis Bank Ltd.,6,batch_19.pdf
Axis Bank Ltd.,7,batch_19.pdf
Axis Bank Ltd.,8,batch_19.pdf
Axis Bank Ltd.,10,batch_20.pdf
Axis Solutions Ltd.,4,batch_20.pdf
Axis Solutions Ltd.,10,batch_20.pdf
Axis Solutions Ltd.,11,batch_20.pdf
Axis Solutions Ltd.,14,batch_20.pdf
Axis Solutions Ltd.,15,batch_20.pdf
Axiscades Technologies Ltd.,6,batch_20.pdf
Axiscades Technologies Ltd.,7,batch_20.pdf
Axiscades Technologies Ltd.,8,batch_20.pdf
Axiscades Technologies Ltd.,11,batch_20.pdf
Axiscades Technologies Ltd.,12,batch_21.pdf
Axita Cotton Ltd.,5,batch_21.pdf
Axita Cotton Ltd.,12,batch_21.pdf
Axtel Industries Ltd.,2,batch_21.pdf
Axtel Industries Ltd.,3,batch_21.pdf
Aye Finance Ltd.,3,batch_21.pdf
Aye Finance Ltd.,4,batch_21.pdf
Aye Finance Ltd.,5,batch_21.pdf
Aye Finance Ltd.,11,batch_21.pdf
Aye Finance Ltd.,13,batch_21.pdf
Aye Finance Ltd.,15,batch_22.pdf
Aye Finance Ltd.,16,batch_22.pdf
Aye Finance Ltd.,18,batch_22.pdf
Aym Syntex Ltd.,3,batch_22.pdf
Aym Syntex Ltd.,7,batch_22.pdf
Azad Engineering Ltd.,2,batch_22.pdf
Azad Engineering Ltd.,5,batch_22.pdf
Azad Engineering Ltd.,6,batch_22.pdf
B & A Ltd.,5,batch_22.pdf
B & A Ltd.,9,batch_22.pdf
B & A Ltd.,10,batch_23.pdf
B & A Ltd.,12,batch_23.pdf
B&A Packaging India Ltd.,5,batch_23.pdf
B&A Packaging India Ltd.,6,batch_23.pdf
B&A Packaging India Ltd.,9,batch_23.pdf
B. L. Kashyap and Sons Ltd.,4,batch_23.pdf
B. L. Kashyap and Sons Ltd.,5,batch_23.pdf
B2B Software Technologies Ltd.,3,batch_23.pdf
B2B Software Technologies Ltd.,6,batch_23.pdf
B2B Software Technologies Ltd.,7,batch_23.pdf
B2B Software Technologies Ltd.,8,batch_24.pdf
B2B Software Technologies Ltd.,10,batch_24.pdf
BAMPSL Securities Ltd.,2,batch_24.pdf
BASF India Ltd.,3,batch_24.pdf
BASF India Ltd.,5,batch_24.pdf
BASF India Ltd.,6,batch_24.pdf
BASF India Ltd.,8,batch_24.pdf
BASF India Ltd.,9,batch_24.pdf
BASF India Ltd.,10,batch_24.pdf
BASF India Ltd.,11,batch_24.pdf
BC Power Controls Ltd.,7,batch_25.pdf
BC Power Controls Ltd.,8,batch_25.pdf
BCC Fuba India Ltd.,4,batch_25.pdf
BCC Fuba India Ltd.,9,batch_25.pdf
BCC Fuba India Ltd.,11,batch_25.pdf
BCL Industries Ltd.,2,batch_25.pdf
BCL Industries Ltd.,3,batch_25.pdf
BCL Industries Ltd.,5,batch_25.pdf
BCL Industries Ltd.,6,batch_25.pdf
BEML Ltd.,2,batch_25.pdf
BEML Ltd.,3,batch_26.pdf
BEML Ltd.,4,batch_26.pdf
BF Utilities Ltd.,2,batch_26.pdf
BF Utilities Ltd.,3,batch_26.pdf
Capital Small Finance Bank Ltd.,5,batch_26.pdf
Capital Small Finance Bank Ltd.,6,batch_26.pdf
Capital Small Finance Bank Ltd.,7,batch_26.pdf
Capital Small Finance Bank Ltd.,14,batch_26.pdf
Capital Small Finance Bank Ltd.,16,batch_26.pdf
Capital Small Finance Bank Ltd.,17,batch_26.pdf
Capital Small Finance Bank Ltd.,18,batch_27.pdf
Capital Small Finance Bank Ltd.,19,batch_27.pdf
Capital Small Finance Bank Ltd.,21,batch_27.pdf
Capital Small Finance Bank Ltd.,23,batch_27.pdf
Capital Small Finance Bank Ltd.,24,batch_27.pdf
Capital Small Finance Bank Ltd.,25,batch_27.pdf
Capital Small Finance Bank Ltd.,26,batch_27.pdf
Capital Small Finance Bank Ltd.,27,batch_27.pdf
Capital Small Finance Bank Ltd.,28,batch_27.pdf
Capital Small Finance Bank Ltd.,29,batch_27.pdf
Capital Small Finance Bank Ltd.,31,batch_28.pdf
Capital Small Finance Bank Ltd.,32,batch_28.pdf
Capital Small Finance Bank Ltd.,33,batch_28.pdf
Capital Small Finance Bank Ltd.,35,batch_28.pdf
Capital Small Finance Bank Ltd.,36,batch_28.pdf
Caplin Point Laboratories Ltd.,2,batch_28.pdf
Caplin Point Laboratories Ltd.,3,batch_28.pdf
Caplin Point Laboratories Ltd.,4,batch_28.pdf
Caplin Point Laboratories Ltd.,5,batch_28.pdf
Caplin Point Laboratories Ltd.,6,batch_28.pdf
Caplin Point Laboratories Ltd.,7,batch_29.pdf
Caplin Point Laboratories Ltd.,10,batch_29.pdf
Caplin Point Laboratories Ltd.,13,batch_29.pdf
Caplin Point Laboratories Ltd.,14,batch_29.pdf
Caplin Point Laboratories Ltd.,15,batch_29.pdf
Caplin Point Laboratories Ltd.,16,batch_29.pdf
Caplin Point Laboratories Ltd.,18,batch_29.pdf
Caplin Point Laboratories Ltd.,19,batch_29.pdf
Caplin Point Laboratories Ltd.,20,batch_29.pdf
Caplin Point Laboratories Ltd.,21,batch_29.pdf
Caplin Point Laboratories Ltd.,29,batch_30.pdf
Caplin Point Laboratories Ltd.,37,batch_30.pdf
Capri Global Capital Ltd.,5,batch_30.pdf
Capri Global Capital Ltd.,9,batch_30.pdf
Capri Global Capital Ltd.,10,batch_30.pdf
Capri Global Capital Ltd.,11,batch_30.pdf
Capri Global Capital Ltd.,12,batch_30.pdf
Capri Global Capital Ltd.,13,batch_30.pdf
Capri Global Capital Ltd.,14,batch_30.pdf
Capri Global Capital Ltd.,15,batch_30.pdf
Capri Global Capital Ltd.,16,batch_31.pdf
Capri Global Capital Ltd.,17,batch_31.pdf
Capri Global Capital Ltd.,24,batch_31.pdf
Capricorn Systems Global Solutions Ltd.,2,batch_31.pdf
Capricorn Systems Global Solutions Ltd.,3,batch_31.pdf
Caprihans India Ltd.,2,batch_31.pdf
Caprihans India Ltd.,6,batch_31.pdf
Caprolactam Chemicals Ltd.,4,batch_31.pdf
Captain Polyplast Ltd.,3,batch_31.pdf
Captain Polyplast Ltd.,4,batch_31.pdf
Captain Polyplast Ltd.,8,batch_32.pdf
Captain Polyplast Ltd.,9,batch_32.pdf
Carborundum Universal Ltd.,2,batch_32.pdf
Carborundum Universal Ltd.,3,batch_32.pdf
Carborundum Universal Ltd.,5,batch_32.pdf
Carborundum Universal Ltd.,6,batch_32.pdf
Carborundum Universal Ltd.,7,batch_32.pdf
Carborundum Universal Ltd.,8,batch_32.pdf
Career Point Edutech Ltd.,7,batch_32.pdf
Career Point Edutech Ltd.,8,batch_32.pdf
Career Point Edutech Ltd.,10,batch_33.pdf
Career Point Edutech Ltd.,12,batch_33.pdf
Career Point Edutech Ltd.,13,batch_33.pdf
Carraro India Ltd.,3,batch_33.pdf
Carraro India Ltd.,5,batch_33.pdf
Cartrade Tech Ltd.,4,batch_33.pdf
Cartrade Tech Ltd.,5,batch_33.pdf
Cartrade Tech Ltd.,6,batch_33.pdf
Cartrade Tech Ltd.,8,batch_33.pdf
Cartrade Tech Ltd.,9,batch_33.pdf
Caspian Corporate Services Ltd.,2,batch_34.pdf
Caspian Corporate Services Ltd.,5,batch_34.pdf
Caspian Corporate Services Ltd.,6,batch_34.pdf
Castrol India Ltd.,4,batch_34.pdf
Castrol India Ltd.,5,batch_34.pdf
Castrol India Ltd.,6,batch_34.pdf
Castrol India Ltd.,9,batch_34.pdf
Ceenik Exports India Ltd.,3,batch_34.pdf
Ceenik Exports India Ltd.,4,batch_34.pdf
Ceenik Exports India Ltd.,5,batch_34.pdf
Ceeta Industries Ltd.,2,batch_35.pdf
Ceeta Industries Ltd.,3,batch_35.pdf
Ceinsys Tech Ltd.,5,batch_35.pdf
Ceinsys Tech Ltd.,6,batch_35.pdf
Ceinsys Tech Ltd.,9,batch_35.pdf
Ceinsys Tech Ltd.,10,batch_35.pdf
Celebrity Fashions Ltd.,4,batch_35.pdf
Cello World Ltd.,2,batch_35.pdf
Cello World Ltd.,3,batch_35.pdf
Cello World Ltd.,4,batch_35.pdf
Cello World Ltd.,6,batch_36.pdf
Cello World Ltd.,9,batch_36.pdf
Cemantic Infra-Tech Ltd.,7,batch_36.pdf
Cemindia Projects Ltd.,4,batch_36.pdf
Cemindia Projects Ltd.,8,batch_36.pdf
Cemindia Projects Ltd.,9,batch_36.pdf
Centerac Technologies Ltd.,3,batch_36.pdf
Central Bank Of India,9,batch_36.pdf
Central Bank Of India,10,batch_36.pdf
Central Bank Of India,11,batch_36.pdf
Central Bank Of India,12,batch_37.pdf
Central Bank Of India,13,batch_37.pdf
Central Bank Of India,15,batch_37.pdf
Central Bank Of India,17,batch_37.pdf
Central Bank Of India,18,batch_37.pdf
Central Bank Of India,19,batch_37.pdf
Central Bank Of India,20,batch_37.pdf
Central Bank Of India,21,batch_37.pdf
Central Mine Planning & Design Institute Ltd.,4,batch_37.pdf
Centrum Capital Ltd.,5,batch_37.pdf
Centrum Capital Ltd.,6,batch_38.pdf
Centrum Capital Ltd.,7,batch_38.pdf
Centrum Capital Ltd.,10,batch_38.pdf
Centrum Capital Ltd.,11,batch_38.pdf
Centum Electronics Ltd.,4,batch_38.pdf
Centum Electronics Ltd.,6,batch_38.pdf
Centum Electronics Ltd.,9,batch_38.pdf
Centum Electronics Ltd.,11,batch_38.pdf
Centuple Global Ltd.,4,batch_38.pdf
Centuple Global Ltd.,5,batch_38.pdf
Century Enka Ltd.,2,batch_39.pdf
Century Enka Ltd.,4,batch_39.pdf
Cera Sanitaryware Ltd.,2,batch_39.pdf
Cerebra Integrated Technologies Ltd.,6,batch_39.pdf
Cerebra Integrated Technologies Ltd.,11,batch_39.pdf
Chalet Hotels Ltd.,6,batch_39.pdf
Chalet Hotels Ltd.,8,batch_39.pdf
Chalet Hotels Ltd.,11,batch_39.pdf
Chalet Hotels Ltd.,18,batch_39.pdf
Chalet Hotels Ltd.,19,batch_39.pdf
Chaman Lal Setia Exports Ltd.,2,batch_40.pdf
Chambal Breweries & Distilleries Ltd.,3,batch_40.pdf
Chambal Breweries & Distilleries Ltd.,6,batch_40.pdf
Chambal Breweries & Distilleries Ltd.,7,batch_40.pdf
Chambal Breweries & Distilleries Ltd.,8,batch_40.pdf
Chambal Breweries & Distilleries Ltd.,9,batch_40.pdf
Chambal Fertilisers & Chemicals Ltd.,3,batch_40.pdf
Chambal Fertilisers & Chemicals Ltd.,4,batch_40.pdf
Chambal Fertilisers & Chemicals Ltd.,9,batch_40.pdf
Chambal Fertilisers & Chemicals Ltd.,10,batch_40.pdf
Chambal Fertilisers & Chemicals Ltd.,11,batch_41.pdf
Chandra Prabhu International Ltd.,4,batch_41.pdf
Chandrima Mercantiles Ltd.,6,batch_41.pdf
Chembond Chemicals Ltd.,5,batch_41.pdf
Chembond Chemicals Ltd.,8,batch_41.pdf
Chembond Material Technologies Ltd.,4,batch_41.pdf
Chembond Material Technologies Ltd.,5,batch_41.pdf
Chembond Material Technologies Ltd.,6,batch_41.pdf
Chembond Material Technologies Ltd.,9,batch_41.pdf
Chemcon Speciality Chemicals Ltd.,5,batch_41.pdf
Chemfab Alkalis Ltd.,4,batch_42.pdf
Chemfab Alkalis Ltd.,5,batch_42.pdf
Chemfab Alkalis Ltd.,7,batch_42.pdf
Chemfab Alkalis Ltd.,8,batch_42.pdf
Chemplast Sanmar Ltd.,4,batch_42.pdf
Chemplast Sanmar Ltd.,5,batch_42.pdf
Chemplast Sanmar Ltd.,8,batch_42.pdf
Chemplast Sanmar Ltd.,9,batch_42.pdf
Chemtech Industrial Valves Ltd.,3,batch_42.pdf
Chemtech Industrial Valves Ltd.,5,batch_42.pdf
Chennai Ferrous Industries Ltd.,2,batch_43.pdf
Chennai Meenakshi Multispeciality Hospital Ltd.,3,batch_43.pdf
Chennai Meenakshi Multispeciality Hospital Ltd.,4,batch_43.pdf
Chennai Petroleum Corp Ltd.,6,batch_43.pdf
Chennai Petroleum Corp Ltd.,13,batch_43.pdf
Choksi Asia Ltd.,2,batch_43.pdf
Choksi Laboratories Ltd.,3,batch_43.pdf
Cholamandalam Financial Holdings Ltd.,8,batch_43.pdf
Cholamandalam Financial Holdings Ltd.,10,batch_43.pdf
Cholamandalam Financial Holdings Ltd.,12,batch_43.pdf
Cholamandalam Investment and Finance Company Ltd.,3,batch_44.pdf
Cholamandalam Investment and Finance Company Ltd.,4,batch_44.pdf
Cholamandalam Investment and Finance Company Ltd.,5,batch_44.pdf
Cholamandalam Investment and Finance Company Ltd.,7,batch_44.pdf
Cholamandalam Investment and Finance Company Ltd.,8,batch_44.pdf
Cholamandalam Investment and Finance Company Ltd.,9,batch_44.pdf
Cholamandalam Investment and Finance Company Ltd.,18,batch_44.pdf
Cholamandalam Investment and Finance Company Ltd.,20,batch_44.pdf
Cholamandalam Investment and Finance Company Ltd.,23,batch_44.pdf
Cholamandalam Investment and Finance Company Ltd.,25,batch_44.pdf
Cholamandalam Investment and Finance Company Ltd.,27,batch_45.pdf
Chordia Food Products Ltd.,4,batch_45.pdf
Chordia Food Products Ltd.,5,batch_45.pdf
Cineline India Ltd.,4,batch_45.pdf
Cipla Ltd.,1,batch_45.pdf
Cistro Telelink Ltd.,6,batch_45.pdf
Citadel Realty Developers Ltd.,4,batch_45.pdf
Citadel Realty Developers Ltd.,4,batch_45.pdf
Citadel Realty Developers Ltd.,8,batch_45.pdf
Citi Port Financial Services Ltd.,2,batch_45.pdf
Citizen Solar Ltd.,7,batch_46.pdf
Citurgia Biochemicals Ltd.,2,batch_46.pdf
Citurgia Biochemicals Ltd.,3,batch_46.pdf
City Union Bank Ltd.,4,batch_46.pdf
City Union Bank Ltd.,5,batch_46.pdf
City Union Bank Ltd.,7,batch_46.pdf
Cityman Ltd.,4,batch_46.pdf
Classic Electricals Ltd.,3,batch_46.pdf
Classic Filaments Ltd.,4,batch_46.pdf
Classic Filaments Ltd.,8,batch_46.pdf
Clean Max Enviro Energy Solutions Ltd.,4,batch_47.pdf
Clean Max Enviro Energy Solutions Ltd.,22,batch_47.pdf
Clean Max Enviro Energy Solutions Ltd.,24,batch_47.pdf
Clean Max Enviro Energy Solutions Ltd.,26,batch_47.pdf
Clean Max Enviro Energy Solutions Ltd.,27,batch_47.pdf
Clean Max Enviro Energy Solutions Ltd.,30,batch_47.pdf
Clean Max Enviro Energy Solutions Ltd.,31,batch_47.pdf
Clean Science And Technology Ltd.,6,batch_47.pdf
Clean Science And Technology Ltd.,9,batch_47.pdf
Coal India Ltd.,7,batch_47.pdf
Coal India Ltd.,8,batch_48.pdf
Coal India Ltd.,9,batch_48.pdf
Coal India Ltd.,10,batch_48.pdf
Coal India Ltd.,14,batch_48.pdf
Coal India Ltd.,15,batch_48.pdf
Coastal Corporation Ltd.,6,batch_48.pdf
Coastal Corporation Ltd.,10,batch_48.pdf
Coastal Roadways Ltd.,2,batch_48.pdf
Coastal Roadways Ltd.,3,batch_48.pdf
Cochin Malabar Estates & Industries Ltd.,3,batch_48.pdf
Cochin Minerals & Rutiles Ltd.,3,batch_49.pdf
Coffee Day Enterprises Ltd.,2,batch_49.pdf
Coffee Day Enterprises Ltd.,5,batch_49.pdf
Coffee Day Enterprises Ltd.,15,batch_49.pdf
Coffee Day Enterprises Ltd.,16,batch_49.pdf
Coffee Day Enterprises Ltd.,17,batch_49.pdf
Coffee Day Enterprises Ltd.,24,batch_49.pdf
Cohance Lifesciences Ltd.,2,batch_49.pdf
Cohance Lifesciences Ltd.,3,batch_49.pdf
Cohance Lifesciences Ltd.,20,batch_49.pdf
Cohance Lifesciences Ltd.,21,batch_50.pdf
Cohance Lifesciences Ltd.,22,batch_50.pdf
Cohance Lifesciences Ltd.,23,batch_50.pdf
Cohance Lifesciences Ltd.,24,batch_50.pdf
Cohance Lifesciences Ltd.,25,batch_50.pdf
Cohance Lifesciences Ltd.,32,batch_50.pdf
Cohance Lifesciences Ltd.,34,batch_50.pdf
Cohance Lifesciences Ltd.,37,batch_50.pdf
Colab Platforms Ltd.,6,batch_50.pdf
Colab Platforms Ltd.,7,batch_50.pdf
Colab Platforms Ltd.,10,batch_51.pdf
Colab Platforms Ltd.,11,batch_51.pdf
Colgate Palmolive (India) Ltd.,4,batch_51.pdf
Comfort Commotrade Ltd.,4,batch_51.pdf
Comfort Commotrade Ltd.,7,batch_51.pdf
Comfort Fincap Ltd.,4,batch_51.pdf
Comfort Fincap Ltd.,7,batch_51.pdf
Comfort Intech Ltd.,4,batch_51.pdf
Comfort Intech Ltd.,5,batch_51.pdf
Comfort Intech Ltd.,8,batch_51.pdf
Comfort Intech Ltd.,9,batch_52.pdf
Commercial Syn Bags Ltd.,3,batch_52.pdf
Commercial Syn Bags Ltd.,4,batch_52.pdf
Commercial Syn Bags Ltd.,7,batch_52.pdf
Commercial Syn Bags Ltd.,8,batch_52.pdf
Commercial Syn Bags Ltd.,10,batch_52.pdf
Commercial Syn Bags Ltd.,11,batch_52.pdf
Commercial Syn Bags Ltd.,15,batch_52.pdf
Compucom Software Ltd.,3,batch_52.pdf
Computer Age Management Services Ltd.,4,batch_52.pdf
Computer Age Management Services Ltd.,6,batch_53.pdf
Computer Age Management Services Ltd.,9,batch_53.pdf
Conart Engineers Ltd.,3,batch_53.pdf
Concord Biotech Ltd.,5,batch_53.pdf
Concord Biotech Ltd.,9,batch_53.pdf
Confidence Futuristic Energetech Ltd.,2,batch_53.pdf
Confidence Futuristic Energetech Ltd.,3,batch_53.pdf
Confidence Futuristic Energetech Ltd.,9,batch_53.pdf
Confidence Petroleum India Ltd.,2,batch_53.pdf
Confidence Petroleum India Ltd.,3,batch_53.pdf
Consecutive Commodities Ltd.,2,batch_54.pdf
Consolidated Construction Consortium Ltd.,4,batch_54.pdf
Consolidated Construction Consortium Ltd.,5,batch_54.pdf
Constronics Infra Ltd.,4,batch_54.pdf
Constronics Infra Ltd.,5,batch_54.pdf
Constronics Infra Ltd.,8,batch_54.pdf
Container Corporation of India Ltd.,7,batch_54.pdf
Container Corporation of India Ltd.,8,batch_54.pdf
Container Corporation of India Ltd.,9,batch_54.pdf
Continental Chemicals Ltd.,3,batch_54.pdf
Continental Controls Ltd.,11,batch_55.pdf
Continental Petroleums Ltd.,3,batch_55.pdf
Continental Petroleums Ltd.,5,batch_55.pdf
Continental Securities Ltd.,2,batch_55.pdf
Control Print Ltd.,2,batch_55.pdf
Control Print Ltd.,3,batch_55.pdf
Coral India Finance & Housing Ltd.,4,batch_55.pdf
Coral India Finance & Housing Ltd.,5,batch_55.pdf
Cords Cable Industries Ltd.,3,batch_55.pdf
Coromandel Agro Products & Oils Ltd.,2,batch_55.pdf
Coromandel Agro Products & Oils Ltd.,3,batch_56.pdf
Coromandel Agro Products & Oils Ltd.,4,batch_56.pdf
Coromandel International Ltd.,3,batch_56.pdf
Coromandel International Ltd.,4,batch_56.pdf
Coromandel International Ltd.,5,batch_56.pdf
Cosmo Ferrites Ltd.,3,batch_56.pdf
Cosmo First Ltd.,3,batch_56.pdf
Cosmo First Ltd.,6,batch_56.pdf
Cosmo First Ltd.,7,batch_56.pdf
Cosyn Ltd.,3,batch_56.pdf
Cosyn Ltd.,6,batch_57.pdf
Country Club Hospitality & Holidays Ltd.,2,batch_57.pdf
Country Club Hospitality & Holidays Ltd.,3,batch_57.pdf
Country Club Hospitality & Holidays Ltd.,4,batch_57.pdf
Country Condos Ltd.,2,batch_57.pdf
Craftsman Automation Ltd.,2,batch_57.pdf
Craftsman Automation Ltd.,3,batch_57.pdf
Craftsman Automation Ltd.,4,batch_57.pdf
Crane Infrastructure Ltd.,2,batch_57.pdf
Cravatex Ltd.,3,batch_57.pdf
Cravatex Ltd.,6,batch_58.pdf
Creative Eye Ltd.,2,batch_58.pdf
Creative Newtech Ltd.,5,batch_58.pdf
Creative Newtech Ltd.,7,batch_58.pdf
Creative Newtech Ltd.,10,batch_58.pdf
Creative Newtech Ltd.,12,batch_58.pdf
Creditaccess Grameen Ltd.,7,batch_58.pdf
Creditaccess Grameen Ltd.,8,batch_58.pdf
Creditaccess Grameen Ltd.,9,batch_58.pdf
Creditaccess Grameen Ltd.,12,batch_58.pdf
Creditaccess Grameen Ltd.,13,batch_59.pdf
Creditaccess Grameen Ltd.,14,batch_59.pdf
Creditaccess Grameen Ltd.,17,batch_59.pdf
Credo Brands Marketing Ltd.,3,batch_59.pdf
Cresanto Global Ltd.,3,batch_59.pdf
Crest Ventures Ltd.,5,batch_59.pdf
Crest Ventures Ltd.,7,batch_59.pdf
Crest Ventures Ltd.,8,batch_59.pdf
Crest Ventures Ltd.,12,batch_59.pdf
Crest Ventures Ltd.,13,batch_59.pdf
Crest Ventures Ltd.,15,batch_60.pdf
Crest Ventures Ltd.,36,batch_60.pdf
Crimson Metal Engineering Co Ltd.,4,batch_60.pdf
Crimson Metal Engineering Co Ltd.,6,batch_60.pdf
Crisil Ltd.,8,batch_60.pdf
Crisil Ltd.,9,batch_60.pdf
Crisil Ltd.,10,batch_60.pdf
Crisil Ltd.,11,batch_60.pdf
Crisil Ltd.,12,batch_60.pdf
Crizac Ltd.,9,batch_60.pdf
Crizac Ltd.,12,batch_61.pdf
Croissance Ltd.,2,batch_61.pdf
Croissance Ltd.,5,batch_61.pdf
Crompton Greaves Consumer Electrical Ltd.,4,batch_61.pdf
Crompton Greaves Consumer Electrical Ltd.,5,batch_61.pdf
Crompton Greaves Consumer Electrical Ltd.,8,batch_61.pdf
Crompton Greaves Consumer Electrical Ltd.,9,batch_61.pdf
Crystal Business System Ltd.,2,batch_61.pdf
Crystal Business System Ltd.,2,batch_61.pdf
Cubex Tubings Ltd.,2,batch_61.pdf
Cubical Financial Services Ltd.,2,batch_62.pdf
Cubical Financial Services Ltd.,3,batch_62.pdf
Cummins India Ltd.,3,batch_62.pdf
Cummins India Ltd.,4,batch_62.pdf
Cummins India Ltd.,5,batch_62.pdf
Cupid Ltd.,4,batch_62.pdf
Cupid Ltd.,9,batch_62.pdf
Cura Technologies Ltd.,4,batch_62.pdf
Cybele Industries Ltd.,5,batch_62.pdf
Cybele Industries Ltd.,6,batch_62.pdf
Cybele Industries Ltd.,7,batch_63.pdf
Cybele Industries Ltd.,11,batch_63.pdf
Cybele Industries Ltd.,12,batch_63.pdf
Cybele Industries Ltd.,13,batch_63.pdf
Cybele Industries Ltd.,14,batch_63.pdf
Cyber Media India Ltd.,2,batch_63.pdf
Cyber Media India Ltd.,3,batch_63.pdf
Cyber Media India Ltd.,4,batch_63.pdf
Cyber Media India Ltd.,5,batch_63.pdf
Cyber Media India Ltd.,6,batch_63.pdf
Cyber Media India Ltd.,7,batch_64.pdf
Cybertech Systems & Software Ltd.,3,batch_64.pdf
Cybertech Systems & Software Ltd.,5,batch_64.pdf
Cyient DLM Ltd.,2,batch_64.pdf
Cyient DLM Ltd.,3,batch_64.pdf
General Insurance Corporation of India,5,batch_64.pdf
General Insurance Corporation of India,6,batch_64.pdf
General Insurance Corporation of India,7,batch_64.pdf
General Insurance Corporation of India,8,batch_64.pdf
General Insurance Corporation of India,9,batch_64.pdf
General Insurance Corporation of India,10,batch_65.pdf
General Insurance Corporation of India,11,batch_65.pdf
General Insurance Corporation of India,14,batch_65.pdf
General Insurance Corporation of India,20,batch_65.pdf
General Insurance Corporation of India,21,batch_65.pdf
General Insurance Corporation of India,22,batch_65.pdf
General Insurance Corporation of India,23,batch_65.pdf
General Insurance Corporation of India,24,batch_65.pdf
General Insurance Corporation of India,25,batch_65.pdf
General Insurance Corporation of India,26,batch_65.pdf
General Insurance Corporation of India,28,batch_66.pdf
Genpharmasec Ltd.,4,batch_66.pdf
Genpharmasec Ltd.,9,batch_66.pdf
Genpharmasec Ltd.,10,batch_66.pdf
Genus Paper & Boards Ltd.,4,batch_66.pdf
Genus Paper & Boards Ltd.,5,batch_66.pdf
Genus Power Infrastructures Ltd.,2,batch_66.pdf
Genus Power Infrastructures Ltd.,4,batch_66.pdf
Geojit Financial Services Ltd.,2,batch_66.pdf
Geojit Financial Services Ltd.,3,batch_66.pdf
Geojit Financial Services Ltd.,7,batch_67.pdf
Geojit Financial Services Ltd.,8,batch_67.pdf
Geojit Financial Services Ltd.,11,batch_67.pdf
Geojit Financial Services Ltd.,16,batch_67.pdf
Gillanders Arbuthnot & Company Ltd.,4,batch_67.pdf
Gillanders Arbuthnot & Company Ltd.,5,batch_67.pdf
Gillanders Arbuthnot & Company Ltd.,10,batch_67.pdf
Gillanders Arbuthnot & Company Ltd.,11,batch_67.pdf
Gillette India Ltd.,3,batch_67.pdf
Gillette India Ltd.,4,batch_67.pdf
Gini Silk Mills Ltd.,4,batch_68.pdf
Ginni Filaments Ltd.,4,batch_68.pdf
Ginni Filaments Ltd.,5,batch_68.pdf
Gita Renewable Energy Ltd.,9,batch_68.pdf
Glance Finance Ltd.,3,batch_68.pdf
Glance Finance Ltd.,4,batch_68.pdf
Glance Finance Ltd.,5,batch_68.pdf
Glance Finance Ltd.,7,batch_68.pdf
Glaxosmithkline Pharmaceuticals Ltd.,3,batch_68.pdf
Glaxosmithkline Pharmaceuticals Ltd.,4,batch_68.pdf
Glaxosmithkline Pharmaceuticals Ltd.,8,batch_69.pdf
Glaxosmithkline Pharmaceuticals Ltd.,9,batch_69.pdf
Glenmark Pharmaceuticals Ltd.,3,batch_69.pdf
Glenmark Pharmaceuticals Ltd.,4,batch_69.pdf
Global Capital Markets Ltd.,2,batch_69.pdf
Global Health Ltd.,5,batch_69.pdf
Global Health Ltd.,6,batch_69.pdf
Global Health Ltd.,10,batch_69.pdf
Global Health Ltd.,11,batch_69.pdf
Global Vectra Helicorp Ltd.,1,batch_69.pdf
Global Vectra Helicorp Ltd.,2,batch_70.pdf
Global Vectra Helicorp Ltd.,10,batch_70.pdf
Globale Tessile Ltd.,3,batch_70.pdf
Globe Civil Projects Ltd.,4,batch_70.pdf
Globe Civil Projects Ltd.,5,batch_70.pdf
Globe Civil Projects Ltd.,6,batch_70.pdf
Globe Civil Projects Ltd.,9,batch_70.pdf
Globe Civil Projects Ltd.,10,batch_70.pdf
Globe Civil Projects Ltd.,11,batch_70.pdf
Globus Constructors & Developers Ltd.,4,batch_70.pdf
Globus Constructors & Developers Ltd.,5,batch_71.pdf
Globus Spirits Ltd.,5,batch_71.pdf
Globus Spirits Ltd.,6,batch_71.pdf
Globus Spirits Ltd.,10,batch_71.pdf
Globus Spirits Ltd.,11,batch_71.pdf
Gloster Ltd.,1,batch_71.pdf
Gloster Ltd.,2,batch_71.pdf
Gloster Ltd.,4,batch_71.pdf
Gloster Ltd.,5,batch_71.pdf
Gloster Ltd.,6,batch_71.pdf
Gloster Ltd.,8,batch_72.pdf
Gloster Ltd.,9,batch_72.pdf
Go Fashion (India) Ltd.,3,batch_72.pdf
Go Fashion (India) Ltd.,4,batch_72.pdf
Goa Carbon Ltd.,2,batch_72.pdf
Godavari Biorefineries Ltd.,3,batch_72.pdf
Godavari Biorefineries Ltd.,4,batch_72.pdf
Godavari Biorefineries Ltd.,5,batch_72.pdf
Godavari Biorefineries Ltd.,6,batch_72.pdf
Godavari Biorefineries Ltd.,10,batch_72.pdf
Godavari Biorefineries Ltd.,11,batch_73.pdf
Godavari Drugs Ltd.,2,batch_73.pdf
Godavari Drugs Ltd.,4,batch_73.pdf
Godawari Power And Ispat Ltd.,3,batch_73.pdf
Godawari Power And Ispat Ltd.,5,batch_73.pdf
Godfrey Phillips India Ltd.,3,batch_73.pdf
Godfrey Phillips India Ltd.,4,batch_73.pdf
Godfrey Phillips India Ltd.,5,batch_73.pdf
Godfrey Phillips India Ltd.,9,batch_73.pdf
Godfrey Phillips India Ltd.,10,batch_73.pdf
Godfrey Phillips India Ltd.,11,batch_74.pdf
Godfrey Phillips India Ltd.,12,batch_74.pdf
Godrej Agrovet Ltd.,3,batch_74.pdf
Godrej Agrovet Ltd.,4,batch_74.pdf
Godrej Agrovet Ltd.,6,batch_74.pdf
Godrej Agrovet Ltd.,7,batch_74.pdf
Godrej Consumer Products Ltd.,3,batch_74.pdf
Godrej Consumer Products Ltd.,4,batch_74.pdf
Godrej Consumer Products Ltd.,5,batch_74.pdf
Godrej Consumer Products Ltd.,6,batch_74.pdf
Godrej Consumer Products Ltd.,8,batch_75.pdf
Godrej Consumer Products Ltd.,15,batch_75.pdf
Godrej Properties Ltd.,4,batch_75.pdf
Godrej Properties Ltd.,5,batch_75.pdf
Godrej Properties Ltd.,10,batch_75.pdf
Godrej Properties Ltd.,11,batch_75.pdf
Gokaldas Exports Ltd.,2,batch_75.pdf
Gokaldas Exports Ltd.,5,batch_75.pdf
Gokul Agro Resources Ltd.,5,batch_75.pdf
Gokul Agro Resources Ltd.,9,batch_75.pdf
Gokul Refoils And Solvent Ltd.,4,batch_76.pdf
Gokul Refoils And Solvent Ltd.,8,batch_76.pdf
Gokul Refoils And Solvent Ltd.,9,batch_76.pdf
Gokul Refoils And Solvent Ltd.,10,batch_76.pdf
Golden Crest Education & Services Ltd.,2,batch_76.pdf
Golden Legend Leasing & Finance Ltd.,5,batch_76.pdf
Goodluck India Ltd.,2,batch_76.pdf
Goodluck India Ltd.,3,batch_76.pdf
Goodluck India Ltd.,8,batch_76.pdf
Goodricke Group Ltd.,2,batch_76.pdf
Goodricke Group Ltd.,5,batch_77.pdf
Goodyear India Ltd.,3,batch_77.pdf
Gopal Snacks Ltd.,5,batch_77.pdf
Gorani Industries Ltd.,2,batch_77.pdf
Gothi Plascon India Ltd.,3,batch_77.pdf
Gothi Plascon India Ltd.,4,batch_77.pdf
Gothi Plascon India Ltd.,5,batch_77.pdf
Gothi Plascon India Ltd.,7,batch_77.pdf
Grand Foundry Ltd.,5,batch_77.pdf
Grandma Trading & Agencies Ltd.,3,batch_77.pdf
Granules India Ltd.,3,batch_78.pdf
Granules India Ltd.,7,batch_78.pdf
Graphite India Ltd.,2,batch_78.pdf
Graphite India Ltd.,3,batch_78.pdf
Graphite India Ltd.,4,batch_78.pdf
Graphite India Ltd.,7,batch_78.pdf
Graphite India Ltd.,8,batch_78.pdf
Graphite India Ltd.,9,batch_78.pdf
Grasim Industries Ltd.,5,batch_78.pdf
Grasim Industries Ltd.,8,batch_78.pdf
Grasim Industries Ltd.,16,batch_79.pdf
Grasim Industries Ltd.,17,batch_79.pdf
Grasim Industries Ltd.,18,batch_79.pdf
Grasim Industries Ltd.,19,batch_79.pdf
Grasim Industries Ltd.,20,batch_79.pdf
Grasim Industries Ltd.,21,batch_79.pdf
Grasim Industries Ltd.,22,batch_79.pdf
Grasim Industries Ltd.,24,batch_79.pdf
Gratex Industries Ltd.,3,batch_79.pdf
Gratex Industries Ltd.,4,batch_79.pdf
Grauer & Weil (India) Ltd.,3,batch_80.pdf
Grauer & Weil (India) Ltd.,4,batch_80.pdf
Grauer & Weil (India) Ltd.,8,batch_80.pdf
Grauer & Weil (India) Ltd.,9,batch_80.pdf
Gravita India Ltd.,2,batch_80.pdf
Gravita India Ltd.,4,batch_80.pdf
Gravita India Ltd.,5,batch_80.pdf
Gravita India Ltd.,10,batch_80.pdf
Gravita India Ltd.,11,batch_80.pdf
Gravita India Ltd.,12,batch_80.pdf
Gravity India Ltd.,3,batch_81.pdf
Gravity India Ltd.,5,batch_81.pdf
Great Eastern Shipping Company Ltd.,5,batch_81.pdf
Great Eastern Shipping Company Ltd.,6,batch_81.pdf
Great Eastern Shipping Company Ltd.,8,batch_81.pdf
Great Eastern Shipping Company Ltd.,10,batch_81.pdf
Great Eastern Shipping Company Ltd.,12,batch_81.pdf
Great Eastern Shipping Company Ltd.,16,batch_81.pdf
Great Eastern Shipping Company Ltd.,17,batch_81.pdf
Greaves Cotton Ltd.,4,batch_81.pdf
Greaves Cotton Ltd.,9,batch_82.pdf
Greaves Cotton Ltd.,10,batch_82.pdf
Greenlam Industries Ltd.,2,batch_82.pdf
Greenlam Industries Ltd.,3,batch_82.pdf
Greenlam Industries Ltd.,5,batch_82.pdf
Greenpanel Industries Ltd.,1,batch_82.pdf
Greenpanel Industries Ltd.,2,batch_82.pdf
Greenpanel Industries Ltd.,4,batch_82.pdf
Greenpanel Industries Ltd.,5,batch_82.pdf
Greenpanel Industries Ltd.,6,batch_82.pdf
Greenply Industries Ltd.,2,batch_83.pdf
Gretex Corporate Services Ltd.,4,batch_83.pdf
Gretex Corporate Services Ltd.,9,batch_83.pdf
Groarc Industries India Ltd.,3,batch_83.pdf
Groarc Industries India Ltd.,4,batch_83.pdf
Groarc Industries India Ltd.,6,batch_83.pdf
Groarc Industries India Ltd.,6,batch_83.pdf
Growington Ventures India Ltd.,3,batch_83.pdf
Growington Ventures India Ltd.,7,batch_83.pdf
Gujarat Alkalies and Chemicals Ltd.,3,batch_83.pdf
Gujarat Alkalies and Chemicals Ltd.,4,batch_84.pdf
Gujarat Alkalies and Chemicals Ltd.,5,batch_84.pdf
Gujarat Alkalies and Chemicals Ltd.,9,batch_84.pdf
Gujarat Alkalies and Chemicals Ltd.,10,batch_84.pdf
Gujarat Ambuja Exports Ltd.,3,batch_84.pdf
Gujarat Ambuja Exports Ltd.,7,batch_84.pdf
Gujarat Ambuja Exports Ltd.,8,batch_84.pdf
Gujarat Ambuja Exports Ltd.,9,batch_84.pdf
Gujarat Cotex Ltd.,3,batch_84.pdf
Gujarat Cotex Ltd.,4,batch_84.pdf
Gujarat Cotex Ltd.,6,batch_85.pdf
Gujarat Craft Industries Ltd.,2,batch_85.pdf
Gujarat Craft Industries Ltd.,3,batch_85.pdf
Gujarat Energy Ltd.,3,batch_85.pdf
Gujarat Energy Ltd.,4,batch_85.pdf
Gujarat Energy Ltd.,6,batch_85.pdf
Gujarat Energy Ltd.,7,batch_85.pdf
Gujarat Energy Ltd.,11,batch_85.pdf
Gujarat Energy Ltd.,12,batch_85.pdf
Gujarat Energy Ltd.,16,batch_85.pdf
Gujarat Energy Ltd.,18,batch_86.pdf
Gujarat Fluorochemicals Ltd.,2,batch_86.pdf
Gujarat Fluorochemicals Ltd.,3,batch_86.pdf
Gujarat Fluorochemicals Ltd.,7,batch_86.pdf
Gujarat Fluorochemicals Ltd.,8,batch_86.pdf
Gujarat Fluorochemicals Ltd.,9,batch_86.pdf
Gujarat Fluorochemicals Ltd.,10,batch_86.pdf
Gujarat Fluorochemicals Ltd.,11,batch_86.pdf
Gujarat Fluorochemicals Ltd.,12,batch_86.pdf
Gujarat Hotels Ltd.,3,batch_86.pdf
Gujarat Hotels Ltd.,4,batch_87.pdf
Gujarat Industries Power Company Ltd.,2,batch_87.pdf
Gujarat Inject Kerala Ltd.,3,batch_87.pdf
Gujarat Intrux Ltd.,4,batch_87.pdf
Gujarat Investa Ltd.,3,batch_87.pdf
Gujarat Investa Ltd.,9,batch_87.pdf
Gujarat Lease Financing Ltd.,3,batch_87.pdf
Gujarat Narmada Valley Fertilizers & Chemicals Ltd.,3,batch_87.pdf
Gujarat Narmada Valley Fertilizers & Chemicals Ltd.,4,batch_87.pdf
Gujarat Narmada Valley Fertilizers & Chemicals Ltd.,5,batch_87.pdf
Gujarat Narmada Valley Fertilizers & Chemicals Ltd.,6,batch_88.pdf
Gujarat Narmada Valley Fertilizers & Chemicals Ltd.,13,batch_88.pdf
Gujarat Narmada Valley Fertilizers & Chemicals Ltd.,14,batch_88.pdf
Gujarat Petrosynthese Ltd.,5,batch_88.pdf
Gujarat Pipavav Port Ltd.,3,batch_88.pdf
Gujarat Pipavav Port Ltd.,8,batch_88.pdf
Gujarat Poly Electronics Ltd.,4,batch_88.pdf
Gujarat Raffia Industries Ltd.,3,batch_88.pdf
Gujarat State Fertilizers & Chemicals Ltd.,3,batch_88.pdf
Gujarat State Fertilizers & Chemicals Ltd.,4,batch_88.pdf
Gujarat State Fertilizers & Chemicals Ltd.,9,batch_89.pdf
Gujarat Themis Biosyn Ltd.,2,batch_89.pdf
Gujarat Themis Biosyn Ltd.,5,batch_89.pdf
Gujjubhai Industries Ltd.,2,batch_89.pdf
Gulf Oil Lubricants India Ltd.,5,batch_89.pdf
Gulf Oil Lubricants India Ltd.,8,batch_89.pdf
Gulshan Polyols Ltd.,4,batch_89.pdf
Gulshan Polyols Ltd.,6,batch_89.pdf
Gyan Developers & Builders Ltd.,2,batch_89.pdf
Gyan Developers & Builders Ltd.,3,batch_89.pdf
Gyan Developers & Builders Ltd.,4,batch_90.pdf
H S India Ltd.,2,batch_90.pdf
HB Estate Developers Ltd.,3,batch_90.pdf
HB Estate Developers Ltd.,7,batch_90.pdf
HB Leasing & Finance Co Ltd.,3,batch_90.pdf
HB Stockholdings Ltd.,3,batch_90.pdf
HB Stockholdings Ltd.,7,batch_90.pdf
HBL Engineering Ltd.,3,batch_90.pdf
HBL Engineering Ltd.,5,batch_90.pdf
HBL Engineering Ltd.,8,batch_90.pdf
HBL Engineering Ltd.,9,batch_91.pdf
HBL Engineering Ltd.,10,batch_91.pdf
HCL Infosystems Ltd.,4,batch_91.pdf
HCL Infosystems Ltd.,8,batch_91.pdf
HCL Technologies Ltd.,2,batch_91.pdf
HCL Technologies Ltd.,3,batch_91.pdf
HCL Technologies Ltd.,4,batch_91.pdf
HCL Technologies Ltd.,17,batch_91.pdf
HCL Technologies Ltd.,18,batch_91.pdf
HCL Technologies Ltd.,19,batch_91.pdf
HCP Plastene Bulkpack Ltd.,11,batch_92.pdf
HCP Plastene Bulkpack Ltd.,12,batch_92.pdf
HCP Plastene Bulkpack Ltd.,13,batch_92.pdf
HCP Plastene Bulkpack Ltd.,16,batch_92.pdf
HCP Plastene Bulkpack Ltd.,17,batch_92.pdf
HCP Plastene Bulkpack Ltd.,18,batch_92.pdf
HDFC Asset Management Company Ltd.,4,batch_92.pdf
HDFC Asset Management Company Ltd.,8,batch_92.pdf
HDFC Life Insurance Company Ltd.,4,batch_92.pdf
HDFC Life Insurance Company Ltd.,5,batch_92.pdf
HDFC Life Insurance Company Ltd.,6,batch_93.pdf
HDFC Life Insurance Company Ltd.,7,batch_93.pdf
HDFC Life Insurance Company Ltd.,8,batch_93.pdf
HDFC Life Insurance Company Ltd.,9,batch_93.pdf
HDFC Life Insurance Company Ltd.,10,batch_93.pdf
HDFC Life Insurance Company Ltd.,13,batch_93.pdf
HDFC Life Insurance Company Ltd.,18,batch_93.pdf
HDFC Life Insurance Company Ltd.,19,batch_93.pdf
HDFC Life Insurance Company Ltd.,20,batch_93.pdf
HDFC Life Insurance Company Ltd.,21,batch_93.pdf
HDFC Life Insurance Company Ltd.,22,batch_94.pdf
HDFC Life Insurance Company Ltd.,23,batch_94.pdf
HDFC Life Insurance Company Ltd.,26,batch_94.pdf
HEG Ltd.,4,batch_94.pdf
HEG Ltd.,5,batch_94.pdf
HEG Ltd.,7,batch_94.pdf
HEG Ltd.,10,batch_94.pdf
HEG Ltd.,11,batch_94.pdf
HEG Ltd.,12,batch_94.pdf
HEM Holdings & Trading Ltd.,3,batch_94.pdf
HFCL Ltd.,6,batch_95.pdf
HFCL Ltd.,7,batch_95.pdf
PB Fintech Ltd.,8,batch_95.pdf
PB Fintech Ltd.,9,batch_95.pdf
PB Fintech Ltd.,10,batch_95.pdf
PB Fintech Ltd.,11,batch_95.pdf
PB Fintech Ltd.,12,batch_95.pdf
PB Fintech Ltd.,13,batch_95.pdf
PB Fintech Ltd.,14,batch_95.pdf
PB Fintech Ltd.,15,batch_95.pdf
PB Fintech Ltd.,16,batch_96.pdf
PB Fintech Ltd.,17,batch_96.pdf
PB Fintech Ltd.,21,batch_96.pdf
PB Fintech Ltd.,22,batch_96.pdf
PB Fintech Ltd.,26,batch_96.pdf
PB Fintech Ltd.,28,batch_96.pdf
PB Fintech Ltd.,29,batch_96.pdf
PB Fintech Ltd.,31,batch_96.pdf
PB Fintech Ltd.,36,batch_96.pdf
PB Fintech Ltd.,40,batch_96.pdf
PB Fintech Ltd.,41,batch_97.pdf
PB Fintech Ltd.,45,batch_97.pdf
PB Fintech Ltd.,48,batch_97.pdf
PB Fintech Ltd.,49,batch_97.pdf
PB Fintech Ltd.,59,batch_97.pdf
PB Fintech Ltd.,62,batch_97.pdf
PB Fintech Ltd.,67,batch_97.pdf
PB Fintech Ltd.,68,batch_97.pdf
PB Fintech Ltd.,71,batch_97.pdf
PB Fintech Ltd.,75,batch_97.pdf
PB Fintech Ltd.,76,batch_98.pdf
PB Fintech Ltd.,84,batch_98.pdf
PB Fintech Ltd.,85,batch_98.pdf
PB Fintech Ltd.,92,batch_98.pdf
PB Fintech Ltd.,94,batch_98.pdf
PB Fintech Ltd.,98,batch_98.pdf
PB Fintech Ltd.,101,batch_98.pdf
PB Fintech Ltd.,102,batch_98.pdf
PB Fintech Ltd.,118,batch_98.pdf
PB Fintech Ltd.,119,batch_98.pdf
PB Fintech Ltd.,121,batch_99.pdf
PB Fintech Ltd.,126,batch_99.pdf
PB Fintech Ltd.,128,batch_99.pdf
PBA Infrastructure Ltd.,5,batch_99.pdf
PBA Infrastructure Ltd.,7,batch_99.pdf
PBA Infrastructure Ltd.,8,batch_99.pdf
PBM Polytex Ltd.,8,batch_99.pdf
PBM Polytex Ltd.,15,batch_99.pdf
PCS Technology Ltd.,2,batch_99.pdf
PCS Technology Ltd.,3,batch_99.pdf
PFL Infotech Ltd.,3,batch_100.pdf
PFL Infotech Ltd.,5,batch_100.pdf
PG Electroplast Ltd.,4,batch_100.pdf
PG Electroplast Ltd.,8,batch_100.pdf
PH Capital Ltd.,6,batch_100.pdf
PH Capital Ltd.,7,batch_100.pdf
PH Capital Ltd.,13,batch_100.pdf
PI Industries Ltd.,2,batch_100.pdf
PI Industries Ltd.,5,batch_100.pdf
PI Industries Ltd.,6,batch_100.pdf
PI Industries Ltd.,7,batch_101.pdf
PMC Fincorp Ltd.,3,batch_101.pdf
PMC Fincorp Ltd.,4,batch_101.pdf
PMC Fincorp Ltd.,6,batch_101.pdf
PN Gadgil Jewellers Ltd.,2,batch_101.pdf
PN Gadgil Jewellers Ltd.,5,batch_101.pdf
PNB Gilts Ltd.,2,batch_101.pdf
PNB Gilts Ltd.,3,batch_101.pdf
PNB Housing Finance Ltd.,3,batch_101.pdf
PNB Housing Finance Ltd.,4,batch_101.pdf
PNB Housing Finance Ltd.,5,batch_102.pdf
PNB Housing Finance Ltd.,9,batch_102.pdf
PNB Housing Finance Ltd.,10,batch_102.pdf
PNB Housing Finance Ltd.,11,batch_102.pdf
PNB Housing Finance Ltd.,14,batch_102.pdf
PNB Housing Finance Ltd.,15,batch_102.pdf
PNB Housing Finance Ltd.,20,batch_102.pdf
PNC Infratech Ltd.,6,batch_102.pdf
PNC Infratech Ltd.,11,batch_102.pdf
PNC Infratech Ltd.,12,batch_102.pdf
PNC Infratech Ltd.,16,batch_103.pdf
PNC Infratech Ltd.,17,batch_103.pdf
PNGS Gargi Fashion Jewellery Ltd.,3,batch_103.pdf
PNGS Reva Diamond Jewellery Ltd.,4,batch_103.pdf
PNGS Reva Diamond Jewellery Ltd.,5,batch_103.pdf
PNGS Reva Diamond Jewellery Ltd.,6,batch_103.pdf
PSP Projects Ltd.,5,batch_103.pdf
PSP Projects Ltd.,7,batch_103.pdf
PSP Projects Ltd.,10,batch_103.pdf
PTC India Financial Services Ltd.,7,batch_103.pdf
PTC India Financial Services Ltd.,12,batch_104.pdf
PTC India Financial Services Ltd.,15,batch_104.pdf
PTC India Financial Services Ltd.,17,batch_104.pdf
PTC India Financial Services Ltd.,19,batch_104.pdf
PTC India Ltd.,3,batch_104.pdf
PTC India Ltd.,4,batch_104.pdf
PTC India Ltd.,7,batch_104.pdf
PTC India Ltd.,8,batch_104.pdf
PTL Enterprises Ltd.,4,batch_104.pdf
PVR INOX Ltd.,4,batch_104.pdf
PVR INOX Ltd.,5,batch_105.pdf
PVR INOX Ltd.,7,batch_105.pdf
PVR INOX Ltd.,11,batch_105.pdf
PVR INOX Ltd.,12,batch_105.pdf
PVR INOX Ltd.,13,batch_105.pdf
Pace Digitek Ltd.,3,batch_105.pdf
Pace Digitek Ltd.,8,batch_105.pdf
Padmanabh Alloys & Polymers Ltd.,4,batch_105.pdf
Padmanabh Industries Ltd.,3,batch_105.pdf
Page Industries Ltd.,2,batch_105.pdf
Paisalo Digital Ltd.,2,batch_106.pdf
Paisalo Digital Ltd.,3,batch_106.pdf
Paisalo Digital Ltd.,4,batch_106.pdf
Palm Jewels Ltd.,2,batch_106.pdf
Palred Technologies Ltd.,2,batch_106.pdf
Palred Technologies Ltd.,5,batch_106.pdf
Palred Technologies Ltd.,7,batch_106.pdf
Pan Electronics India Ltd.,4,batch_106.pdf
Pan Electronics India Ltd.,5,batch_106.pdf
Pan India Corp Ltd.,2,batch_106.pdf
Panabyte Technologies Ltd.,5,batch_107.pdf
Panacea Biotec Ltd.,3,batch_107.pdf
Panacea Biotec Ltd.,4,batch_107.pdf
Panacea Biotec Ltd.,5,batch_107.pdf
Panafic Industrials Ltd.,2,batch_107.pdf
Panafic Industrials Ltd.,5,batch_107.pdf
Panama Petrochem Ltd.,4,batch_107.pdf
Panama Petrochem Ltd.,7,batch_107.pdf
Panasonic Carbon India Co Ltd.,2,batch_107.pdf
Panasonic Energy India Co Ltd.,4,batch_107.pdf
Panasonic Energy India Co Ltd.,6,batch_108.pdf
Panjon Ltd.,6,batch_108.pdf
Panther Industrial Products Ltd.,2,batch_108.pdf
Panther Industrial Products Ltd.,3,batch_108.pdf
Panther Industrial Products Ltd.,4,batch_108.pdf
Paos Industries Ltd.,2,batch_108.pdf
Paradeep Phosphates Ltd.,4,batch_108.pdf
Paradeep Phosphates Ltd.,8,batch_108.pdf
Paradeep Phosphates Ltd.,9,batch_108.pdf
Parag Milk Foods Ltd.,6,batch_108.pdf
Parag Milk Foods Ltd.,8,batch_109.pdf
Parag Milk Foods Ltd.,10,batch_109.pdf
Paragon Finance Ltd.,2,batch_109.pdf
Paramount Cosmetics India Ltd.,5,batch_109.pdf
Paras Defence And Space Technologies Ltd.,5,batch_109.pdf
Paras Defence And Space Technologies Ltd.,7,batch_109.pdf
Paras Defence And Space Technologies Ltd.,11,batch_109.pdf
Paras Defence And Space Technologies Ltd.,13,batch_109.pdf
Parker Agrochem Exports Ltd.,3,batch_109.pdf
Parker Agrochem Exports Ltd.,5,batch_109.pdf
Parmeshwari Silk Mills Ltd.,4,batch_110.pdf
Parmeshwari Silk Mills Ltd.,5,batch_110.pdf
Parmeshwari Silk Mills Ltd.,9,batch_110.pdf
Parmeshwari Silk Mills Ltd.,10,batch_110.pdf
Parmeshwari Silk Mills Ltd.,12,batch_110.pdf
Parshva Enterprises Ltd.,3,batch_110.pdf
Parshva Enterprises Ltd.,6,batch_110.pdf
Parvati Sweetners And Power Ltd.,4,batch_110.pdf
Pasari Spinning Mills Ltd.,3,batch_110.pdf
Pashupati Cotspin Ltd.,3,batch_110.pdf
Pashupati Cotspin Ltd.,6,batch_111.pdf
Pashupati Cotspin Ltd.,10,batch_111.pdf
Pashupati Cotspin Ltd.,12,batch_111.pdf
Pasupati Acrylon Ltd.,3,batch_111.pdf
Pasupati Acrylon Ltd.,4,batch_111.pdf
Patdiam Jewellery Ltd.,9,batch_111.pdf
Patdiam Jewellery Ltd.,10,batch_111.pdf
Patdiam Jewellery Ltd.,11,batch_111.pdf
Patel Engineering Ltd.,4,batch_111.pdf
Patel Engineering Ltd.,5,batch_111.pdf
Patel Engineering Ltd.,6,batch_112.pdf
Patel Engineering Ltd.,11,batch_112.pdf
Patel Engineering Ltd.,12,batch_112.pdf
Patel Engineering Ltd.,13,batch_112.pdf
Patel Engineering Ltd.,18,batch_112.pdf
Patel Engineering Ltd.,18,batch_112.pdf
Patel Engineering Ltd.,19,batch_112.pdf
Patels Airtemp India Ltd.,2,batch_112.pdf
Paul Merchants Ltd.,4,batch_112.pdf
Paul Merchants Ltd.,6,batch_112.pdf
Paul Merchants Ltd.,7,batch_113.pdf
Paul Merchants Ltd.,9,batch_113.pdf
Paushak Ltd.,2,batch_113.pdf
Pavna Industries Ltd.,6,batch_113.pdf
Pearl Polymers Ltd.,3,batch_113.pdf
Pee Cee Cosma Sope Ltd.,6,batch_113.pdf
Pee Cee Cosma Sope Ltd.,8,batch_113.pdf
Pee Cee Cosma Sope Ltd.,9,batch_113.pdf
Peninsula Land Ltd.,3,batch_113.pdf
Peninsula Land Ltd.,4,batch_113.pdf
Peninsula Land Ltd.,8,batch_114.pdf
Peninsula Land Ltd.,9,batch_114.pdf
Pennar Industries Ltd.,2,batch_114.pdf
Pennar Industries Ltd.,4,batch_114.pdf
Pennar Industries Ltd.,7,batch_114.pdf
Pennar Industries Ltd.,10,batch_114.pdf
Peoples Investments Ltd.,3,batch_114.pdf
Perfectpac Ltd.,3,batch_114.pdf
Permanent Magnets Ltd.,2,batch_114.pdf
Permanent Magnets Ltd.,3,batch_114.pdf
Persistent Systems Ltd.,5,batch_115.pdf
Persistent Systems Ltd.,7,batch_115.pdf
Persistent Systems Ltd.,14,batch_115.pdf
Persistent Systems Ltd.,15,batch_115.pdf
Persistent Systems Ltd.,16,batch_115.pdf
Persistent Systems Ltd.,17,batch_115.pdf
Persistent Systems Ltd.,18,batch_115.pdf
Pervasive Commodities Ltd.,2,batch_115.pdf
Pervasive Commodities Ltd.,3,batch_115.pdf
Pfizer Ltd.,4,batch_115.pdf
Phoenix Mills Ltd.,3,batch_116.pdf
Phoenix Mills Ltd.,7,batch_116.pdf
Phoenix Mills Ltd.,8,batch_116.pdf
Phoenix Mills Ltd.,9,batch_116.pdf
Photon Capital Advisors Ltd.,3,batch_116.pdf
Piccadily Agro Industries Ltd.,5,batch_116.pdf
Piccadily Agro Industries Ltd.,6,batch_116.pdf
Piccadily Agro Industries Ltd.,10,batch_116.pdf
Piccadily Agro Industries Ltd.,11,batch_116.pdf
Pidilite Industries Ltd.,4,batch_116.pdf
Pidilite Industries Ltd.,5,batch_117.pdf
Pidilite Industries Ltd.,9,batch_117.pdf
Pidilite Industries Ltd.,10,batch_117.pdf
Pidilite Industries Ltd.,11,batch_117.pdf
Pidilite Industries Ltd.,12,batch_117.pdf
Pidilite Industries Ltd.,13,batch_117.pdf
Pil Italica Lifestyle Ltd.,2,batch_117.pdf
Pil Italica Lifestyle Ltd.,3,batch_117.pdf
Pine Labs Ltd..,4,batch_117.pdf
Pine Labs Ltd..,10,batch_117.pdf
Pine Labs Ltd..,11,batch_118.pdf
Piramal Finance Ltd.,8,batch_118.pdf
Piramal Finance Ltd.,9,batch_118.pdf
Piramal Finance Ltd.,10,batch_118.pdf
Piramal Finance Ltd.,11,batch_118.pdf
Piramal Finance Ltd.,12,batch_118.pdf
Piramal Finance Ltd.,17,batch_118.pdf
Piramal Finance Ltd.,19,batch_118.pdf
Piramal Finance Ltd.,20,batch_118.pdf
Piramal Finance Ltd.,25,batch_118.pdf
Piramal Finance Ltd.,25,batch_119.pdf
Piramal Pharma Ltd.,2,batch_119.pdf
Piramal Pharma Ltd.,3,batch_119.pdf
Piramal Pharma Ltd.,6,batch_119.pdf
Piramal Pharma Ltd.,7,batch_119.pdf
Pix Transmissions Ltd.,4,batch_119.pdf
Pix Transmissions Ltd.,7,batch_119.pdf
Pix Transmissions Ltd.,9,batch_119.pdf
Plastiblends India Ltd.,3,batch_119.pdf
Plastiblends India Ltd.,4,batch_119.pdf
Plastiblends India Ltd.,7,batch_120.pdf
Plaza Wires Ltd.,5,batch_120.pdf
Plaza Wires Ltd.,7,batch_120.pdf
Plaza Wires Ltd.,8,batch_120.pdf
Plaza Wires Ltd.,10,batch_120.pdf
Plaza Wires Ltd.,13,batch_120.pdf
Plaza Wires Ltd.,14,batch_120.pdf
Pokarna Ltd.,6,batch_120.pdf
Pokarna Ltd.,8,batch_120.pdf
Pokarna Ltd.,9,batch_120.pdf
Pokarna Ltd.,10,batch_121.pdf
Pokarna Ltd.,12,batch_121.pdf
Pokarna Ltd.,13,batch_121.pdf
Poly Medicure Ltd.,3,batch_121.pdf
Poly Medicure Ltd.,4,batch_121.pdf
Poly Medicure Ltd.,6,batch_121.pdf
Poly Medicure Ltd.,10,batch_121.pdf
Poly Medicure Ltd.,13,batch_121.pdf
Polycab India Ltd.,4,batch_121.pdf
Polycab India Ltd.,5,batch_121.pdf
Polycab India Ltd.,9,batch_122.pdf
Polycab India Ltd.,10,batch_122.pdf
Polycab India Ltd.,11,batch_122.pdf
Polylink Polymers India Ltd.,2,batch_122.pdf
Polymechplast Machines Ltd.,3,batch_122.pdf
Polymechplast Machines Ltd.,5,batch_122.pdf
Polyplex Corp Ltd.,3,batch_122.pdf
Polyplex Corp Ltd.,4,batch_122.pdf
Polyplex Corp Ltd.,8,batch_122.pdf
Polyplex Corp Ltd.,9,batch_122.pdf
Polyspin Exports Ltd.,2,batch_123.pdf
Polyspin Exports Ltd.,6,batch_123.pdf
Polyspin Exports Ltd.,10,batch_123.pdf
Ponni Sugars (Erode) Ltd.,2,batch_123.pdf
Ponni Sugars (Erode) Ltd.,3,batch_123.pdf
Ponni Sugars (Erode) Ltd.,4,batch_123.pdf
Ponni Sugars (Erode) Ltd.,5,batch_123.pdf
Poona Dal & Oil Industries Ltd.,2,batch_123.pdf
Poonawalla Fincorp Ltd.,5,batch_123.pdf
Poonawalla Fincorp Ltd.,6,batch_123.pdf
Poonawalla Fincorp Ltd.,9,batch_124.pdf
Poonawalla Fincorp Ltd.,10,batch_124.pdf
Poonawalla Fincorp Ltd.,11,batch_124.pdf
Poonawalla Fincorp Ltd.,12,batch_124.pdf
Poonawalla Fincorp Ltd.,14,batch_124.pdf
Poonawalla Fincorp Ltd.,17,batch_124.pdf
Poonawalla Fincorp Ltd.,18,batch_124.pdf
Poonawalla Fincorp Ltd.,22,batch_124.pdf
Poonawalla Fincorp Ltd.,23,batch_124.pdf
Popular Vehicles And Services Ltd.,5,batch_124.pdf
Popular Vehicles And Services Ltd.,9,batch_125.pdf
Popular Vehicles And Services Ltd.,10,batch_125.pdf
Power Finance Corporation Ltd.,5,batch_125.pdf
Power Finance Corporation Ltd.,6,batch_125.pdf
Power Finance Corporation Ltd.,7,batch_125.pdf
Power Finance Corporation Ltd.,8,batch_125.pdf
Power Finance Corporation Ltd.,9,batch_125.pdf
Power Finance Corporation Ltd.,13,batch_125.pdf
Power Finance Corporation Ltd.,14,batch_125.pdf
Power Finance Corporation Ltd.,15,batch_125.pdf
Power Finance Corporation Ltd.,16,batch_126.pdf
Power Finance Corporation Ltd.,17,batch_126.pdf
Power Finance Corporation Ltd.,21,batch_126.pdf
Power Finance Corporation Ltd.,22,batch_126.pdf
Power Finance Corporation Ltd.,23,batch_126.pdf
Power Finance Corporation Ltd.,24,batch_126.pdf
Power Finance Corporation Ltd.,25,batch_126.pdf
Power Finance Corporation Ltd.,26,batch_126.pdf
Power Finance Corporation Ltd.,27,batch_126.pdf
Power Finance Corporation Ltd.,28,batch_126.pdf
Power Finance Corporation Ltd.,29,batch_127.pdf
Power Finance Corporation Ltd.,30,batch_127.pdf
Power Finance Corporation Ltd.,31,batch_127.pdf
Power Finance Corporation Ltd.,32,batch_127.pdf
Power Finance Corporation Ltd.,33,batch_127.pdf
Power Finance Corporation Ltd.,34,batch_127.pdf
Power Finance Corporation Ltd.,35,batch_127.pdf
Power Finance Corporation Ltd.,36,batch_127.pdf
Power Finance Corporation Ltd.,37,batch_127.pdf
Power Finance Corporation Ltd.,39,batch_127.pdf
Power Finance Corporation Ltd.,43,batch_128.pdf
Power Finance Corporation Ltd.,48,batch_128.pdf
Power Finance Corporation Ltd.,49,batch_128.pdf
Power Finance Corporation Ltd.,50,batch_128.pdf
Power Finance Corporation Ltd.,54,batch_128.pdf
Power Finance Corporation Ltd.,55,batch_128.pdf
Power Finance Corporation Ltd.,56,batch_128.pdf
Power Finance Corporation Ltd.,57,batch_128.pdf
Power Finance Corporation Ltd.,58,batch_128.pdf
Power Finance Corporation Ltd.,59,batch_128.pdf
Power Finance Corporation Ltd.,60,batch_129.pdf
Power Finance Corporation Ltd.,61,batch_129.pdf
Power Finance Corporation Ltd.,62,batch_129.pdf
Power Finance Corporation Ltd.,63,batch_129.pdf
Power Finance Corporation Ltd.,64,batch_129.pdf
Power Finance Corporation Ltd.,65,batch_129.pdf
Power Finance Corporation Ltd.,66,batch_129.pdf
Power Finance Corporation Ltd.,67,batch_129.pdf
Power Finance Corporation Ltd.,68,batch_129.pdf
Power Finance Corporation Ltd.,69,batch_129.pdf
Power Finance Corporation Ltd.,70,batch_130.pdf
Power Finance Corporation Ltd.,71,batch_130.pdf
Power Finance Corporation Ltd.,72,batch_130.pdf
Power Finance Corporation Ltd.,73,batch_130.pdf
Power Finance Corporation Ltd.,74,batch_130.pdf
Power Finance Corporation Ltd.,88,batch_130.pdf
Power Finance Corporation Ltd.,89,batch_130.pdf
Power Finance Corporation Ltd.,91,batch_130.pdf
Power Grid Corp Of India Ltd.,2,batch_130.pdf
Power Grid Corp Of India Ltd.,3,batch_130.pdf
Power Grid Corp Of India Ltd.,4,batch_131.pdf
Power Grid Corp Of India Ltd.,6,batch_131.pdf
Power Grid Corp Of India Ltd.,10,batch_131.pdf
Power Grid Corp Of India Ltd.,11,batch_131.pdf
Power Grid Corp Of India Ltd.,12,batch_131.pdf
Power Grid Corp Of India Ltd.,13,batch_131.pdf
Power Grid Corp Of India Ltd.,14,batch_131.pdf
Power Grid Corp Of India Ltd.,15,batch_131.pdf
Power Grid Corp Of India Ltd.,17,batch_131.pdf
Power Grid Corp Of India Ltd.,24,batch_131.pdf
Power Grid Corp Of India Ltd.,30,batch_132.pdf
Power Grid Corp Of India Ltd.,32,batch_132.pdf
Power Grid Corp Of India Ltd.,37,batch_132.pdf
Ppap Automotive Ltd.,3,batch_132.pdf
Ppap Automotive Ltd.,4,batch_132.pdf
Ppap Automotive Ltd.,7,batch_132.pdf
Prabha Energy Ltd.,8,batch_132.pdf
Prabha Energy Ltd.,12,batch_132.pdf
Prabhav Industries Ltd.,2,batch_132.pdf
Prabhav Industries Ltd.,4,batch_132.pdf
Prabhav Industries Ltd.,8,batch_133.pdf
Prabhav Industries Ltd.,10,batch_133.pdf
Prabhhans Industries Ltd.,5,batch_133.pdf
Prabhu Steel Industries Ltd.,6,batch_133.pdf
Pradeep Metals Ltd.,2,batch_133.pdf
Pradeep Metals Ltd.,2,batch_133.pdf
Pradeep Metals Ltd.,3,batch_133.pdf
Pradeep Metals Ltd.,3,batch_133.pdf
Pradeep Metals Ltd.,4,batch_133.pdf
Pradeep Metals Ltd.,4,batch_133.pdf
Praj Industries Ltd.,4,batch_134.pdf
Praj Industries Ltd.,6,batch_134.pdf
Praj Industries Ltd.,8,batch_134.pdf
Praj Industries Ltd.,9,batch_134.pdf
Prakash Industries Ltd.,3,batch_134.pdf
Prakash Woollen & Synthetic Mills Ltd.,5,batch_134.pdf
Prataap Snacks Ltd.,1,batch_134.pdf
Prataap Snacks Ltd.,7,batch_134.pdf
Prataap Snacks Ltd.,8,batch_134.pdf
Prataap Snacks Ltd.,10,batch_134.pdf
Precision Camshafts Ltd.,4,batch_135.pdf
Precision Camshafts Ltd.,5,batch_135.pdf
Precision Camshafts Ltd.,6,batch_135.pdf
Precision Camshafts Ltd.,8,batch_135.pdf
Precision Camshafts Ltd.,9,batch_135.pdf
Precision Camshafts Ltd.,10,batch_135.pdf
Precision Electronics Ltd.,6,batch_135.pdf
Premco Global Ltd.,6,batch_135.pdf
Premco Global Ltd.,9,batch_135.pdf
Premier Capital Services Ltd.,3,batch_135.pdf
Premier Energies Ltd.,3,batch_136.pdf
Premier Energies Ltd.,4,batch_136.pdf
Premier Energies Ltd.,6,batch_136.pdf
Premier Energies Ltd.,7,batch_136.pdf
Premier Energies Ltd.,8,batch_136.pdf
Premier Explosives Ltd.,1,batch_136.pdf
Premier Explosives Ltd.,4,batch_136.pdf
Premier Explosives Ltd.,8,batch_136.pdf
Premier Explosives Ltd.,9,batch_136.pdf
Premier Ltd.,5,batch_136.pdf
Premier Ltd.,6,batch_137.pdf
Premier Ltd.,11,batch_137.pdf
Premier Ltd.,12,batch_137.pdf
Premier Polyfilm Ltd.,3,batch_137.pdf
Premier Polyfilm Ltd.,4,batch_137.pdf
Premium Capital Markets & Investmentments Ltd.,3,batch_137.pdf
Prerna Infrabuild Ltd.,4,batch_137.pdf
Prerna Infrabuild Ltd.,5,batch_137.pdf
Prerna Infrabuild Ltd.,8,batch_137.pdf
Prestige Estates Projects Ltd.,4,batch_137.pdf
Prestige Estates Projects Ltd.,6,batch_138.pdf
Prestige Estates Projects Ltd.,7,batch_138.pdf
Prestige Estates Projects Ltd.,8,batch_138.pdf
Prestige Estates Projects Ltd.,10,batch_138.pdf
Prestige Estates Projects Ltd.,11,batch_138.pdf
Prevest Denpro Ltd.,4,batch_138.pdf
Prevest Denpro Ltd.,6,batch_138.pdf
Pricol Ltd.,2,batch_138.pdf
Prime Capital Market Ltd.,3,batch_138.pdf
Prime Focus Ltd.,3,batch_138.pdf
Prime Focus Ltd.,7,batch_139.pdf
Prime Focus Ltd.,12,batch_139.pdf
Prime Focus Ltd.,13,batch_139.pdf
Prime Fresh Ltd.,4,batch_139.pdf
Prime Fresh Ltd.,9,batch_139.pdf
Prime Securities Ltd.,6,batch_139.pdf
Prime Securities Ltd.,10,batch_139.pdf
Prince Pipes And Fittings Ltd.,3,batch_139.pdf
Prism Finance Ltd.,3,batch_139.pdf
Prism Finance Ltd.,4,batch_139.pdf
Prism Medico And Pharmacy Ltd.,4,batch_140.pdf
Prithvi Exchange India Ltd.,3,batch_140.pdf
Prithvi Exchange India Ltd.,6,batch_140.pdf
Pritika Auto Industries Ltd.,2,batch_140.pdf
Pritika Auto Industries Ltd.,4,batch_140.pdf
Pritika Auto Industries Ltd.,6,batch_140.pdf
Pritika Auto Industries Ltd.,10,batch_140.pdf
Pritika Auto Industries Ltd.,12,batch_140.pdf
Pritika Auto Industries Ltd.,14,batch_140.pdf
Pritika Auto Industries Ltd.,15,batch_140.pdf
Pritish Nandy Communications Ltd.,7,batch_141.pdf
Pritish Nandy Communications Ltd.,8,batch_141.pdf
Priya Ltd.,2,batch_141.pdf
Priya Ltd.,7,batch_141.pdf
Procter & Gamble Health Ltd.,4,batch_141.pdf
Procter & Gamble Hygiene and Health Care Ltd.,3,batch_141.pdf
Progrex Ventures Ltd.,2,batch_141.pdf
Progrex Ventures Ltd.,3,batch_141.pdf
Progrex Ventures Ltd.,4,batch_141.pdf
Progrex Ventures Ltd.,5,batch_141.pdf
Progrex Ventures Ltd.,6,batch_142.pdf
Progrex Ventures Ltd.,7,batch_142.pdf
Prostarm Info Systems Ltd.,4,batch_142.pdf
Prostarm Info Systems Ltd.,5,batch_142.pdf
Prostarm Info Systems Ltd.,7,batch_142.pdf
Prostarm Info Systems Ltd.,9,batch_142.pdf
Prostarm Info Systems Ltd.,13,batch_142.pdf
Prostarm Info Systems Ltd.,14,batch_142.pdf
Protean EGOV Technologies Ltd.,7,batch_142.pdf
Protean EGOV Technologies Ltd.,12,batch_142.pdf
Protean EGOV Technologies Ltd.,13,batch_143.pdf
Prudent Corporate Advisory Services Ltd.,3,batch_143.pdf
Prudent Corporate Advisory Services Ltd.,7,batch_143.pdf
Prudent Corporate Advisory Services Ltd.,8,batch_143.pdf
Pudumjee Paper Products Ltd.,2,batch_143.pdf
Pudumjee Paper Products Ltd.,3,batch_143.pdf
Punctual Trading Ltd.,3,batch_143.pdf
Punctual Trading Ltd.,5,batch_143.pdf
Punjab & Sind Bank,4,batch_143.pdf
Punjab & Sind Bank,5,batch_143.pdf
Punjab & Sind Bank,6,batch_144.pdf
Punjab & Sind Bank,8,batch_144.pdf
Punjab & Sind Bank,9,batch_144.pdf
Punjab & Sind Bank,10,batch_144.pdf
Punjab & Sind Bank,11,batch_144.pdf
Punjab & Sind Bank,12,batch_144.pdf
Punjab & Sind Bank,13,batch_144.pdf
Punjab Chemicals & Crop Protection Ltd.,4,batch_144.pdf
Punjab Chemicals & Crop Protection Ltd.,9,batch_144.pdf
Punjab Communications Ltd.,2,batch_144.pdf
Punjab National Bank,2,batch_145.pdf
Punjab National Bank,3,batch_145.pdf
Punjab National Bank,4,batch_145.pdf
Punjab National Bank,6,batch_145.pdf
Punjab National Bank,7,batch_145.pdf
Punjab National Bank,8,batch_145.pdf
Punjab National Bank,9,batch_145.pdf
Punjab National Bank,11,batch_145.pdf
Punjab National Bank,18,batch_145.pdf
Puretrop Fruits Ltd.,6,batch_145.pdf
Purity Flexpack Ltd.,4,batch_146.pdf
Purshottam Investofin Ltd.,3,batch_146.pdf
Pyramid Technoplast Ltd.,3,batch_146.pdf
Qgo Finance Ltd.,7,batch_146.pdf
Quadrant Future Tek Ltd.,5,batch_146.pdf
Quadrant Future Tek Ltd.,6,batch_146.pdf
Quadrant Future Tek Ltd.,7,batch_146.pdf
Quadrant Televentures Ltd.,5,batch_146.pdf
Quality Power Electrical Equipments Ltd.,4,batch_146.pdf
Quality Power Electrical Equipments Ltd.,7,batch_146.pdf
Quality Power Electrical Equipments Ltd.,8,batch_147.pdf
Quality Power Electrical Equipments Ltd.,10,batch_147.pdf
Quality Power Electrical Equipments Ltd.,11,batch_147.pdf
Quality Power Electrical Equipments Ltd.,12,batch_147.pdf
Quality Power Electrical Equipments Ltd.,13,batch_147.pdf
Quantum Digital Vision India Ltd.,4,batch_147.pdf
Quess Corp Ltd.,6,batch_147.pdf
Quess Corp Ltd.,7,batch_147.pdf
Quess Corp Ltd.,12,batch_147.pdf
Quest Capital Markets Ltd.,6,batch_147.pdf
Quest Capital Markets Ltd.,8,batch_148.pdf
Quest Capital Markets Ltd.,9,batch_148.pdf
Quick Heal Technologies Ltd.,9,batch_148.pdf
Quick Heal Technologies Ltd.,13,batch_148.pdf
Quick Heal Technologies Ltd.,14,batch_148.pdf
Quick Heal Technologies Ltd.,29,batch_148.pdf
Quick Heal Technologies Ltd.,30,batch_148.pdf
Quick Heal Technologies Ltd.,31,batch_148.pdf
Quick Heal Technologies Ltd.,39,batch_148.pdf
Quick Heal Technologies Ltd.,40,batch_148.pdf
R K Swamy Ltd.,2,batch_149.pdf
R K Swamy Ltd.,3,batch_149.pdf
R K Swamy Ltd.,7,batch_149.pdf
R K Swamy Ltd.,8,batch_149.pdf
R R Kabel Ltd.,4,batch_149.pdf
R R Kabel Ltd.,5,batch_149.pdf
R R Kabel Ltd.,10,batch_149.pdf
R R Kabel Ltd.,11,batch_149.pdf
R Systems International Ltd.,3,batch_149.pdf
R Systems International Ltd.,5,batch_149.pdf
R Systems International Ltd.,6,batch_150.pdf
R Systems International Ltd.,7,batch_150.pdf
R Systems International Ltd.,8,batch_150.pdf
R Systems International Ltd.,13,batch_150.pdf
R Systems International Ltd.,15,batch_150.pdf
R Systems International Ltd.,16,batch_150.pdf
R Systems International Ltd.,17,batch_150.pdf
R Systems International Ltd.,18,batch_150.pdf
R.P.P Infra Projects Ltd.,2,batch_150.pdf
R.P.P Infra Projects Ltd.,6,batch_150.pdf
RBL Bank Ltd.,3,batch_151.pdf
RBL Bank Ltd.,4,batch_151.pdf
RBL Bank Ltd.,6,batch_151.pdf
RBL Bank Ltd.,7,batch_151.pdf
RBL Bank Ltd.,8,batch_151.pdf
RBL Bank Ltd.,9,batch_151.pdf
RBZ Jewellers Ltd.,3,batch_151.pdf
RDB Rasayans Ltd.,3,batch_151.pdf
RDB Rasayans Ltd.,4,batch_151.pdf
REC Ltd.,8,batch_151.pdf
REC Ltd.,9,batch_152.pdf
REC Ltd.,10,batch_152.pdf
REC Ltd.,12,batch_152.pdf
REC Ltd.,13,batch_152.pdf
REC Ltd.,14,batch_152.pdf
REC Ltd.,16,batch_152.pdf
REC Ltd.,18,batch_152.pdf
RGF Capital Markets Ltd.,3,batch_152.pdf
RHI Magnesita India Ltd.,4,batch_152.pdf
RHI Magnesita India Ltd.,8,batch_152.pdf
RHI Magnesita India Ltd.,10,batch_153.pdf
RIR Power Electronics Ltd.,6,batch_153.pdf
RJ Shah & Co Ltd.,2,batch_153.pdf
RKD Agri & Retail Ltd.,4,batch_153.pdf
RNIT AI Solutions Ltd.,5,batch_153.pdf
RNIT AI Solutions Ltd.,6,batch_153.pdf
RPG Life Sciences Ltd.,3,batch_153.pdf
RPG Life Sciences Ltd.,4,batch_153.pdf
RPG Life Sciences Ltd.,6,batch_153.pdf
RPSG Ventures Ltd.,3,batch_153.pdf
RPSG Ventures Ltd.,4,batch_154.pdf
RPSG Ventures Ltd.,5,batch_154.pdf
RPSG Ventures Ltd.,6,batch_154.pdf
RPSG Ventures Ltd.,8,batch_154.pdf
RPSG Ventures Ltd.,9,batch_154.pdf
RR Financial Consultants Ltd.,4,batch_154.pdf
RR Financial Consultants Ltd.,7,batch_154.pdf
RR Securities Ltd.,4,batch_154.pdf
RRIL Ltd.,3,batch_154.pdf
RRIL Ltd.,7,batch_154.pdf
RRIL Ltd.,8,batch_155.pdf
RRP Semiconductor Ltd.,6,batch_155.pdf
RSWM Ltd.,6,batch_155.pdf
RSWM Ltd.,7,batch_155.pdf
Raaj Medisafe India Ltd.,1,batch_155.pdf
Raama Finance Ltd.,5,batch_155.pdf
Radhika Jeweltech Ltd.,2,batch_155.pdf
Radhika Jeweltech Ltd.,3,batch_155.pdf
Radiant Cash Management Services Ltd.,4,batch_155.pdf
Radiant Cash Management Services Ltd.,7,batch_155.pdf
Radico Khaitan Ltd.,4,batch_156.pdf
Radico Khaitan Ltd.,9,batch_156.pdf
Radix Industries India Ltd.,4,batch_156.pdf
Raideep Industries Ltd.,3,batch_156.pdf
Raideep Industries Ltd.,4,batch_156.pdf
Raideep Industries Ltd.,7,batch_156.pdf
Raideep Industries Ltd.,8,batch_156.pdf
Raideep Industries Ltd.,9,batch_156.pdf
Rail Vikas Nigam Ltd.,7,batch_156.pdf
Rail Vikas Nigam Ltd.,8,batch_156.pdf
Rail Vikas Nigam Ltd.,10,batch_157.pdf
Rail Vikas Nigam Ltd.,11,batch_157.pdf
Railtel Corporation Of India Ltd.,4,batch_157.pdf
Railtel Corporation Of India Ltd.,5,batch_157.pdf
Rain Industries Ltd.,6,batch_157.pdf
Rain Industries Ltd.,7,batch_157.pdf
Rain Industries Ltd.,8,batch_157.pdf
Rain Industries Ltd.,13,batch_157.pdf
Rain Industries Ltd.,14,batch_157.pdf
Rain Industries Ltd.,15,batch_157.pdf
Rain Industries Ltd.,19,batch_158.pdf
Rainbow Childrens Medicare Ltd.,4,batch_158.pdf
Rainbow Childrens Medicare Ltd.,8,batch_158.pdf
Raj Oil Mills Ltd.,4,batch_158.pdf
Raj Oil Mills Ltd.,5,batch_158.pdf
Rajapalayam Mills Ltd.,2,batch_158.pdf
Rajapalayam Mills Ltd.,3,batch_158.pdf
Rajapalayam Mills Ltd.,6,batch_158.pdf
Rajapalayam Mills Ltd.,7,batch_158.pdf
Rajapalayam Mills Ltd.,10,batch_158.pdf
Rajasthan Petro Synthetics Ltd.,3,batch_159.pdf
Rajkot Investment Trust Ltd.,2,batch_159.pdf
Rajkot Investment Trust Ltd.,3,batch_159.pdf
Rajkot Investment Trust Ltd.,4,batch_159.pdf
Rajnish Retail Ltd.,4,batch_159.pdf
Rajnish Wellness Ltd.,4,batch_159.pdf
Rajoo Engineers Ltd.,4,batch_159.pdf
Rajoo Engineers Ltd.,5,batch_159.pdf
Rajoo Engineers Ltd.,8,batch_159.pdf
Rajputana Investment And Finance Ltd.,5,batch_159.pdf
Rajputana Stainless Ltd.,8,batch_160.pdf
Rajputana Stainless Ltd.,9,batch_160.pdf
Rajratan Global Wire Ltd.,2,batch_160.pdf
Rajratan Global Wire Ltd.,3,batch_160.pdf
Rajratan Global Wire Ltd.,4,batch_160.pdf
Rajratan Global Wire Ltd.,5,batch_160.pdf
Rajvi Logitrade Ltd.,4,batch_160.pdf
Rallis India Ltd.,2,batch_160.pdf
Rallis India Ltd.,3,batch_160.pdf
Rallis India Ltd.,4,batch_160.pdf
Ram Ratna Wires Ltd.,4,batch_161.pdf
Ram Ratna Wires Ltd.,5,batch_161.pdf
Ram Ratna Wires Ltd.,8,batch_161.pdf
Ram Ratna Wires Ltd.,10,batch_161.pdf
Ram Ratna Wires Ltd.,11,batch_161.pdf
Rama Paper Mills Ltd.,7,batch_161.pdf
Rama Paper Mills Ltd.,9,batch_161.pdf
Rama Paper Mills Ltd.,10,batch_161.pdf
Rama Paper Mills Ltd.,11,batch_161.pdf
Rama Petrochemicals Ltd.,1,batch_161.pdf
Rama Petrochemicals Ltd.,2,batch_162.pdf
Rama Phosphates Ltd.,1,batch_162.pdf
Rama Phosphates Ltd.,2,batch_162.pdf
Rama Phosphates Ltd.,3,batch_162.pdf
Rama Vision Ltd.,2,batch_162.pdf
Rama Vision Ltd.,3,batch_162.pdf
Ramco Cements Ltd.,2,batch_162.pdf
Ramco Cements Ltd.,3,batch_162.pdf
Ramco Cements Ltd.,4,batch_162.pdf
Ramco Cements Ltd.,5,batch_162.pdf
Ramco Cements Ltd.,6,batch_163.pdf
Ramco Cements Ltd.,7,batch_163.pdf
Ramco Industries Ltd.,2,batch_163.pdf
Ramco Industries Ltd.,3,batch_163.pdf
Ramco Industries Ltd.,4,batch_163.pdf
Ramco Industries Ltd.,5,batch_163.pdf
Ramco Industries Ltd.,6,batch_163.pdf
Ramco Industries Ltd.,7,batch_163.pdf
Ramco Industries Ltd.,8,batch_163.pdf
Ramco Industries Ltd.,9,batch_163.pdf
Ramco Industries Ltd.,10,batch_164.pdf
Ramco Systems Ltd.,3,batch_164.pdf
Ramco Systems Ltd.,4,batch_164.pdf
Ramco Systems Ltd.,7,batch_164.pdf
Ramco Systems Ltd.,8,batch_164.pdf
Ramco Systems Ltd.,12,batch_164.pdf
Ramgopal Polytex Ltd.,2,batch_164.pdf
Ramkrishna Forgings Ltd.,9,batch_164.pdf
Ramkrishna Forgings Ltd.,14,batch_164.pdf
Ramkrishna Forgings Ltd.,15,batch_164.pdf
Ramky Infrastructure Ltd.,8,batch_165.pdf
Ramky Infrastructure Ltd.,9,batch_165.pdf
Ramky Infrastructure Ltd.,14,batch_165.pdf
Ramky Infrastructure Ltd.,16,batch_165.pdf
Ramsons Projects Ltd.,3,batch_165.pdf
Ramsons Projects Ltd.,4,batch_165.pdf
Ramsons Projects Ltd.,5,batch_165.pdf
Rane Holdings Ltd.,2,batch_165.pdf
Rane Holdings Ltd.,3,batch_165.pdf
Rane Holdings Ltd.,4,batch_165.pdf
Rane Madras Ltd.,2,batch_166.pdf
Rane Madras Ltd.,3,batch_166.pdf
Rane Madras Ltd.,4,batch_166.pdf
Rane Madras Ltd.,9,batch_166.pdf
Rane Madras Ltd.,11,batch_166.pdf
Rapicut Carbides Ltd.,4,batch_166.pdf
Ras Resorts & Apart Hotels Ltd.,4,batch_166.pdf
Ras Resorts & Apart Hotels Ltd.,5,batch_166.pdf
Rashi Peripherals Ltd.,1,batch_166.pdf
Rashi Peripherals Ltd.,6,batch_166.pdf
Rashi Peripherals Ltd.,7,batch_167.pdf
Rashi Peripherals Ltd.,11,batch_167.pdf
Rashi Peripherals Ltd.,12,batch_167.pdf
Rashi Peripherals Ltd.,16,batch_167.pdf
Rashi Peripherals Ltd.,23,batch_167.pdf
Rashi Peripherals Ltd.,24,batch_167.pdf
Rashi Peripherals Ltd.,26,batch_167.pdf
Rashtriya Chemicals And Fertilizers Ltd.,6,batch_167.pdf
Rashtriya Chemicals And Fertilizers Ltd.,7,batch_167.pdf
Rashtriya Chemicals And Fertilizers Ltd.,8,batch_167.pdf
Rashtriya Chemicals And Fertilizers Ltd.,9,batch_168.pdf
Rashtriya Chemicals And Fertilizers Ltd.,14,batch_168.pdf
Rashtriya Chemicals And Fertilizers Ltd.,15,batch_168.pdf
Rashtriya Chemicals And Fertilizers Ltd.,16,batch_168.pdf
Rashtriya Chemicals And Fertilizers Ltd.,17,batch_168.pdf
Rashtriya Chemicals And Fertilizers Ltd.,18,batch_168.pdf
Rashtriya Chemicals And Fertilizers Ltd.,20,batch_168.pdf
Rashtriya Chemicals And Fertilizers Ltd.,22,batch_168.pdf
Rategain Travel Technologies Ltd.,4,batch_168.pdf
Rategain Travel Technologies Ltd.,10,batch_168.pdf
Rategain Travel Technologies Ltd.,11,batch_169.pdf
Rathi Bars Ltd.,6,batch_169.pdf
Rathi Bars Ltd.,7,batch_169.pdf
Rathi Graphic Technologies Ltd.,3,batch_169.pdf
Rathi Steel & Power Ltd.,3,batch_169.pdf
Ratnamani Metals & Tubes Ltd.,3,batch_169.pdf
Ratnamani Metals & Tubes Ltd.,7,batch_169.pdf
Ratnamani Metals & Tubes Ltd.,8,batch_169.pdf
Ratnaveer Precision Engineering Ltd.,4,batch_169.pdf
Ratnaveer Precision Engineering Ltd.,5,batch_169.pdf
Ratnaveer Precision Engineering Ltd.,8,batch_170.pdf
Ratnaveer Precision Engineering Ltd.,9,batch_170.pdf
Rattanindia Enterprises Ltd.,2,batch_170.pdf
Rattanindia Enterprises Ltd.,3,batch_170.pdf
Rattanindia Enterprises Ltd.,5,batch_170.pdf
Rattanindia Power Ltd.,2,batch_170.pdf
Rattanindia Power Ltd.,4,batch_170.pdf
Ravalgaon Sugar Farm Ltd.,3,batch_170.pdf
Ravalgaon Sugar Farm Ltd.,4,batch_170.pdf
Ravalgaon Sugar Farm Ltd.,6,batch_170.pdf
Ravileela Granites Ltd.,4,batch_171.pdf
Ravinder Heights Ltd.,4,batch_171.pdf
Ravinder Heights Ltd.,7,batch_171.pdf
Raw Edge Industrial Solutions Ltd.,3,batch_171.pdf
Raymond Lifestyle Ltd.,4,batch_171.pdf
Raymond Lifestyle Ltd.,5,batch_171.pdf
Raymond Lifestyle Ltd.,6,batch_171.pdf
Raymond Lifestyle Ltd.,7,batch_171.pdf
Raymond Lifestyle Ltd.,11,batch_171.pdf
Raymond Lifestyle Ltd.,12,batch_171.pdf
Raymond Lifestyle Ltd.,13,batch_172.pdf
Raymond Lifestyle Ltd.,14,batch_172.pdf
Raymond Lifestyle Ltd.,15,batch_172.pdf
Raymond Ltd.,6,batch_172.pdf
Raymond Ltd.,7,batch_172.pdf
Raymond Ltd.,9,batch_172.pdf
Raymond Ltd.,10,batch_172.pdf
Raymond Ltd.,11,batch_172.pdf
Raymond Ltd.,15,batch_172.pdf
Raymond Ltd.,16,batch_172.pdf
Raymond Ltd.,17,batch_173.pdf
Raymond Ltd.,18,batch_173.pdf
Raymond Ltd.,19,batch_173.pdf
Raymond Realty Ltd.,5,batch_173.pdf
Raymond Realty Ltd.,8,batch_173.pdf
Raymond Realty Ltd.,10,batch_173.pdf
Real Eco-Energy Ltd.,3,batch_173.pdf
Real Eco-Energy Ltd.,4,batch_173.pdf
Real Growth Corporation Ltd.,3,batch_173.pdf
Redington Ltd.,2,batch_173.pdf
Redington Ltd.,3,batch_174.pdf
Redington Ltd.,4,batch_174.pdf
Redington Ltd.,6,batch_174.pdf
Redington Ltd.,11,batch_174.pdf
Redington Ltd.,12,batch_174.pdf
Redtape Ltd.,7,batch_174.pdf
Refex Industries Ltd.,4,batch_174.pdf
Refex Industries Ltd.,5,batch_174.pdf
Refex Industries Ltd.,9,batch_174.pdf
Refex Industries Ltd.,10,batch_174.pdf
Refex Industries Ltd.,11,batch_175.pdf
Refex Renewables & Infrastructure Ltd.,7,batch_175.pdf
Refex Renewables & Infrastructure Ltd.,11,batch_175.pdf
Refex Renewables & Infrastructure Ltd.,14,batch_175.pdf
Refex Renewables & Infrastructure Ltd.,17,batch_175.pdf
Regency Ceramics Ltd.,7,batch_175.pdf
Regency Fincorp Ltd.,5,batch_175.pdf
Regency Fincorp Ltd.,8,batch_175.pdf
Regency Fincorp Ltd.,10,batch_175.pdf
Regency Fincorp Ltd.,13,batch_175.pdf
Regency Fincorp Ltd.,15,batch_176.pdf
Regency Fincorp Ltd.,16,batch_176.pdf
Regency Fincorp Ltd.,18,batch_176.pdf
Regency Fincorp Ltd.,20,batch_176.pdf
Regency Fincorp Ltd.,22,batch_176.pdf
Regency Fincorp Ltd.,27,batch_176.pdf
Regency Fincorp Ltd.,28,batch_176.pdf
Regent Enterprises Ltd.,4,batch_176.pdf
Regis Industries Ltd.,2,batch_176.pdf
Rekvina Laboratories Ltd.,2,batch_176.pdf
Relaxo Footwears Ltd.,3,batch_177.pdf
Reliance Chemotex Industries Ltd.,5,batch_177.pdf
Reliance Communications Ltd.,6,batch_177.pdf
Reliance Communications Ltd.,13,batch_177.pdf
Reliance Communications Ltd.,14,batch_177.pdf
Reliance Communications Ltd.,15,batch_177.pdf
Reliance Communications Ltd.,33,batch_177.pdf
Reliance Communications Ltd.,34,batch_177.pdf
Reliance Communications Ltd.,41,batch_177.pdf
Reliance Communications Ltd.,43,batch_177.pdf
Reliance Communications Ltd.,44,batch_178.pdf
Reliance Industries Ltd.,9,batch_178.pdf
Reliance Industries Ltd.,10,batch_178.pdf
Reliance Industries Ltd.,13,batch_178.pdf
Reliance Industries Ltd.,14,batch_178.pdf
Reliance Industries Ltd.,18,batch_178.pdf
Reliance Industries Ltd.,19,batch_178.pdf
Reliance Industries Ltd.,22,batch_178.pdf
Reliance Industries Ltd.,23,batch_178.pdf
Reliance Power Ltd.,2,batch_178.pdf
Reliance Power Ltd.,3,batch_179.pdf
Reliance Power Ltd.,12,batch_179.pdf
Reliance Power Ltd.,13,batch_179.pdf
Relic Technologies Ltd.,3,batch_179.pdf
Relic Technologies Ltd.,6,batch_179.pdf
Religare Enterprises Ltd.,4,batch_179.pdf
Religare Enterprises Ltd.,5,batch_179.pdf
Religare Enterprises Ltd.,13,batch_179.pdf
Religare Enterprises Ltd.,14,batch_179.pdf
Remi Edelstahl Tubulars Ltd.,4,batch_179.pdf
Remi Edelstahl Tubulars Ltd.,9,batch_180.pdf
Renaissance Global Ltd.,4,batch_180.pdf
Renaissance Global Ltd.,8,batch_180.pdf
Repco Home Finance Ltd.,3,batch_180.pdf
Repco Home Finance Ltd.,4,batch_180.pdf
Repco Home Finance Ltd.,10,batch_180.pdf
Repco Home Finance Ltd.,14,batch_180.pdf
Repro India Ltd.,4,batch_180.pdf
Repro India Ltd.,7,batch_180.pdf
Resonance Specialties Ltd.,6,batch_180.pdf
Resonance Specialties Ltd.,7,batch_181.pdf
Response Informatics Ltd.,4,batch_181.pdf
Response Informatics Ltd.,7,batch_181.pdf
Restaurant Brands Asia Ltd.,4,batch_181.pdf
Restaurant Brands Asia Ltd.,5,batch_181.pdf
Restaurant Brands Asia Ltd.,6,batch_181.pdf
Restaurant Brands Asia Ltd.,10,batch_181.pdf
Restaurant Brands Asia Ltd.,11,batch_181.pdf
Restaurant Brands Asia Ltd.,12,batch_181.pdf
Restaurant Brands Asia Ltd.,13,batch_181.pdf
Restile Ceramics Ltd.,5,batch_182.pdf
Revati Media Ltd.,5,batch_182.pdf
Rexnord Electronics Controls Ltd.,3,batch_182.pdf
Rexnord Electronics Controls Ltd.,6,batch_182.pdf
Rhetan Tmt Ltd.,5,batch_182.pdf
Rich Universe Network Ltd.,2,batch_182.pdf
Rich Universe Network Ltd.,4,batch_182.pdf
Rich Universe Network Ltd.,5,batch_182.pdf
Riddhi Siddhi Gluco Biols Ltd.,4,batch_182.pdf
Riddhi Siddhi Gluco Biols Ltd.,5,batch_182.pdf
Riddhi Siddhi Gluco Biols Ltd.,9,batch_183.pdf
Riddhi Siddhi Gluco Biols Ltd.,10,batch_183.pdf
Riddhi Siddhi Gluco Biols Ltd.,11,batch_183.pdf
Risa International Ltd.,5,batch_183.pdf
Risa International Ltd.,6,batch_183.pdf
Rishab Special Yarns Ltd.,4,batch_183.pdf
Rishi Laser Ltd.,2,batch_183.pdf
Rishiroop Ltd.,5,batch_183.pdf
Ritco Logistics Ltd.,5,batch_183.pdf
Ritco Logistics Ltd.,8,batch_183.pdf
Rites Ltd.,2,batch_184.pdf
Rites Ltd.,3,batch_184.pdf
Rites Ltd.,6,batch_184.pdf
Rites Ltd.,7,batch_184.pdf
Rites Ltd.,11,batch_184.pdf
Rites Ltd.,12,batch_184.pdf
Rites Ltd.,13,batch_184.pdf
Ritesh International Ltd.,2,batch_184.pdf
Riyaasat Lifestyle Ltd.,5,batch_184.pdf
Riyaasat Lifestyle Ltd.,6,batch_184.pdf
Riyaasat Lifestyle Ltd.,7,batch_185.pdf
Robust Hotels Ltd.,5,batch_185.pdf
Rolcon Engineering Co Ltd.,3,batch_185.pdf
Rolcon Engineering Co Ltd.,6,batch_185.pdf
Rolex Rings Ltd.,2,batch_185.pdf
Rolex Rings Ltd.,3,batch_185.pdf
Rollatainers Ltd.,3,batch_185.pdf
Rollatainers Ltd.,4,batch_185.pdf
Rollatainers Ltd.,6,batch_185.pdf
Roselabs Finance Ltd.,3,batch_185.pdf
Rossari Biotech Ltd.,11,batch_186.pdf
Rossari Biotech Ltd.,12,batch_186.pdf
Rossari Biotech Ltd.,16,batch_186.pdf
Rossell India Ltd.,7,batch_186.pdf
Rossell India Ltd.,8,batch_186.pdf
Rossell Techsys Ltd.,8,batch_186.pdf
Rossell Techsys Ltd.,9,batch_186.pdf
Rossell Techsys Ltd.,10,batch_186.pdf
Roto Pumps Ltd.,7,batch_186.pdf
Roto Pumps Ltd.,8,batch_186.pdf
Roto Pumps Ltd.,11,batch_187.pdf
Roto Pumps Ltd.,12,batch_187.pdf
Rotographics (India) Ltd.,2,batch_187.pdf
Rotographics (India) Ltd.,2,batch_187.pdf
Route Mobile Ltd.,6,batch_187.pdf
Route Mobile Ltd.,7,batch_187.pdf
Route Mobile Ltd.,8,batch_187.pdf
Route Mobile Ltd.,11,batch_187.pdf
Route Mobile Ltd.,12,batch_187.pdf
Royal Orchid Hotels Ltd.,5,batch_187.pdf
Royal Orchid Hotels Ltd.,6,batch_188.pdf
Royal Orchid Hotels Ltd.,10,batch_188.pdf
Royal Orchid Hotels Ltd.,11,batch_188.pdf
Royal Orchid Hotels Ltd.,12,batch_188.pdf
Royal Orchid Hotels Ltd.,14,batch_188.pdf
Royale Manor Hotels & Industries Ltd.,2,batch_188.pdf
Ruby Mills Ltd.,2,batch_188.pdf
Ruby Mills Ltd.,3,batch_188.pdf
Ruby Mills Ltd.,6,batch_188.pdf
Ruby Mills Ltd.,7,batch_188.pdf
Ruby Mills Ltd.,11,batch_189.pdf
Ruchi Infrastructure Ltd.,4,batch_189.pdf
Ruchi Infrastructure Ltd.,5,batch_189.pdf
Ruchi Infrastructure Ltd.,9,batch_189.pdf
Ruchi Infrastructure Ltd.,10,batch_189.pdf
Ruchira Papers Ltd.,6,batch_189.pdf
Rudra Ecovation Ltd.,4,batch_189.pdf
Rushil Decor Ltd.,5,batch_189.pdf
Rushil Decor Ltd.,6,batch_189.pdf
Rushil Decor Ltd.,9,batch_189.pdf
Rushil Decor Ltd.,10,batch_190.pdf
S H Kelkar And Company Ltd.,5,batch_190.pdf
S H Kelkar And Company Ltd.,6,batch_190.pdf
S H Kelkar And Company Ltd.,9,batch_190.pdf
S H Kelkar And Company Ltd.,11,batch_190.pdf
S&T Corp Ltd.,5,batch_190.pdf
S&T Corp Ltd.,6,batch_190.pdf
S.J.S. Enterprises Ltd.,5,batch_190.pdf
S.J.S. Enterprises Ltd.,6,batch_190.pdf
S.J.S. Enterprises Ltd.,9,batch_190.pdf
S.J.S. Enterprises Ltd.,13,batch_191.pdf
S.P. Apparels Ltd.,3,batch_191.pdf
S.P. Apparels Ltd.,7,batch_191.pdf
S.P. Apparels Ltd.,8,batch_191.pdf
S.P. Apparels Ltd.,11,batch_191.pdf
S.P. Apparels Ltd.,12,batch_191.pdf
SBFC Finance Ltd.,4,batch_191.pdf
SBFC Finance Ltd.,5,batch_191.pdf
SBFC Finance Ltd.,6,batch_191.pdf
SBFC Finance Ltd.,7,batch_191.pdf
SBFC Finance Ltd.,13,batch_192.pdf
SBI Cards And Payment Services Ltd.,2,batch_192.pdf
SBI Cards And Payment Services Ltd.,5,batch_192.pdf
SBI Funds Management Ltd.,5,batch_192.pdf
SBI Funds Management Ltd.,8,batch_192.pdf
SEPC Ltd.,2,batch_192.pdf
SEPC Ltd.,3,batch_192.pdf
SEPC Ltd.,5,batch_192.pdf
SEPC Ltd.,7,batch_192.pdf
SEPC Ltd.,8,batch_192.pdf
SEPC Ltd.,10,batch_193.pdf
SG Finserve Ltd.,8,batch_193.pdf
SG Finserve Ltd.,9,batch_193.pdf
SG Finserve Ltd.,11,batch_193.pdf
SG Finserve Ltd.,14,batch_193.pdf
SG Mart Ltd.,13,batch_193.pdf
SG Mart Ltd.,14,batch_193.pdf
SGL Resources Ltd.,7,batch_193.pdf
SGL Resources Ltd.,8,batch_193.pdf
SGL Resources Ltd.,9,batch_193.pdf
SGL Resources Ltd.,10,batch_194.pdf
SGL Resources Ltd.,13,batch_194.pdf
SGL Resources Ltd.,14,batch_194.pdf
SGL Resources Ltd.,15,batch_194.pdf
SGL Resources Ltd.,16,batch_194.pdf
SGN Telecoms Ltd.,2,batch_194.pdf
SIL Investments Ltd.,2,batch_194.pdf
SIL Investments Ltd.,5,batch_194.pdf
SIS Ltd.,3,batch_194.pdf
SIS Ltd.,4,batch_194.pdf
SIS Ltd.,6,batch_195.pdf
SIS Ltd.,7,batch_195.pdf
SIS Ltd.,8,batch_195.pdf
SIS Ltd.,9,batch_195.pdf
SIS Ltd.,10,batch_195.pdf
SIS Ltd.,11,batch_195.pdf
SIS Ltd.,12,batch_195.pdf
SIS Ltd.,13,batch_195.pdf
SIS Ltd.,14,batch_195.pdf
SIS Ltd.,15,batch_195.pdf
SIS Ltd.,17,batch_196.pdf
SIS Ltd.,26,batch_196.pdf
SIS Ltd.,27,batch_196.pdf
SIS Ltd.,29,batch_196.pdf
SJVN Ltd.,5,batch_196.pdf
SJVN Ltd.,6,batch_196.pdf
SJVN Ltd.,12,batch_196.pdf
SJVN Ltd.,13,batch_196.pdf
SJVN Ltd.,14,batch_196.pdf
SJVN Ltd.,16,batch_196.pdf
SJVN Ltd.,19,batch_197.pdf
SJVN Ltd.,21,batch_197.pdf
SKF India (Industrial) Ltd.,2,batch_197.pdf
SKF India (Industrial) Ltd.,8,batch_197.pdf
SKF India Ltd.,3,batch_197.pdf
SKF India Ltd.,5,batch_197.pdf
SKF India Ltd.,8,batch_197.pdf
SKM Egg Products Export (India) Ltd.,2,batch_197.pdf
SKM Egg Products Export (India) Ltd.,3,batch_197.pdf
SKP Securities Ltd.,3,batch_197.pdf
SM Gold Ltd.,2,batch_198.pdf
SML Mahindra Ltd.,2,batch_198.pdf
SML Mahindra Ltd.,4,batch_198.pdf
SMS Pharmaceuticals Ltd.,4,batch_198.pdf
SMS Pharmaceuticals Ltd.,7,batch_198.pdf
SMS Pharmaceuticals Ltd.,8,batch_198.pdf
SMT Engineering Ltd.,3,batch_198.pdf
SMT Engineering Ltd.,4,batch_198.pdf
SMT Engineering Ltd.,5,batch_198.pdf
SMT Engineering Ltd.,7,batch_198.pdf
SMT Engineering Ltd.,9,batch_199.pdf
SNL Bearings Ltd.,4,batch_199.pdf
SPA Capital Services Ltd.,2,batch_199.pdf
SPA Capital Services Ltd.,4,batch_199.pdf
SPA Capital Services Ltd.,5,batch_199.pdf
SPL Industries Ltd.,4,batch_199.pdf
SPL Industries Ltd.,5,batch_199.pdf
SPML Infra Ltd.,2,batch_199.pdf
SPML Infra Ltd.,6,batch_199.pdf
SPML Infra Ltd.,9,batch_199.pdf
SPML Infra Ltd.,13,batch_200.pdf
SPR Auto Technologies Ltd.,5,batch_200.pdf
SPR Auto Technologies Ltd.,6,batch_200.pdf
SPR Auto Technologies Ltd.,11,batch_200.pdf
SPR Auto Technologies Ltd.,12,batch_200.pdf
SPR Auto Technologies Ltd.,14,batch_200.pdf
SPR Auto Technologies Ltd.,21,batch_200.pdf
SPV Global Trading Ltd.,7,batch_200.pdf
SRF Ltd.,4,batch_200.pdf
SRF Ltd.,5,batch_200.pdf
SRF Ltd.,6,batch_201.pdf
SRF Ltd.,11,batch_201.pdf
SRF Ltd.,12,batch_201.pdf
SRF Ltd.,13,batch_201.pdf
SRG Housing Finance Ltd.,3,batch_201.pdf
SRG Housing Finance Ltd.,5,batch_201.pdf
SRG Housing Finance Ltd.,10,batch_201.pdf
SRG Housing Finance Ltd.,11,batch_201.pdf
SRG Housing Finance Ltd.,12,batch_201.pdf
SRM Contractors Ltd.,4,batch_201.pdf
SRM Contractors Ltd.,9,batch_202.pdf
SV Trading & Agencies Ltd.,13,batch_202.pdf
SW Investments Ltd.,2,batch_202.pdf
Sab Events & Governance Now Media Ltd.,2,batch_202.pdf
Sab Industries Ltd.,4,batch_202.pdf
Sab Industries Ltd.,5,batch_202.pdf
Sab Industries Ltd.,8,batch_202.pdf
Sab Industries Ltd.,9,batch_202.pdf
Saboo Sodium Chloro Ltd.,1,batch_202.pdf
Saboo Sodium Chloro Ltd.,2,batch_202.pdf
Saboo Sodium Chloro Ltd.,3,batch_203.pdf
Sabrimala Industries India Ltd.,5,batch_203.pdf
Sabrimala Industries India Ltd.,6,batch_203.pdf
Sabrimala Industries India Ltd.,10,batch_203.pdf
Sabrimala Industries India Ltd.,11,batch_203.pdf
Sacheta Metals Ltd.,3,batch_203.pdf
Sadbhav Engineering Ltd.,6,batch_203.pdf
Sadbhav Engineering Ltd.,14,batch_203.pdf
Sadbhav Engineering Ltd.,15,batch_203.pdf
Sadbhav Engineering Ltd.,18,batch_203.pdf
Sadbhav Engineering Ltd.,19,batch_204.pdf
Sadbhav Engineering Ltd.,25,batch_204.pdf
Sadbhav Infrastructure Project Ltd.,7,batch_204.pdf
Sadbhav Infrastructure Project Ltd.,10,batch_204.pdf
Sadbhav Infrastructure Project Ltd.,17,batch_204.pdf
Sadbhav Infrastructure Project Ltd.,18,batch_204.pdf
Sadbhav Infrastructure Project Ltd.,19,batch_204.pdf
Sadbhav Infrastructure Project Ltd.,21,batch_204.pdf
Safari Industries (India) Ltd.,8,batch_204.pdf
Saffron Industries Ltd.,3,batch_204.pdf
Saffron Industries Ltd.,4,batch_205.pdf
Saffron Industries Ltd.,5,batch_205.pdf
Saffron Industries Ltd.,6,batch_205.pdf
Saffron Industries Ltd.,7,batch_205.pdf
Sagar Cements Ltd.,4,batch_205.pdf
Sagar Cements Ltd.,8,batch_205.pdf
Sagarsoft India Ltd.,4,batch_205.pdf
Sagarsoft India Ltd.,9,batch_205.pdf
Sagility Ltd.,4,batch_205.pdf
Sagility Ltd.,6,batch_205.pdf
Sagility Ltd.,10,batch_206.pdf
Sagility Ltd.,14,batch_206.pdf
Sagility Ltd.,15,batch_206.pdf
Sahara Housingfina Corp Ltd.,3,batch_206.pdf
Sahara Housingfina Corp Ltd.,3,batch_206.pdf
Sahyadri Industries Ltd.,3,batch_206.pdf
Sahyadri Industries Ltd.,4,batch_206.pdf
Sai Capital Ltd.,3,batch_206.pdf
Sai Capital Ltd.,4,batch_206.pdf
Sai Capital Ltd.,7,batch_206.pdf
Sai Capital Ltd.,8,batch_207.pdf
Sai Life Sciences Ltd.,2,batch_207.pdf
Sai Life Sciences Ltd.,5,batch_207.pdf
Sai Life Sciences Ltd.,6,batch_207.pdf
Sai Parenterals Ltd.,12,batch_207.pdf
Sai Parenterals Ltd.,14,batch_207.pdf
Sai Parenterals Ltd.,20,batch_207.pdf
Sai Silks (Kalamandir) Ltd.,3,batch_207.pdf
Sai Silks (Kalamandir) Ltd.,4,batch_207.pdf
Sai Silks (Kalamandir) Ltd.,5,batch_207.pdf
Saianand Commercial Ltd.,2,batch_208.pdf
Sainik Finance & Industries Ltd.,3,batch_208.pdf
Sainik Finance & Industries Ltd.,9,batch_208.pdf
Saksoft Ltd.,6,batch_208.pdf
Saksoft Ltd.,7,batch_208.pdf
Saksoft Ltd.,11,batch_208.pdf
Sakthi Sugars Ltd.,4,batch_208.pdf
Sakthi Sugars Ltd.,5,batch_208.pdf
Sakuma Exports Ltd.,2,batch_208.pdf
Sakuma Exports Ltd.,4,batch_208.pdf
Sakuma Exports Ltd.,8,batch_209.pdf
Sal Automotive Ltd.,3,batch_209.pdf
Sal Automotive Ltd.,4,batch_209.pdf
Sal Automotive Ltd.,7,batch_209.pdf
Sal Steel Ltd.,3,batch_209.pdf
Sal Steel Ltd.,5,batch_209.pdf
Sal Steel Ltd.,7,batch_209.pdf
Salasar Techno Engineering Ltd.,3,batch_209.pdf
Salasar Techno Engineering Ltd.,4,batch_209.pdf
Salasar Techno Engineering Ltd.,7,batch_209.pdf
Salasar Techno Engineering Ltd.,8,batch_210.pdf
Salora International Ltd.,1,batch_210.pdf
Salora International Ltd.,3,batch_210.pdf
Salzer Electronics Ltd.,3,batch_210.pdf
Salzer Electronics Ltd.,7,batch_210.pdf
Salzer Electronics Ltd.,12,batch_210.pdf
Salzer Electronics Ltd.,13,batch_210.pdf
Salzer Electronics Ltd.,14,batch_210.pdf
Sam Industries Ltd.,2,batch_210.pdf
Sam Industries Ltd.,5,batch_210.pdf
Sam Industries Ltd.,6,batch_211.pdf
Sam Industries Ltd.,7,batch_211.pdf
Sambandam Spinning Mills Ltd.,2,batch_211.pdf
Sambandam Spinning Mills Ltd.,6,batch_211.pdf
Sambhaav Media Ltd.,2,batch_211.pdf
Sambhaav Media Ltd.,3,batch_211.pdf
Sambhaav Media Ltd.,6,batch_211.pdf
Sambhv Steel Tubes Ltd.,3,batch_211.pdf
Sambhv Steel Tubes Ltd.,6,batch_211.pdf
Sambhv Steel Tubes Ltd.,7,batch_211.pdf
Sambhv Steel Tubes Ltd.,10,batch_212.pdf
Sambhv Steel Tubes Ltd.,11,batch_212.pdf
Samhi Hotels Ltd.,8,batch_212.pdf
Samhi Hotels Ltd.,9,batch_212.pdf
Samhi Hotels Ltd.,13,batch_212.pdf
Samhi Hotels Ltd.,14,batch_212.pdf
Samkrg Pistons & Rings Ltd.,2,batch_212.pdf
Sammaan Capital Ltd.,8,batch_212.pdf
Sammaan Capital Ltd.,9,batch_212.pdf
Sammaan Capital Ltd.,16,batch_212.pdf
Sammaan Capital Ltd.,17,batch_213.pdf
Sammaan Capital Ltd.,18,batch_213.pdf
Sammaan Capital Ltd.,23,batch_213.pdf
Sammaan Capital Ltd.,24,batch_213.pdf
Sammaan Capital Ltd.,29,batch_213.pdf
Sammaan Capital Ltd.,33,batch_213.pdf
Sampann Utpadan India Ltd.,3,batch_213.pdf
Sampann Utpadan India Ltd.,4,batch_213.pdf
Sampann Utpadan India Ltd.,5,batch_213.pdf
Sampann Utpadan India Ltd.,7,batch_213.pdf
Sampann Utpadan India Ltd.,8,batch_214.pdf
Sampann Utpadan India Ltd.,9,batch_214.pdf
Sampark India Logistics Ltd.,6,batch_214.pdf
Sampark India Logistics Ltd.,7,batch_214.pdf
Sampark India Logistics Ltd.,8,batch_214.pdf
Sampre Nutritions Ltd.,3,batch_214.pdf
Sampre Nutritions Ltd.,5,batch_214.pdf
Samrat Forgings Ltd.,2,batch_214.pdf
Samsrita Labs Ltd.,2,batch_214.pdf
Samsrita Labs Ltd.,6,batch_214.pdf
Samtel India Ltd,3,batch_215.pdf
Samtel India Ltd,5,batch_215.pdf
Samtel India Ltd,6,batch_215.pdf
Samvardhana Motherson International Ltd.,4,batch_215.pdf
Samvardhana Motherson International Ltd.,5,batch_215.pdf
Samvardhana Motherson International Ltd.,6,batch_215.pdf
Samvardhana Motherson International Ltd.,7,batch_215.pdf
Samvardhana Motherson International Ltd.,8,batch_215.pdf
Samvardhana Motherson International Ltd.,9,batch_215.pdf
Samvardhana Motherson International Ltd.,10,batch_215.pdf
Samvardhana Motherson International Ltd.,11,batch_216.pdf
Sanathan Textiles Ltd.,3,batch_216.pdf
Sanathan Textiles Ltd.,7,batch_216.pdf
Sanathan Textiles Ltd.,14,batch_216.pdf
Sanathnagar Enterprises Ltd.,3,batch_216.pdf
Sanchay Finvest Ltd.,1,batch_216.pdf
Sanchay Finvest Ltd.,5,batch_216.pdf
Sanchay Finvest Ltd.,6,batch_216.pdf
Sanco Trans Ltd.,2,batch_216.pdf
Sanco Trans Ltd.,3,batch_216.pdf
Sandesh Ltd.,4,batch_217.pdf
Sandesh Ltd.,6,batch_217.pdf
Sandesh Ltd.,8,batch_217.pdf
Sandesh Ltd.,10,batch_217.pdf
Sandesh Ltd.,18,batch_217.pdf
Sandesh Ltd.,19,batch_217.pdf
Sandesh Ltd.,20,batch_217.pdf
Sandesh Ltd.,25,batch_217.pdf
Sandesh Ltd.,26,batch_217.pdf
Sandesh Ltd.,27,batch_217.pdf
Sandesh Ltd.,28,batch_218.pdf
Sandesh Ltd.,29,batch_218.pdf
Sandhar Technologies Ltd.,6,batch_218.pdf
Sandhar Technologies Ltd.,10,batch_218.pdf
Sandhar Technologies Ltd.,11,batch_218.pdf
Sandhar Technologies Ltd.,12,batch_218.pdf
Sandu Pharmaceuticals Ltd.,7,batch_218.pdf
Sandur Manganese & Iron Ores Ltd.,4,batch_218.pdf
Sandur Manganese & Iron Ores Ltd.,5,batch_218.pdf
Sandur Manganese & Iron Ores Ltd.,9,batch_218.pdf
Sandur Manganese & Iron Ores Ltd.,10,batch_219.pdf
Sangal Papers Ltd.,3,batch_219.pdf
Sangam (India) Ltd.,3,batch_219.pdf
Sangam (India) Ltd.,4,batch_219.pdf
Sangam (India) Ltd.,5,batch_219.pdf
Sangam (India) Ltd.,7,batch_219.pdf
Sangam (India) Ltd.,10,batch_219.pdf
Sangam Health Care Products Ltd.,4,batch_219.pdf
Sanghvi Movers Ltd.,2,batch_219.pdf
Sanghvi Movers Ltd.,3,batch_219.pdf
Sanghvi Movers Ltd.,5,batch_220.pdf
Sanghvi Movers Ltd.,6,batch_220.pdf
Sanofi Consumer Healthcare India Ltd.,4,batch_220.pdf
Sanofi Consumer Healthcare India Ltd.,6,batch_220.pdf
Sanofi Consumer Healthcare India Ltd.,8,batch_220.pdf
Sanofi India Ltd.,6,batch_220.pdf
Sanofi India Ltd.,8,batch_220.pdf
Sansera Engineering Ltd.,6,batch_220.pdf
Sansera Engineering Ltd.,10,batch_220.pdf
Sanstar Ltd.,6,batch_220.pdf
Sanstar Ltd.,7,batch_221.pdf
Sanstar Ltd.,10,batch_221.pdf
Sanstar Ltd.,11,batch_221.pdf
Sanstar Ltd.,12,batch_221.pdf
Sanstar Ltd.,13,batch_221.pdf
Santosh Fine Fab Ltd.,2,batch_221.pdf
Sapphire Foods India Ltd.,4,batch_221.pdf
Sapphire Foods India Ltd.,8,batch_221.pdf
Saptak Chem And Business Ltd.,3,batch_221.pdf
Sar Auto Products Ltd.,3,batch_221.pdf
Sarla Performance Fibers Ltd.,8,batch_222.pdf
Sarla Performance Fibers Ltd.,9,batch_222.pdf
Sarla Performance Fibers Ltd.,10,batch_222.pdf
Sarla Performance Fibers Ltd.,11,batch_222.pdf
Sarthak Global Ltd.,1,batch_222.pdf
Sarthak Global Ltd.,3,batch_222.pdf
Sarthak Global Ltd.,4,batch_222.pdf
Sarthak Global Ltd.,5,batch_222.pdf
Sarthak Industries Ltd.,3,batch_222.pdf
Sarthak Industries Ltd.,4,batch_222.pdf
Sarthak Metals Ltd.,4,batch_223.pdf
Sarthak Metals Ltd.,5,batch_223.pdf
Sarvamangal Mercantile Co Ltd.,4,batch_223.pdf
Sarveshwar Foods Ltd.,4,batch_223.pdf
Sarveshwar Foods Ltd.,5,batch_223.pdf
Sarveshwar Foods Ltd.,6,batch_223.pdf
Sarveshwar Foods Ltd.,8,batch_223.pdf
Sarveshwar Foods Ltd.,8,batch_223.pdf
Sarveshwar Foods Ltd.,9,batch_223.pdf
Sarvottam Finvest Ltd.,2,batch_223.pdf
Sasken Technologies Ltd.,7,batch_224.pdf
Sasken Technologies Ltd.,8,batch_224.pdf
Sasken Technologies Ltd.,13,batch_224.pdf
Sasken Technologies Ltd.,15,batch_224.pdf
Sasken Technologies Ltd.,33,batch_224.pdf
Sasken Technologies Ltd.,34,batch_224.pdf
Sasken Technologies Ltd.,35,batch_224.pdf
Sasken Technologies Ltd.,36,batch_224.pdf
Sasken Technologies Ltd.,37,batch_224.pdf
Sasken Technologies Ltd.,42,batch_224.pdf
Sasken Technologies Ltd.,44,batch_225.pdf
Sasken Technologies Ltd.,45,batch_225.pdf
Sasken Technologies Ltd.,46,batch_225.pdf
Sasken Technologies Ltd.,47,batch_225.pdf
Sasken Technologies Ltd.,52,batch_225.pdf
Satani Bearings Ltd.,2,batch_225.pdf
Satchmo Holdings Ltd.,5,batch_225.pdf
Satchmo Holdings Ltd.,7,batch_225.pdf
Satchmo Holdings Ltd.,11,batch_225.pdf
Satchmo Holdings Ltd.,12,batch_225.pdf
Satchmo Holdings Ltd.,13,batch_226.pdf
Satiate Agri Ltd.,3,batch_226.pdf
Satin Creditcare Network Ltd.,4,batch_226.pdf
Satin Creditcare Network Ltd.,6,batch_226.pdf
Satin Creditcare Network Ltd.,7,batch_226.pdf
Satin Creditcare Network Ltd.,10,batch_226.pdf
Satin Creditcare Network Ltd.,12,batch_226.pdf
Satin Creditcare Network Ltd.,14,batch_226.pdf
Saumya Consultants Ltd.,2,batch_226.pdf
Saurashtra Cement Ltd.,5,batch_226.pdf
Saurashtra Cement Ltd.,6,batch_227.pdf
Saven Technologies Ltd.,3,batch_227.pdf
Savera Industries Ltd.,5,batch_227.pdf
Savita Oil Technologies Ltd.,3,batch_227.pdf
Savita Oil Technologies Ltd.,4,batch_227.pdf
Savita Oil Technologies Ltd.,6,batch_227.pdf
Savita Oil Technologies Ltd.,7,batch_227.pdf
Sayaji Hotels (Indore) Ltd.,5,batch_227.pdf
Sayaji Hotels (Pune) Ltd.,2,batch_227.pdf
Sayaji Hotels (Pune) Ltd.,3,batch_227.pdf
Sayaji Hotels (Pune) Ltd.,4,batch_228.pdf
Sayaji Hotels (Pune) Ltd.,7,batch_228.pdf
Sayaji Hotels Ltd.,4,batch_228.pdf
Sayaji Hotels Ltd.,8,batch_228.pdf
Sayaji Hotels Ltd.,9,batch_228.pdf
Sayaji Industries Ltd.,4,batch_228.pdf
Sayaji Industries Ltd.,5,batch_228.pdf
Sayaji Industries Ltd.,8,batch_228.pdf
Sayaji Industries Ltd.,9,batch_228.pdf
Sayaji Industries Ltd.,10,batch_228.pdf
Scan Projects Ltd.,2,batch_229.pdf
Scan Projects Ltd.,3,batch_229.pdf
Scan Projects Ltd.,4,batch_229.pdf
Scan Steels Ltd.,3,batch_229.pdf
Scan Steels Ltd.,4,batch_229.pdf
Scan Steels Ltd.,5,batch_229.pdf
Scan Steels Ltd.,6,batch_229.pdf
Scan Steels Ltd.,7,batch_229.pdf
Scan Steels Ltd.,10,batch_229.pdf
Scan Steels Ltd.,16,batch_229.pdf
Schaeffler India Ltd.,6,batch_230.pdf
Schaeffler India Ltd.,7,batch_230.pdf
Schaeffler India Ltd.,8,batch_230.pdf
Schaeffler India Ltd.,9,batch_230.pdf
Schaeffler India Ltd.,12,batch_230.pdf
Schaeffler India Ltd.,13,batch_230.pdf
Schaeffler India Ltd.,14,batch_230.pdf
Schaeffler India Ltd.,15,batch_230.pdf
Schneider Electric President Systems Ltd.,4,batch_230.pdf
Scintilla Commercial & Credit Ltd.,5,batch_230.pdf
Scoda Tubes Ltd.,2,batch_231.pdf
Seamec Ltd.,4,batch_231.pdf
Seamec Ltd.,5,batch_231.pdf
Seamec Ltd.,8,batch_231.pdf
Seamec Ltd.,9,batch_231.pdf
Secmark Consultancy Ltd.,2,batch_231.pdf
Secmark Consultancy Ltd.,4,batch_231.pdf
Secur Credentials Ltd.,9,batch_231.pdf
Secur Credentials Ltd.,10,batch_231.pdf
Secur Credentials Ltd.,11,batch_231.pdf
Secur Credentials Ltd.,12,batch_232.pdf
Secur Credentials Ltd.,13,batch_232.pdf
Securekloud Technologies Ltd.,6,batch_232.pdf
Securekloud Technologies Ltd.,9,batch_232.pdf
Securekloud Technologies Ltd.,13,batch_232.pdf
Securekloud Technologies Ltd.,14,batch_232.pdf
Securekloud Technologies Ltd.,17,batch_232.pdf
Sedemac Mechatronics Ltd.,4,batch_232.pdf
Sedemac Mechatronics Ltd.,5,batch_232.pdf
Seemax Resources Ltd.,2,batch_232.pdf
Seemax Resources Ltd.,3,batch_233.pdf
Seemax Resources Ltd.,4,batch_233.pdf
Sel Manufacturing Company Ltd.,3,batch_233.pdf
Senores Pharmaceuticals Ltd.,5,batch_233.pdf
Senores Pharmaceuticals Ltd.,7,batch_233.pdf
Senores Pharmaceuticals Ltd.,11,batch_233.pdf
Senores Pharmaceuticals Ltd.,12,batch_233.pdf
Senores Pharmaceuticals Ltd.,14,batch_233.pdf
Senthil Infotek Ltd.,2,batch_233.pdf
Seshaasai Technologies Ltd.,7,batch_233.pdf
Seshaasai Technologies Ltd.,8,batch_234.pdf
Seshaasai Technologies Ltd.,11,batch_234.pdf
Seshaasai Technologies Ltd.,12,batch_234.pdf
Seshasayee Paper and Boards Ltd.,2,batch_234.pdf
Seshasayee Paper and Boards Ltd.,3,batch_234.pdf
Seshasayee Paper and Boards Ltd.,4,batch_234.pdf
Seshasayee Paper and Boards Ltd.,10,batch_234.pdf
Seshasayee Paper and Boards Ltd.,11,batch_234.pdf
Seshasayee Paper and Boards Ltd.,13,batch_234.pdf
Shadowfax Technologies Ltd.,4,batch_234.pdf
Shadowfax Technologies Ltd.,8,batch_235.pdf
Shah Construction Co Ltd.,9,batch_235.pdf
Shaily Engineering Plastics Ltd.,4,batch_235.pdf
Shaily Engineering Plastics Ltd.,7,batch_235.pdf
Shakti Press Ltd.,3,batch_235.pdf
Shakti Pumps India Ltd.,5,batch_235.pdf
Shakti Pumps India Ltd.,6,batch_235.pdf
Shakti Pumps India Ltd.,7,batch_235.pdf
Shakti Pumps India Ltd.,10,batch_235.pdf
Shalby Ltd.,4,batch_235.pdf
Shalby Ltd.,5,batch_236.pdf
Shalby Ltd.,6,batch_236.pdf
Shalby Ltd.,9,batch_236.pdf
Shalby Ltd.,14,batch_236.pdf
Shalby Ltd.,16,batch_236.pdf
Shalibhadra Finance Ltd.,3,batch_236.pdf
Shalibhadra Finance Ltd.,6,batch_236.pdf
Shalibhadra Finance Ltd.,9,batch_236.pdf
Shalimar Paints Ltd.,16,batch_236.pdf
Shalimar Paints Ltd.,18,batch_236.pdf
Shalimar Paints Ltd.,19,batch_237.pdf
Shalimar Paints Ltd.,20,batch_237.pdf
Shalimar Paints Ltd.,21,batch_237.pdf
Shalimar Paints Ltd.,22,batch_237.pdf
Shalimar Paints Ltd.,24,batch_237.pdf
Shalimar Paints Ltd.,25,batch_237.pdf
Shalimar Paints Ltd.,26,batch_237.pdf
Shalimar Paints Ltd.,27,batch_237.pdf
Shalimar Productions Ltd.,2,batch_237.pdf
Shankara Building Products Ltd.,2,batch_237.pdf
Shankara Building Products Ltd.,3,batch_238.pdf
Shankara Building Products Ltd.,8,batch_238.pdf
Shankara Buildpro Ltd.,3,batch_238.pdf
Shankara Buildpro Ltd.,5,batch_238.pdf
Shankara Buildpro Ltd.,6,batch_238.pdf
Shanthi Gears Ltd.,3,batch_238.pdf
Shanti Educational Initiatives Ltd.,2,batch_238.pdf
Shanti Educational Initiatives Ltd.,8,batch_238.pdf
Shanti Educational Initiatives Ltd.,11,batch_238.pdf
Shanti Gold International Ltd.,4,batch_238.pdf
Shanti Gold International Ltd.,7,batch_239.pdf
Sharda Cropchem Ltd.,10,batch_239.pdf
Sharda Cropchem Ltd.,11,batch_239.pdf
Sharda Ispat Ltd.,3,batch_239.pdf
Shardul Securities Ltd.,4,batch_239.pdf
Shardul Securities Ltd.,9,batch_239.pdf
Shardul Securities Ltd.,10,batch_239.pdf
Share India Securities Ltd.,4,batch_239.pdf
Sharika Enterprises Ltd.,5,batch_239.pdf
Sharika Enterprises Ltd.,9,batch_239.pdf
Sharp India Ltd.,4,batch_240.pdf
Sharp India Ltd.,6,batch_240.pdf
Sharp Investments Ltd.,4,batch_240.pdf
Sharp Investments Ltd.,5,batch_240.pdf
Sharpline Broadcast Ltd.,4,batch_240.pdf
Sharpline Broadcast Ltd.,6,batch_240.pdf
Sheela Foam Ltd.,3,batch_240.pdf
Sheela Foam Ltd.,4,batch_240.pdf
Sheela Foam Ltd.,5,batch_240.pdf
Sheela Foam Ltd.,9,batch_240.pdf
Sheela Foam Ltd.,10,batch_241.pdf
Sheela Foam Ltd.,11,batch_241.pdf
Shemaroo Entertainment Ltd.,4,batch_241.pdf
Shemaroo Entertainment Ltd.,5,batch_241.pdf
Shemaroo Entertainment Ltd.,8,batch_241.pdf
Shentracon Chemicals Ltd.,4,batch_241.pdf
Sheraton Properties And Finance Ltd.,4,batch_241.pdf
Shervani Industrial Syndicate Ltd.,4,batch_241.pdf
Shervani Industrial Syndicate Ltd.,7,batch_241.pdf
Sheshadri Industries Ltd.,2,batch_241.pdf
Shikhar Leasing & Trading Ltd.,3,batch_242.pdf
Shilp Gravures Ltd.,5,batch_242.pdf
Shilp Gravures Ltd.,6,batch_242.pdf
Shilpa Medicare Ltd.,3,batch_242.pdf
Shilpa Medicare Ltd.,4,batch_242.pdf
Shilpa Medicare Ltd.,5,batch_242.pdf
Shilpa Medicare Ltd.,6,batch_242.pdf
Shilpa Medicare Ltd.,13,batch_242.pdf
Shilpa Medicare Ltd.,15,batch_242.pdf
Shipping Corp Of India Ltd.,4,batch_242.pdf
Shipping Corp Of India Ltd.,5,batch_243.pdf
Shipping Corp Of India Ltd.,11,batch_243.pdf
Shipping Corp Of India Ltd.,12,batch_243.pdf
Shipping Corporation Of India Land And Assets Ltd.,4,batch_243.pdf
Shipping Corporation Of India Land And Assets Ltd.,5,batch_243.pdf
Shish Industries Ltd.,2,batch_243.pdf
Shish Industries Ltd.,3,batch_243.pdf
Shish Industries Ltd.,6,batch_243.pdf
Shish Industries Ltd.,7,batch_243.pdf
Shish Industries Ltd.,10,batch_243.pdf
Shish Industries Ltd.,11,batch_244.pdf
Shiva Cement Ltd.,2,batch_244.pdf
Shiva Granito Export Ltd.,6,batch_244.pdf
Shiva Granito Export Ltd.,7,batch_244.pdf
Shiva Granito Export Ltd.,8,batch_244.pdf
Shiva Granito Export Ltd.,9,batch_244.pdf
Shiva Mills Ltd.,2,batch_244.pdf
Shiva Texyarn Ltd.,2,batch_244.pdf
Shivagrico Implements Ltd.,2,batch_244.pdf
Shivagrico Implements Ltd.,3,batch_244.pdf
Shivagrico Implements Ltd.,4,batch_245.pdf
Shivalik Bimetal Controls Ltd.,8,batch_245.pdf
Shivalik Bimetal Controls Ltd.,12,batch_245.pdf
Shivamshree Businesses Ltd.,6,batch_245.pdf
Shivamshree Businesses Ltd.,7,batch_245.pdf
Shivamshree Businesses Ltd.,8,batch_245.pdf
Shoppers Stop Ltd.,6,batch_245.pdf
Shoppers Stop Ltd.,6,batch_245.pdf
Shoppers Stop Ltd.,7,batch_245.pdf
Shoppers Stop Ltd.,7,batch_245.pdf
Shradha Ai Technologies Ltd.,4,batch_246.pdf
Shradha Ai Technologies Ltd.,5,batch_246.pdf
Shradha Ai Technologies Ltd.,11,batch_246.pdf
Shradha Ai Technologies Ltd.,17,batch_246.pdf
Shradha Ai Technologies Ltd.,19,batch_246.pdf
Shree Cement Ltd.,3,batch_246.pdf
Shree Cement Ltd.,4,batch_246.pdf
Shree Cement Ltd.,5,batch_246.pdf
Shree Cement Ltd.,7,batch_246.pdf
Shree Cement Ltd.,8,batch_246.pdf
Shree Digvijay Cement Co Ltd.,2,batch_247.pdf
Shree Digvijay Cement Co Ltd.,3,batch_247.pdf
Shree Digvijay Cement Co Ltd.,6,batch_247.pdf
Shree Digvijay Cement Co Ltd.,7,batch_247.pdf
Shree Ganesh Biotech India Ltd.,2,batch_247.pdf
Shree Ganesh Remedies Ltd.,7,batch_247.pdf
Shree Ganesh Remedies Ltd.,8,batch_247.pdf
Shree Karthik Papers Ltd.,2,batch_247.pdf
Shree Krishna Paper Mills & Industries Ltd.,4,batch_247.pdf
Shree Krishna Paper Mills & Industries Ltd.,5,batch_247.pdf
Shree Manufacturing Co Ltd.,5,batch_248.pdf
Shree Precoated Steels Ltd.,2,batch_248.pdf
Shree Precoated Steels Ltd.,3,batch_248.pdf
Shree Pushkar Chemicals & Fertilisers Ltd.,6,batch_248.pdf
Shree Pushkar Chemicals & Fertilisers Ltd.,9,batch_248.pdf
Shree Rajivlochan Oil Extraction Ltd.,2,batch_248.pdf
Shree Rajivlochan Oil Extraction Ltd.,3,batch_248.pdf
Shree Ram Twistex Ltd.,2,batch_248.pdf
Shree Ram Twistex Ltd.,6,batch_248.pdf
Shree Rama Multi-Tech Ltd.,3,batch_248.pdf
Shree Rama Multi-Tech Ltd.,5,batch_249.pdf
Shree Rama Newsprint Ltd.,6,batch_249.pdf
Shree Rama Newsprint Ltd.,7,batch_249.pdf
Shree Renuka Sugars Ltd.,3,batch_249.pdf
Shree Renuka Sugars Ltd.,4,batch_249.pdf
Shree Renuka Sugars Ltd.,5,batch_249.pdf
Shree Renuka Sugars Ltd.,10,batch_249.pdf
Shree Renuka Sugars Ltd.,11,batch_249.pdf
Shree Steel Wire Ropes Ltd.,3,batch_249.pdf
Shree Steel Wire Ropes Ltd.,4,batch_249.pdf
Shree Tirupati Balajee Agro Trading Company Ltd.,9,batch_250.pdf
Shree Tirupati Balajee Agro Trading Company Ltd.,13,batch_250.pdf
Shreeji Translogistics Ltd.,10,batch_250.pdf
Shreeji Translogistics Ltd.,13,batch_250.pdf
Shreenath Investment Co Ltd.,2,batch_250.pdf
Shreyans Industries Ltd.,2,batch_250.pdf
Shreyans Industries Ltd.,3,batch_250.pdf
Shri Jagdamba Polymers Ltd.,3,batch_250.pdf
Shri Jagdamba Polymers Ltd.,6,batch_250.pdf
Shri Krishna Devcon Ltd.,3,batch_250.pdf
Shri Krishna Devcon Ltd.,7,batch_251.pdf
Shri Vasuprada Plantations Ltd.,3,batch_251.pdf
Shri Vasuprada Plantations Ltd.,4,batch_251.pdf
Shri Vasuprada Plantations Ltd.,6,batch_251.pdf
Shri Vasuprada Plantations Ltd.,9,batch_251.pdf
Shri Vasuprada Plantations Ltd.,10,batch_251.pdf
Shri Vasuprada Plantations Ltd.,12,batch_251.pdf
Shricon Industries Ltd.,4,batch_251.pdf
Shringar House of Mangalsutra Ltd.,3,batch_251.pdf
Shriram Asset Management Co Ltd.,2,batch_251.pdf
Shriram Finance Ltd.,5,batch_252.pdf
Shriram Finance Ltd.,7,batch_252.pdf
Shriram Finance Ltd.,8,batch_252.pdf
Shriram Finance Ltd.,9,batch_252.pdf
Shriram Finance Ltd.,10,batch_252.pdf
Shriram Finance Ltd.,11,batch_252.pdf
Shriram Finance Ltd.,15,batch_252.pdf
Shriram Finance Ltd.,16,batch_252.pdf
Shriram Finance Ltd.,19,batch_252.pdf
Shriram Finance Ltd.,20,batch_252.pdf
Shriram Finance Ltd.,23,batch_253.pdf
Shriram Finance Ltd.,29,batch_253.pdf
Shriram Finance Ltd.,30,batch_253.pdf
Shriram Finance Ltd.,34,batch_253.pdf
Shriram Finance Ltd.,37,batch_253.pdf
Shriram Finance Ltd.,38,batch_253.pdf
Shriram Finance Ltd.,39,batch_253.pdf
Shriram Finance Ltd.,40,batch_253.pdf
Shriram Finance Ltd.,41,batch_253.pdf
Shriram Finance Ltd.,42,batch_253.pdf
Shriram Finance Ltd.,43,batch_254.pdf
Shriram Finance Ltd.,44,batch_254.pdf
Shriram Finance Ltd.,45,batch_254.pdf
Shriram Finance Ltd.,46,batch_254.pdf
Shriram Finance Ltd.,47,batch_254.pdf
Shriram Finance Ltd.,48,batch_254.pdf
Shriram Finance Ltd.,49,batch_254.pdf
Shriram Finance Ltd.,50,batch_254.pdf
Shriram Finance Ltd.,51,batch_254.pdf
Shriram Finance Ltd.,53,batch_254.pdf
Shriram Finance Ltd.,54,batch_255.pdf
Shriram Finance Ltd.,55,batch_255.pdf
Shriram Finance Ltd.,56,batch_255.pdf
Shriram Finance Ltd.,58,batch_255.pdf
Shriram Finance Ltd.,61,batch_255.pdf
Shriram Finance Ltd.,62,batch_255.pdf
Shriram Finance Ltd.,65,batch_255.pdf
Shriram Finance Ltd.,67,batch_255.pdf
Shristi Infrastructure Development Corp Ltd.,6,batch_255.pdf
Shristi Infrastructure Development Corp Ltd.,9,batch_255.pdf
Shristi Infrastructure Development Corp Ltd.,10,batch_256.pdf
Shristi Infrastructure Development Corp Ltd.,11,batch_256.pdf
Shristi Infrastructure Development Corp Ltd.,12,batch_256.pdf
Shristi Infrastructure Development Corp Ltd.,14,batch_256.pdf
Shristi Infrastructure Development Corp Ltd.,16,batch_256.pdf
Shukra Bullions Ltd.,2,batch_256.pdf
Shukra Bullions Ltd.,3,batch_256.pdf
Shukra Bullions Ltd.,4,batch_256.pdf
Shukra Pharmaceuticals Ltd.,2,batch_256.pdf
Shukra Pharmaceuticals Ltd.,3,batch_256.pdf
Shukra Pharmaceuticals Ltd.,6,batch_257.pdf
Shukra Pharmaceuticals Ltd.,7,batch_257.pdf
Shyam Century Ferrous Ltd.,7,batch_257.pdf
Shyam Metalics And Energy Ltd.,5,batch_257.pdf
Shyam Metalics And Energy Ltd.,8,batch_257.pdf
Shyam Metalics And Energy Ltd.,12,batch_257.pdf
Shyam Telecom Ltd.,5,batch_257.pdf
Shyamkamal Investments Ltd.,4,batch_257.pdf
Sicagen India Ltd.,3,batch_257.pdf
Sicagen India Ltd.,4,batch_257.pdf
Sicagen India Ltd.,8,batch_258.pdf
Sicagen India Ltd.,9,batch_258.pdf
Sicagen India Ltd.,10,batch_258.pdf
Sidh Automobiles Ltd.,2,batch_258.pdf
Siemens Energy India Ltd.,4,batch_258.pdf
Siemens Energy India Ltd.,5,batch_258.pdf
Siemens Energy India Ltd.,7,batch_258.pdf
Siemens Energy India Ltd.,12,batch_258.pdf
Siemens Energy India Ltd.,16,batch_258.pdf
Siemens Energy India Ltd.,17,batch_258.pdf
Siemens Energy India Ltd.,18,batch_259.pdf
Siemens Ltd.,3,batch_259.pdf
Siemens Ltd.,4,batch_259.pdf
Siemens Ltd.,5,batch_259.pdf
Siemens Ltd.,8,batch_259.pdf
Siemens Ltd.,9,batch_259.pdf
Siemens Ltd.,10,batch_259.pdf
Siemens Ltd.,11,batch_259.pdf
Sigachi Industries Ltd.,3,batch_259.pdf
Sigachi Industries Ltd.,4,batch_259.pdf
Sigachi Industries Ltd.,6,batch_260.pdf
Sigachi Industries Ltd.,7,batch_260.pdf
Sigachi Industries Ltd.,10,batch_260.pdf
Sigma Advanced Systems Ltd.,2,batch_260.pdf
Sigma Advanced Systems Ltd.,5,batch_260.pdf
Sigma Advanced Systems Ltd.,6,batch_260.pdf
Signatureglobal (India) Ltd.,3,batch_260.pdf
Signatureglobal (India) Ltd.,4,batch_260.pdf
Signatureglobal (India) Ltd.,5,batch_260.pdf
Signatureglobal (India) Ltd.,10,batch_260.pdf
Signatureglobal (India) Ltd.,12,batch_261.pdf
Signatureglobal (India) Ltd.,19,batch_261.pdf
Signatureglobal (India) Ltd.,20,batch_261.pdf
Signet Industries Ltd.,4,batch_261.pdf
Signet Industries Ltd.,5,batch_261.pdf
Signet Industries Ltd.,6,batch_261.pdf
Signpost India Ltd.,3,batch_261.pdf
Signpost India Ltd.,6,batch_261.pdf
Signpost India Ltd.,10,batch_261.pdf
Signpost India Ltd.,12,batch_261.pdf
Sikozy Realtors Ltd.,2,batch_262.pdf
Silicon Valley Infotech Ltd.,4,batch_262.pdf
Simandhar Impex Ltd.,9,batch_262.pdf
Simbhaoli Sugars Ltd.,12,batch_262.pdf
Simbhaoli Sugars Ltd.,13,batch_262.pdf
Simplex Infrastructures Ltd.,5,batch_262.pdf
Simplex Infrastructures Ltd.,6,batch_262.pdf
Simplex Infrastructures Ltd.,12,batch_262.pdf
Simplex Infrastructures Ltd.,13,batch_262.pdf
Simplex Infrastructures Ltd.,15,batch_262.pdf
Simplex Infrastructures Ltd.,19,batch_263.pdf
Simplex Infrastructures Ltd.,20,batch_263.pdf
Simplex Infrastructures Ltd.,21,batch_263.pdf
Simplex Infrastructures Ltd.,22,batch_263.pdf
Simplex Realty Ltd.,4,batch_263.pdf
Simplex Realty Ltd.,7,batch_263.pdf
Simran Farms Ltd.,3,batch_263.pdf
Sinclairs Hotels Ltd.,5,batch_263.pdf
Sindhu Trade Links Ltd.,5,batch_263.pdf
Sindhu Trade Links Ltd.,6,batch_263.pdf
Sindhu Trade Links Ltd.,7,batch_264.pdf
Sindhu Trade Links Ltd.,8,batch_264.pdf
Sindhu Trade Links Ltd.,9,batch_264.pdf
Sindhu Trade Links Ltd.,12,batch_264.pdf
Sindhu Trade Links Ltd.,14,batch_264.pdf
Sindhu Trade Links Ltd.,15,batch_264.pdf
Sindhu Trade Links Ltd.,16,batch_264.pdf
Sindhu Trade Links Ltd.,17,batch_264.pdf
Singer India Ltd.,4,batch_264.pdf
Singer India Ltd.,5,batch_264.pdf
Sirca Paints India Ltd.,4,batch_265.pdf
Sirca Paints India Ltd.,8,batch_265.pdf
Siyaram Silk Mills Ltd.,4,batch_265.pdf
Siyaram Silk Mills Ltd.,6,batch_265.pdf
Siyaram Silk Mills Ltd.,8,batch_265.pdf
Sizemasters Technology Ltd.,3,batch_265.pdf
Sizemasters Technology Ltd.,6,batch_265.pdf
Sizemasters Technology Ltd.,7,batch_265.pdf
Sizemasters Technology Ltd.,10,batch_265.pdf
Skipper Ltd.,3,batch_265.pdf
Skipper Ltd.,4,batch_266.pdf
Skipper Ltd.,8,batch_266.pdf
Skipper Ltd.,9,batch_266.pdf
Sky Gold And Diamonds Ltd.,3,batch_266.pdf
Sky Gold And Diamonds Ltd.,4,batch_266.pdf
Sky Gold And Diamonds Ltd.,7,batch_266.pdf
Sky Gold And Diamonds Ltd.,8,batch_266.pdf
Skyline Millars Ltd.,3,batch_266.pdf
Smartlink Holdings Ltd.,3,batch_266.pdf
Smartlink Holdings Ltd.,7,batch_266.pdf
Smartworks Coworking Spaces Ltd.,3,batch_267.pdf
Smartworks Coworking Spaces Ltd.,4,batch_267.pdf
Smartworks Coworking Spaces Ltd.,7,batch_267.pdf
Smartworks Coworking Spaces Ltd.,8,batch_267.pdf
Smartworks Coworking Spaces Ltd.,9,batch_267.pdf
Smiths & Founders India Ltd.,2,batch_267.pdf
Smruthi Organics Ltd.,2,batch_267.pdf
Smruthi Organics Ltd.,3,batch_267.pdf
Smruthi Organics Ltd.,4,batch_267.pdf
Snowman Logistics Ltd.,3,batch_267.pdf
Snowman Logistics Ltd.,4,batch_268.pdf
Snowman Logistics Ltd.,5,batch_268.pdf
Sobha Ltd.,6,batch_268.pdf
Sobha Ltd.,7,batch_268.pdf
Sobha Ltd.,8,batch_268.pdf
Sobha Ltd.,13,batch_268.pdf
Sobha Ltd.,14,batch_268.pdf
Sobha Ltd.,15,batch_268.pdf
Sofcom Systems Ltd.,4,batch_268.pdf
Sofcom Systems Ltd.,7,batch_268.pdf
Softtech Engineers Ltd.,7,batch_269.pdf
Softtech Engineers Ltd.,8,batch_269.pdf
Softtech Engineers Ltd.,12,batch_269.pdf
Softtech Engineers Ltd.,15,batch_269.pdf
Solar Industries India Ltd.,3,batch_269.pdf
Solar Industries India Ltd.,9,batch_269.pdf
Solar Industries India Ltd.,10,batch_269.pdf
Solid Stone Co Ltd.,3,batch_269.pdf
Solid Stone Co Ltd.,6,batch_269.pdf
Soma Textiles & Industries Ltd.,4,batch_269.pdf
Soma Textiles & Industries Ltd.,5,batch_270.pdf
Soma Textiles & Industries Ltd.,8,batch_270.pdf
Soma Textiles & Industries Ltd.,9,batch_270.pdf
Somany Ceramics Ltd.,6,batch_270.pdf
Somi Conveyor Beltings Ltd.,2,batch_270.pdf
Somi Conveyor Beltings Ltd.,3,batch_270.pdf
Sona Blw Precision Forgings Ltd.,4,batch_270.pdf
Sona Blw Precision Forgings Ltd.,5,batch_270.pdf
Sona Blw Precision Forgings Ltd.,9,batch_270.pdf
Sona Blw Precision Forgings Ltd.,10,batch_270.pdf
Sonal Adhesives Ltd.,4,batch_271.pdf
Sonal Mercantile Ltd.,4,batch_271.pdf
Sonal Mercantile Ltd.,6,batch_271.pdf
Sonal Mercantile Ltd.,8,batch_271.pdf
Sonata Software Ltd.,5,batch_271.pdf
Sonata Software Ltd.,9,batch_271.pdf
Sonata Software Ltd.,11,batch_271.pdf
Sonata Software Ltd.,12,batch_271.pdf
Sonata Software Ltd.,13,batch_271.pdf
Sonata Software Ltd.,14,batch_271.pdf
Sophia Traexpo Ltd.,2,batch_272.pdf
Source Industries India Ltd.,3,batch_272.pdf
South Asian Enterprises Ltd.,4,batch_272.pdf
South Asian Enterprises Ltd.,6,batch_272.pdf
South Asian Enterprises Ltd.,7,batch_272.pdf
South India Paper Mills Ltd.,2,batch_272.pdf
South India Paper Mills Ltd.,5,batch_272.pdf
South Indian Bank Ltd.,5,batch_272.pdf
South Indian Bank Ltd.,6,batch_272.pdf
South Indian Bank Ltd.,7,batch_272.pdf
South Indian Bank Ltd.,8,batch_273.pdf
South Indian Bank Ltd.,9,batch_273.pdf
South Indian Bank Ltd.,13,batch_273.pdf
South Indian Bank Ltd.,14,batch_273.pdf
South Indian Bank Ltd.,15,batch_273.pdf
South West Pinnacle Exploration Ltd.,12,batch_273.pdf
South West Pinnacle Exploration Ltd.,13,batch_273.pdf
Southern Gas Ltd.,3,batch_273.pdf
Southern Latex Ltd.,3,batch_273.pdf
Southern Magnesium & Chemicals Ltd.,3,batch_273.pdf
Span Divergent Ltd.,2,batch_274.pdf
Span Divergent Ltd.,5,batch_274.pdf
Span Divergent Ltd.,6,batch_274.pdf
Span Divergent Ltd.,8,batch_274.pdf
Span Divergent Ltd.,9,batch_274.pdf
Span Divergent Ltd.,11,batch_274.pdf
Spandana Sphoorty Financial Ltd.,4,batch_274.pdf
Spandana Sphoorty Financial Ltd.,5,batch_274.pdf
Spandana Sphoorty Financial Ltd.,7,batch_274.pdf
Spandana Sphoorty Financial Ltd.,10,batch_274.pdf
Spandana Sphoorty Financial Ltd.,11,batch_275.pdf
Spandana Sphoorty Financial Ltd.,16,batch_275.pdf
Sparkle Gold Rock Ltd.,4,batch_275.pdf
Sparkle Gold Rock Ltd.,5,batch_275.pdf
Sparkle Gold Rock Ltd.,7,batch_275.pdf
Spectrum Electrical Industries Ltd.,4,batch_275.pdf
Spectrum Electrical Industries Ltd.,10,batch_275.pdf
Spectrum Foods Ltd.,2,batch_275.pdf
Spectrum Foods Ltd.,3,batch_275.pdf
Speedage Commercials Ltd.,4,batch_275.pdf
Spencers Retail Ltd.,3,batch_276.pdf
Spencers Retail Ltd.,7,batch_276.pdf
Sportking India Ltd.,3,batch_276.pdf
Spright Agro Ltd.,2,batch_276.pdf
Spright Agro Ltd.,3,batch_276.pdf
Spright Agro Ltd.,4,batch_276.pdf
Square Four Projects India Ltd.,4,batch_276.pdf
Square Four Projects India Ltd.,7,batch_276.pdf
Sri Amarnath Finance Ltd.,4,batch_276.pdf
Sri Amarnath Finance Ltd.,5,batch_276.pdf
Sri Havisha Hospitality And Infrastructure Ltd.,4,batch_277.pdf
Sri Havisha Hospitality And Infrastructure Ltd.,5,batch_277.pdf
Sri Kpr Industries Ltd.,3,batch_277.pdf
Sri Kpr Industries Ltd.,4,batch_277.pdf
Sri Kpr Industries Ltd.,5,batch_277.pdf
Sri Kpr Industries Ltd.,8,batch_277.pdf
Sri Kpr Industries Ltd.,9,batch_277.pdf
Sri Kpr Industries Ltd.,10,batch_277.pdf
Sri Kpr Industries Ltd.,11,batch_277.pdf
Sri Lotus Developers and Realty Ltd.,5,batch_277.pdf
Sri Lotus Developers and Realty Ltd.,8,batch_278.pdf
Sri Nachammai Cotton Mills Ltd.,2,batch_278.pdf
Sri Nachammai Cotton Mills Ltd.,3,batch_278.pdf
Sri Nachammai Cotton Mills Ltd.,4,batch_278.pdf
Sri Nachammai Cotton Mills Ltd.,5,batch_278.pdf
Sri Ramakrishna Mills Coimbatore Ltd.,1,batch_278.pdf
Sri Ramakrishna Mills Coimbatore Ltd.,2,batch_278.pdf
Sri Ramakrishna Mills Coimbatore Ltd.,3,batch_278.pdf
Stallion India Fluorochemicals Ltd.,3,batch_278.pdf
Stallion India Fluorochemicals Ltd.,4,batch_278.pdf
Standard Engineering Technology Ltd.,5,batch_279.pdf
Standard Engineering Technology Ltd.,6,batch_279.pdf
Standard Engineering Technology Ltd.,7,batch_279.pdf
Standard Engineering Technology Ltd.,11,batch_279.pdf
Standard Industries Ltd.,4,batch_279.pdf
Standard Industries Ltd.,5,batch_279.pdf
Standard Industries Ltd.,9,batch_279.pdf
Standard Industries Ltd.,10,batch_279.pdf
Stanley Lifestyles Ltd.,6,batch_279.pdf
Stanley Lifestyles Ltd.,7,batch_279.pdf
Stanley Lifestyles Ltd.,10,batch_280.pdf
Star Cement Ltd.,8,batch_280.pdf
Star Health And Allied Insurance Company Ltd.,4,batch_280.pdf
Star Health And Allied Insurance Company Ltd.,5,batch_280.pdf
Star Health And Allied Insurance Company Ltd.,6,batch_280.pdf
Star Health And Allied Insurance Company Ltd.,8,batch_280.pdf
Star Health And Allied Insurance Company Ltd.,10,batch_280.pdf
Star Paper Mills Ltd.,3,batch_280.pdf
Starlineps Enterprises Ltd.,4,batch_280.pdf
Starlineps Enterprises Ltd.,9,batch_280.pdf
Starlite Components Ltd.,5,batch_281.pdf
Starlog Enterprises Ltd.,4,batch_281.pdf
Starlog Enterprises Ltd.,8,batch_281.pdf
Starteck Finance Ltd.,2,batch_281.pdf
State Bank Of India,2,batch_281.pdf
State Bank Of India,3,batch_281.pdf
State Bank Of India,4,batch_281.pdf
State Bank Of India,6,batch_281.pdf
State Bank Of India,7,batch_281.pdf
State Bank Of India,8,batch_281.pdf
State Bank Of India,9,batch_282.pdf
State Bank Of India,10,batch_282.pdf
State Bank Of India,17,batch_282.pdf
State Bank Of India,18,batch_282.pdf
State Bank Of India,23,batch_282.pdf
Steel Authority Of India Ltd.,5,batch_282.pdf
Steel Authority Of India Ltd.,6,batch_282.pdf
Steel Authority Of India Ltd.,7,batch_282.pdf
Steel Authority Of India Ltd.,10,batch_282.pdf
Steel Authority Of India Ltd.,11,batch_282.pdf
Steel Authority Of India Ltd.,12,batch_283.pdf
Steel Authority Of India Ltd.,13,batch_283.pdf
Steel Authority Of India Ltd.,18,batch_283.pdf
Steel Authority Of India Ltd.,19,batch_283.pdf
Steel Authority Of India Ltd.,20,batch_283.pdf
Steel Authority Of India Ltd.,23,batch_283.pdf
Steel Authority Of India Ltd.,24,batch_283.pdf
Steel Authority Of India Ltd.,25,batch_283.pdf
Steel Authority Of India Ltd.,30,batch_283.pdf
Steel Authority Of India Ltd.,32,batch_283.pdf
Steel Authority Of India Ltd.,33,batch_284.pdf
Steel Exchange India Ltd.,2,batch_284.pdf
Steel Exchange India Ltd.,4,batch_284.pdf
Steel Exchange India Ltd.,5,batch_284.pdf
Steel Exchange India Ltd.,7,batch_284.pdf
Steel Exchange India Ltd.,10,batch_284.pdf
Steel Exchange India Ltd.,11,batch_284.pdf
Steel Exchange India Ltd.,13,batch_284.pdf
Steel Exchange India Ltd.,19,batch_284.pdf
Steel Exchange India Ltd.,21,batch_284.pdf
Steel Strips Infrastructures Ltd.,5,batch_285.pdf
Steel Strips Infrastructures Ltd.,7,batch_285.pdf
Steel Strips Infrastructures Ltd.,8,batch_285.pdf
Steel Strips Wheels Ltd.,2,batch_285.pdf
Steel Strips Wheels Ltd.,3,batch_285.pdf
Steelcast Ltd.,3,batch_285.pdf
Steelco Gujarat Ltd.,10,batch_285.pdf
Steelco Gujarat Ltd.,11,batch_285.pdf
Steelco Gujarat Ltd.,17,batch_285.pdf
Steelco Gujarat Ltd.,18,batch_285.pdf
Steelco Gujarat Ltd.,19,batch_286.pdf
Steelco Gujarat Ltd.,20,batch_286.pdf
Steelco Gujarat Ltd.,25,batch_286.pdf
Steelco Gujarat Ltd.,26,batch_286.pdf
Steelco Gujarat Ltd.,28,batch_286.pdf
Steelco Gujarat Ltd.,37,batch_286.pdf
Steelco Gujarat Ltd.,38,batch_286.pdf
Steelco Gujarat Ltd.,39,batch_286.pdf
Steelco Gujarat Ltd.,40,batch_286.pdf
Steelco Gujarat Ltd.,45,batch_286.pdf
Stel Holdings Ltd.,3,batch_287.pdf
Stel Holdings Ltd.,7,batch_287.pdf
Stellant Securities India Ltd.,2,batch_287.pdf
Stellant Securities India Ltd.,4,batch_287.pdf
Sterling And Wilson Renewable Energy Ltd.,5,batch_287.pdf
Sterling And Wilson Renewable Energy Ltd.,6,batch_287.pdf
Sterling And Wilson Renewable Energy Ltd.,13,batch_287.pdf
Sterling And Wilson Renewable Energy Ltd.,14,batch_287.pdf
Sterling Green Woods Ltd.,2,batch_287.pdf
Sterling Green Woods Ltd.,3,batch_287.pdf
Sterling Tools Ltd.,5,batch_288.pdf
Sterling Tools Ltd.,10,batch_288.pdf
Sterling Tools Ltd.,13,batch_288.pdf
Sterlite Technologies Ltd.,3,batch_288.pdf
Sterlite Technologies Ltd.,7,batch_288.pdf
Sterlite Technologies Ltd.,11,batch_288.pdf
Sterlite Technologies Ltd.,12,batch_288.pdf
Sterlite Technologies Ltd.,14,batch_288.pdf
Sterlite Technologies Ltd.,15,batch_288.pdf
Sterlite Technologies Ltd.,16,batch_288.pdf
Sterlite Technologies Ltd.,17,batch_289.pdf
Sterlite Technologies Ltd.,22,batch_289.pdf
Sterlite Technologies Ltd.,23,batch_289.pdf
Sterlite Technologies Ltd.,25,batch_289.pdf
Sterlite Technologies Ltd.,26,batch_289.pdf
Sterlite Technologies Ltd.,27,batch_289.pdf
Sterlite Technologies Ltd.,28,batch_289.pdf
Sterlite Technologies Ltd.,29,batch_289.pdf
Sterlite Technologies Ltd.,30,batch_289.pdf
Sterlite Technologies Ltd.,36,batch_289.pdf
Sterlite Technologies Ltd.,37,batch_290.pdf
Sterlite Technologies Ltd.,38,batch_290.pdf
Sterlite Technologies Ltd.,39,batch_290.pdf
Sterlite Technologies Ltd.,41,batch_290.pdf
Sterlite Technologies Ltd.,42,batch_290.pdf
Sterlite Technologies Ltd.,43,batch_290.pdf
Sterlite Technologies Ltd.,45,batch_290.pdf
Sterlite Technologies Ltd.,50,batch_290.pdf
Sterlite Technologies Ltd.,54,batch_290.pdf
Sterlite Technologies Ltd.,55,batch_290.pdf
Sterlite Technologies Ltd.,57,batch_291.pdf
Stl Global Ltd.,3,batch_291.pdf
Stl Global Ltd.,4,batch_291.pdf
Stove Kraft Ltd.,2,batch_291.pdf
Stovec Industries Ltd.,4,batch_291.pdf
Stovec Industries Ltd.,5,batch_291.pdf
Stovec Industries Ltd.,6,batch_291.pdf
Stovec Industries Ltd.,7,batch_291.pdf
Stratmont Industries Ltd.,4,batch_291.pdf
Strides Pharma Science Ltd.,4,batch_291.pdf
Strides Pharma Science Ltd.,5,batch_292.pdf
Strides Pharma Science Ltd.,6,batch_292.pdf
Strides Pharma Science Ltd.,7,batch_292.pdf
Strides Pharma Science Ltd.,9,batch_292.pdf
Strides Pharma Science Ltd.,12,batch_292.pdf
Strides Pharma Science Ltd.,13,batch_292.pdf
String Metaverse Ltd.,5,batch_292.pdf
String Metaverse Ltd.,6,batch_292.pdf
String Metaverse Ltd.,8,batch_292.pdf
Studds Accessories Ltd.,5,batch_292.pdf
Studds Accessories Ltd.,8,batch_293.pdf
Studds Accessories Ltd.,12,batch_293.pdf
Studds Accessories Ltd.,13,batch_293.pdf
Stylam Industries Ltd.,4,batch_293.pdf
Stylam Industries Ltd.,7,batch_293.pdf
Styrenix Performance Materials Ltd.,2,batch_293.pdf
Styrenix Performance Materials Ltd.,4,batch_293.pdf
Styrenix Performance Materials Ltd.,6,batch_293.pdf
Styrenix Performance Materials Ltd.,8,batch_293.pdf
Subam Papers Ltd.,3,batch_293.pdf
Subam Papers Ltd.,7,batch_294.pdf
Subex Ltd.,4,batch_294.pdf
Subex Ltd.,5,batch_294.pdf
Subex Ltd.,6,batch_294.pdf
Subex Ltd.,8,batch_294.pdf
Subex Ltd.,10,batch_294.pdf
Subros Ltd.,3,batch_294.pdf
Subros Ltd.,4,batch_294.pdf
Subros Ltd.,7,batch_294.pdf
Subros Ltd.,8,batch_294.pdf
Sudarshan Chemical Industries Ltd.,3,batch_295.pdf
Sudarshan Chemical Industries Ltd.,4,batch_295.pdf
Sudarshan Chemical Industries Ltd.,6,batch_295.pdf
Sudarshan Chemical Industries Ltd.,7,batch_295.pdf
Sudarshan Chemical Industries Ltd.,8,batch_295.pdf
Sudarshan Chemical Industries Ltd.,12,batch_295.pdf
Sudarshan Chemical Industries Ltd.,13,batch_295.pdf
Sudarshan Chemical Industries Ltd.,14,batch_295.pdf
Sudarshan Colorants India Ltd.,2,batch_295.pdf
Sudarshan Pharma Industries Ltd.,2,batch_295.pdf
Sudarshan Pharma Industries Ltd.,6,batch_296.pdf
Sudarshan Pharma Industries Ltd.,9,batch_296.pdf
Sudeep Pharma Ltd.,5,batch_296.pdf
Sudeep Pharma Ltd.,6,batch_296.pdf
Sudeep Pharma Ltd.,7,batch_296.pdf
Sudeep Pharma Ltd.,8,batch_296.pdf
Sudeep Pharma Ltd.,11,batch_296.pdf
Sudeep Pharma Ltd.,12,batch_296.pdf
Sueryaa Knitwear Ltd.,3,batch_296.pdf
Sueryaa Knitwear Ltd.,4,batch_296.pdf
Sugs Lloyd Ltd.,2,batch_297.pdf
Sugs Lloyd Ltd.,4,batch_297.pdf
Sula Vineyards Ltd.,5,batch_297.pdf
Sula Vineyards Ltd.,6,batch_297.pdf
Sula Vineyards Ltd.,9,batch_297.pdf
Sulabh Engineers & Services Ltd.,3,batch_297.pdf
Sulabh Engineers & Services Ltd.,7,batch_297.pdf
Sumedha Fiscal Services Ltd.,4,batch_297.pdf
Sumedha Fiscal Services Ltd.,8,batch_297.pdf
Sumedha Fiscal Services Ltd.,10,batch_297.pdf
Sumitomo Chemical India Ltd.,2,batch_298.pdf
Sumitomo Chemical India Ltd.,6,batch_298.pdf
Summit Securities Ltd.,4,batch_298.pdf
Summit Securities Ltd.,8,batch_298.pdf
Sun Pharma Advanced Research Company Ltd.,3,batch_298.pdf
Sun Pharma Advanced Research Company Ltd.,4,batch_298.pdf
Sun Pharma Advanced Research Company Ltd.,7,batch_298.pdf
Sun Pharmaceutical Industries Ltd.,3,batch_298.pdf
Sun Pharmaceutical Industries Ltd.,7,batch_298.pdf
Sun Pharmaceutical Industries Ltd.,8,batch_298.pdf
Sun Pharmaceutical Industries Ltd.,9,batch_299.pdf
Sun Pharmaceutical Industries Ltd.,10,batch_299.pdf
Sun Pharmaceutical Industries Ltd.,14,batch_299.pdf
Sun Pharmaceutical Industries Ltd.,19,batch_299.pdf
Sun Pharmaceutical Industries Ltd.,22,batch_299.pdf
Sun Pharmaceutical Industries Ltd.,23,batch_299.pdf
Sun Pharmaceutical Industries Ltd.,27,batch_299.pdf
Sun TV Network Ltd.,2,batch_299.pdf
Sun TV Network Ltd.,4,batch_299.pdf
Suncare Traders Ltd.,2,batch_299.pdf
Sundaram Clayton Ltd.,3,batch_300.pdf
Sundaram Clayton Ltd.,6,batch_300.pdf
Sundaram Clayton Ltd.,7,batch_300.pdf
Sundaram Finance Ltd.,2,batch_300.pdf
Sundaram Finance Ltd.,3,batch_300.pdf
Sundaram Finance Ltd.,4,batch_300.pdf
Sundaram Finance Ltd.,5,batch_300.pdf
Sundaram Finance Ltd.,6,batch_300.pdf
Sundaram Finance Ltd.,10,batch_300.pdf
Sundaram Finance Ltd.,13,batch_300.pdf
Sundaram Multi Pap Ltd.,3,batch_301.pdf
Sundaram Multi Pap Ltd.,4,batch_301.pdf
Sundram Fasteners Ltd.,2,batch_301.pdf
Sundram Fasteners Ltd.,5,batch_301.pdf
Sundram Fasteners Ltd.,9,batch_301.pdf
Sundrop Brands Ltd.,5,batch_301.pdf
Sundrop Brands Ltd.,6,batch_301.pdf
Sundrop Brands Ltd.,9,batch_301.pdf
Sundrop Brands Ltd.,10,batch_301.pdf
Sundrop Brands Ltd.,12,batch_301.pdf
Sundrop Brands Ltd.,13,batch_302.pdf
Sundrop Brands Ltd.,14,batch_302.pdf
Sundrop Brands Ltd.,16,batch_302.pdf
Sundrop Brands Ltd.,17,batch_302.pdf
Sundrop Brands Ltd.,18,batch_302.pdf
Sundrop Brands Ltd.,19,batch_302.pdf
Sundrop Brands Ltd.,20,batch_302.pdf
Sundrop Brands Ltd.,21,batch_302.pdf
Sundrop Brands Ltd.,22,batch_302.pdf
Sundrop Brands Ltd.,29,batch_302.pdf
Sundrop Brands Ltd.,33,batch_303.pdf
Sundrop Brands Ltd.,34,batch_303.pdf
Sundrop Brands Ltd.,35,batch_303.pdf
Sundrop Brands Ltd.,37,batch_303.pdf
Sundrop Brands Ltd.,43,batch_303.pdf
Sunflag Iron And Steel Company Ltd.,8,batch_303.pdf
Sunflag Iron And Steel Company Ltd.,12,batch_303.pdf
Sungold Capital Ltd.,4,batch_303.pdf
Sungold Capital Ltd.,5,batch_303.pdf
Sunil Agro Foods Ltd.,2,batch_303.pdf
Sunil Healthcare Ltd.,6,batch_304.pdf
Sunteck Realty Ltd.,6,batch_304.pdf
Sunteck Realty Ltd.,10,batch_304.pdf
Super Bakers India Ltd.,2,batch_304.pdf
Super Bakers India Ltd.,3,batch_304.pdf
Super Sales India Ltd.,2,batch_304.pdf
Super Sales India Ltd.,3,batch_304.pdf
Super Sales India Ltd.,5,batch_304.pdf
Super Spinning Mills Ltd.,2,batch_304.pdf
Super Spinning Mills Ltd.,3,batch_304.pdf
Super Spinning Mills Ltd.,4,batch_305.pdf
Super Spinning Mills Ltd.,5,batch_305.pdf
Superhouse Ltd.,9,batch_305.pdf
Superior Finlease Ltd.,7,batch_305.pdf
Superior Finlease Ltd.,10,batch_305.pdf
Suprajit Engineering Ltd.,2,batch_305.pdf
Suprajit Engineering Ltd.,6,batch_305.pdf
Suprajit Engineering Ltd.,7,batch_305.pdf
Supreme Holdings & Hospitality (India) Ltd.,3,batch_305.pdf
Supreme Holdings & Hospitality (India) Ltd.,4,batch_305.pdf
Supreme Holdings & Hospitality (India) Ltd.,6,batch_306.pdf
Supreme Holdings & Hospitality (India) Ltd.,7,batch_306.pdf
Supreme Petrochem Ltd.,2,batch_306.pdf
Supreme Petrochem Ltd.,3,batch_306.pdf
Supriya Lifescience Ltd.,4,batch_306.pdf
Suraj Industries Ltd.,4,batch_306.pdf
Suraj Industries Ltd.,8,batch_306.pdf
Suraj Ltd.,3,batch_306.pdf
Suraj Ltd.,7,batch_306.pdf
Surana Telecom And Power Ltd.,2,batch_306.pdf
Surana Telecom And Power Ltd.,4,batch_307.pdf
Surana Telecom And Power Ltd.,6,batch_307.pdf
Surana Telecom And Power Ltd.,8,batch_307.pdf
Surat Trade And Mercantile Ltd.,4,batch_307.pdf
Suratwwala Business Group Ltd.,2,batch_307.pdf
Suratwwala Business Group Ltd.,3,batch_307.pdf
Suratwwala Business Group Ltd.,4,batch_307.pdf
Suratwwala Business Group Ltd.,8,batch_307.pdf
Surbhi Industries Ltd.,2,batch_307.pdf
Surbhi Industries Ltd.,3,batch_307.pdf
Surya India Ltd.,2,batch_308.pdf
Surya India Ltd.,3,batch_308.pdf
Surya Roshni Ltd.,5,batch_308.pdf
Surya Roshni Ltd.,6,batch_308.pdf
Surya Roshni Ltd.,8,batch_308.pdf
Surya Roshni Ltd.,9,batch_308.pdf
Suryalakshmi Cotton Mills Ltd.,1,batch_308.pdf
Suryalakshmi Cotton Mills Ltd.,2,batch_308.pdf
Suryalakshmi Cotton Mills Ltd.,4,batch_308.pdf
Suryalata Spinning Mills Ltd.,4,batch_308.pdf
Suryalata Spinning Mills Ltd.,7,batch_309.pdf
Suryavanshi Spinning Mills Ltd.,5,batch_309.pdf
Suryavanshi Spinning Mills Ltd.,6,batch_309.pdf
Suryo Foods & Industries Ltd.,3,batch_309.pdf
Suryoday Small Finance Bank Ltd.,5,batch_309.pdf
Suryoday Small Finance Bank Ltd.,6,batch_309.pdf
Suryoday Small Finance Bank Ltd.,8,batch_309.pdf
Sutlej Textiles and Industries Ltd.,2,batch_309.pdf
Sutlej Textiles and Industries Ltd.,5,batch_309.pdf
Sutlej Textiles and Industries Ltd.,8,batch_309.pdf
Sutlej Textiles and Industries Ltd.,11,batch_310.pdf
Suven Life Sciences Ltd.,2,batch_310.pdf
Suven Life Sciences Ltd.,3,batch_310.pdf
Suven Life Sciences Ltd.,4,batch_310.pdf
Suven Life Sciences Ltd.,8,batch_310.pdf
Suvidha Infraestate Corp Ltd.,2,batch_310.pdf
Suvidha Infraestate Corp Ltd.,3,batch_310.pdf
Suvidha Infraestate Corp Ltd.,5,batch_310.pdf
Suyog Telematics Ltd.,5,batch_310.pdf
Suyog Telematics Ltd.,8,batch_310.pdf
Suzlon Energy Ltd.,2,batch_311.pdf
Suzlon Energy Ltd.,3,batch_311.pdf
Suzlon Energy Ltd.,4,batch_311.pdf
Suzlon Energy Ltd.,5,batch_311.pdf
Suzlon Energy Ltd.,12,batch_311.pdf
Suzlon Energy Ltd.,13,batch_311.pdf
Suzlon Energy Ltd.,14,batch_311.pdf
Suzlon Energy Ltd.,16,batch_311.pdf
Suzlon Energy Ltd.,20,batch_311.pdf
Suzlon Energy Ltd.,21,batch_311.pdf
Suzlon Energy Ltd.,23,batch_312.pdf
Suzlon Energy Ltd.,32,batch_312.pdf
Suzlon Energy Ltd.,37,batch_312.pdf
Suzlon Energy Ltd.,38,batch_312.pdf
Suzlon Energy Ltd.,39,batch_312.pdf
Suzlon Energy Ltd.,40,batch_312.pdf
Suzlon Energy Ltd.,41,batch_312.pdf
Suzlon Energy Ltd.,42,batch_312.pdf
Svam Software Ltd.,2,batch_312.pdf
Svarnim Trade Udyog Ltd.,2,batch_312.pdf
Swadeshi Industries Leasing Co Ltd.,7,batch_313.pdf
Swadeshi Industries Leasing Co Ltd.,8,batch_313.pdf
Swadha Nature Ltd.,2,batch_313.pdf
Swadha Nature Ltd.,3,batch_313.pdf
Swan Defence And Heavy Industries Ltd.,4,batch_313.pdf
Swan Defence And Heavy Industries Ltd.,8,batch_313.pdf
Swaraj Engines Ltd.,2,batch_313.pdf
Swaraj Engines Ltd.,5,batch_313.pdf
Swaraj Engines Ltd.,6,batch_313.pdf
Swarna Securities Ltd.,2,batch_313.pdf
Swastika Investmart Ltd.,5,batch_314.pdf
Swastika Investmart Ltd.,8,batch_314.pdf
Swastika Investmart Ltd.,9,batch_314.pdf
Swastika Investmart Ltd.,10,batch_314.pdf
Swastika Investmart Ltd.,11,batch_314.pdf
Swastika Investmart Ltd.,12,batch_314.pdf
Swati Projects Ltd.,2,batch_314.pdf
Swati Projects Ltd.,4,batch_314.pdf
Swelect Energy Systems Ltd.,6,batch_314.pdf
Swelect Energy Systems Ltd.,8,batch_314.pdf
Swelect Energy Systems Ltd.,10,batch_315.pdf
Swiggy Ltd.,5,batch_315.pdf
Swiggy Ltd.,6,batch_315.pdf
Swiggy Ltd.,10,batch_315.pdf
Swiggy Ltd.,11,batch_315.pdf
Symbiox Investment & Trading Co Ltd.,3,batch_315.pdf
Symbiox Investment & Trading Co Ltd.,4,batch_315.pdf
Symphony Ltd.,4,batch_315.pdf
Symphony Ltd.,5,batch_315.pdf
Symphony Ltd.,7,batch_315.pdf
Symphony Ltd.,8,batch_316.pdf
Symphony Ltd.,11,batch_316.pdf
Symphony Ltd.,12,batch_316.pdf
Symphony Ltd.,13,batch_316.pdf
Syngene International Ltd.,2,batch_316.pdf
Syngene International Ltd.,3,batch_316.pdf
Syrma Sgs Technology Ltd.,4,batch_316.pdf
Syrma Sgs Technology Ltd.,5,batch_316.pdf
Syrma Sgs Technology Ltd.,9,batch_316.pdf
Syrma Sgs Technology Ltd.,10,batch_316.pdf
Syschem India Ltd.,2,batch_317.pdf
Syschem India Ltd.,5,batch_317.pdf
Systematix Corporate Services Ltd.,5,batch_317.pdf
Systematix Corporate Services Ltd.,7,batch_317.pdf
Systematix Corporate Services Ltd.,9,batch_317.pdf
Systematix Corporate Services Ltd.,11,batch_317.pdf
Systematix Corporate Services Ltd.,12,batch_317.pdf
Systematix Securities Ltd.,3,batch_317.pdf
T Spiritual World Ltd.,2,batch_317.pdf
TAKE Ltd.,6,batch_317.pdf
TAKE Ltd.,7,batch_318.pdf
TAKE Ltd.,10,batch_318.pdf
TAKE Ltd.,11,batch_318.pdf
TARC Ltd.,2,batch_318.pdf
TARC Ltd.,4,batch_318.pdf
TARC Ltd.,8,batch_318.pdf
TARC Ltd.,9,batch_318.pdf
TBO Tek Ltd.,5,batch_318.pdf
TBO Tek Ltd.,6,batch_318.pdf
TBO Tek Ltd.,11,batch_318.pdf
TBO Tek Ltd.,12,batch_319.pdf
TBO Tek Ltd.,14,batch_319.pdf
TCC Concept Ltd.,4,batch_319.pdf
TCC Concept Ltd.,8,batch_319.pdf
TCC Concept Ltd.,9,batch_319.pdf
TCFC Finance Ltd.,4,batch_319.pdf
TCFC Finance Ltd.,5,batch_319.pdf
TCI Express Ltd.,2,batch_319.pdf
TCM Ltd.,4,batch_319.pdf
TCM Ltd.,5,batch_319.pdf
TCM Ltd.,8,batch_320.pdf
TCM Ltd.,9,batch_320.pdf
TCPL Packaging Ltd.,4,batch_320.pdf
TCPL Packaging Ltd.,7,batch_320.pdf
TD Power Systems Ltd.,1,batch_320.pdf
TD Power Systems Ltd.,8,batch_320.pdf
TGB Banquets And Hotels Ltd.,5,batch_320.pdf
TIL Ltd.,4,batch_320.pdf
TIL Ltd.,7,batch_320.pdf
TIL Ltd.,10,batch_320.pdf
TIL Ltd.,11,batch_321.pdf
TIL Ltd.,13,batch_321.pdf
TPL Plastech Ltd.,3,batch_321.pdf
TPL Plastech Ltd.,4,batch_321.pdf
TRF Ltd.,3,batch_321.pdf
TRF Ltd.,4,batch_321.pdf
TRF Ltd.,5,batch_321.pdf
TRF Ltd.,8,batch_321.pdf
TRF Ltd.,9,batch_321.pdf
TT Ltd.,6,batch_321.pdf
TTI Enterprise Ltd.,2,batch_322.pdf
TTI Enterprise Ltd.,3,batch_322.pdf
TTK Healthcare Ltd.,2,batch_322.pdf
TTK Healthcare Ltd.,3,batch_322.pdf
TTK Healthcare Ltd.,5,batch_322.pdf
TTK Healthcare Ltd.,6,batch_322.pdf
TTK Healthcare Ltd.,7,batch_322.pdf
TTK Prestige Ltd.,2,batch_322.pdf
TTK Prestige Ltd.,3,batch_322.pdf
TTK Prestige Ltd.,4,batch_322.pdf
TV Today Network Ltd.,3,batch_323.pdf
TV Today Network Ltd.,4,batch_323.pdf
TV Today Network Ltd.,8,batch_323.pdf
TV Today Network Ltd.,9,batch_323.pdf
TVS Electronics Ltd.,4,batch_323.pdf
TVS Electronics Ltd.,5,batch_323.pdf
TVS Electronics Ltd.,6,batch_323.pdf
TVS Holdings Ltd.,4,batch_323.pdf
TVS Holdings Ltd.,5,batch_323.pdf
TVS Holdings Ltd.,11,batch_323.pdf
TVS Holdings Ltd.,12,batch_324.pdf
TVS Holdings Ltd.,13,batch_324.pdf
TVS Holdings Ltd.,15,batch_324.pdf
TVS Motor Company Ltd.,5,batch_324.pdf
TVS Motor Company Ltd.,6,batch_324.pdf
TVS Motor Company Ltd.,10,batch_324.pdf
TVS Motor Company Ltd.,11,batch_324.pdf
TVS Motor Company Ltd.,12,batch_324.pdf
TVS Motor Company Ltd.,14,batch_324.pdf
TVS Motor Company Ltd.,19,batch_324.pdf
TVS Motor Company Ltd.,20,batch_325.pdf
TVS Srichakra Ltd.,2,batch_325.pdf
TVS Srichakra Ltd.,6,batch_325.pdf
Tacent Projects Ltd.,3,batch_325.pdf
Tacent Projects Ltd.,4,batch_325.pdf
Tainwala Chemicals and Plastics (India) Ltd.,5,batch_325.pdf
Tainwala Chemicals and Plastics (India) Ltd.,6,batch_325.pdf
Talbros Automotive Components Ltd.,3,batch_325.pdf
Talbros Automotive Components Ltd.,6,batch_325.pdf
Tamboli Industries Ltd.,2,batch_325.pdf
Tamboli Industries Ltd.,3,batch_326.pdf
Tamboli Industries Ltd.,4,batch_326.pdf
Tamil Nadu Newsprint & Papers Ltd.,4,batch_326.pdf
Tamil Nadu Newsprint & Papers Ltd.,5,batch_326.pdf
Tamil Nadu Newsprint & Papers Ltd.,9,batch_326.pdf
Tamilnad Mercantile Bank Ltd.,2,batch_326.pdf
Tamilnad Mercantile Bank Ltd.,3,batch_326.pdf
Tamilnad Mercantile Bank Ltd.,4,batch_326.pdf
Tamilnad Mercantile Bank Ltd.,5,batch_326.pdf
Tamilnad Mercantile Bank Ltd.,6,batch_326.pdf
Tamilnad Mercantile Bank Ltd.,9,batch_327.pdf
Tamilnad Mercantile Bank Ltd.,10,batch_327.pdf
Tanla Platforms Ltd.,3,batch_327.pdf
Tanla Platforms Ltd.,7,batch_327.pdf
Tanla Platforms Ltd.,7,batch_327.pdf
Tanla Platforms Ltd.,8,batch_327.pdf
Tanla Platforms Ltd.,8,batch_327.pdf
Taparia Tools Ltd.,2,batch_327.pdf
Tarapur Transformers Ltd.,3,batch_327.pdf
Tata Capital Ltd.,5,batch_327.pdf
Tata Capital Ltd.,6,batch_328.pdf
Tata Capital Ltd.,7,batch_328.pdf
Tata Capital Ltd.,8,batch_328.pdf
Tata Capital Ltd.,9,batch_328.pdf
Tata Capital Ltd.,10,batch_328.pdf
Tata Capital Ltd.,12,batch_328.pdf
Tata Capital Ltd.,14,batch_328.pdf
Tata Capital Ltd.,19,batch_328.pdf
Tata Capital Ltd.,20,batch_328.pdf
Tata Capital Ltd.,21,batch_328.pdf
Tata Capital Ltd.,22,batch_329.pdf
Tata Chemicals Ltd.,5,batch_329.pdf
Tata Chemicals Ltd.,6,batch_329.pdf
Tata Chemicals Ltd.,7,batch_329.pdf
Tata Chemicals Ltd.,8,batch_329.pdf
Tata Chemicals Ltd.,13,batch_329.pdf
Tata Chemicals Ltd.,14,batch_329.pdf
Tata Chemicals Ltd.,15,batch_329.pdf
Tata Communications Ltd.,2,batch_329.pdf
Tata Communications Ltd.,3,batch_329.pdf
Tata Communications Ltd.,4,batch_330.pdf
Tata Communications Ltd.,5,batch_330.pdf
Tata Communications Ltd.,6,batch_330.pdf
Tata Communications Ltd.,7,batch_330.pdf
Tata Communications Ltd.,8,batch_330.pdf
Tata Communications Ltd.,9,batch_330.pdf
Tata Communications Ltd.,10,batch_330.pdf
Tata Communications Ltd.,11,batch_330.pdf
Tata Communications Ltd.,21,batch_330.pdf
Tata Consultancy Services Ltd.,8,batch_330.pdf
Tata Consultancy Services Ltd.,9,batch_331.pdf
Tata Consultancy Services Ltd.,14,batch_331.pdf
Tata Consumer Products Ltd.,3,batch_331.pdf
Tata Consumer Products Ltd.,5,batch_331.pdf
Tata Consumer Products Ltd.,8,batch_331.pdf
Tata Consumer Products Ltd.,10,batch_331.pdf
Tata Consumer Products Ltd.,12,batch_331.pdf
Tata Consumer Products Ltd.,13,batch_331.pdf
Tata Elxsi Ltd.,5,batch_331.pdf
Tata Investment Corp Ltd.,4,batch_331.pdf
Tata Investment Corp Ltd.,5,batch_332.pdf
Tata Investment Corp Ltd.,9,batch_332.pdf
Tata Investment Corp Ltd.,10,batch_332.pdf
Tata Motors Ltd.,2,batch_332.pdf
Tata Motors Ltd.,7,batch_332.pdf
Tata Motors Ltd.,8,batch_332.pdf
Tata Motors Ltd.,9,batch_332.pdf
Tata Motors Ltd.,15,batch_332.pdf
Tata Motors Ltd.,16,batch_332.pdf
Tata Motors Ltd.,17,batch_332.pdf
Tata Motors Ltd.,18,batch_333.pdf
Tata Motors Passenger Vehicles Ltd.,2,batch_333.pdf
Tata Motors Passenger Vehicles Ltd.,9,batch_333.pdf
Tata Motors Passenger Vehicles Ltd.,10,batch_333.pdf
Tata Motors Passenger Vehicles Ltd.,11,batch_333.pdf
Tata Motors Passenger Vehicles Ltd.,15,batch_333.pdf
Tata Motors Passenger Vehicles Ltd.,16,batch_333.pdf
Tata Motors Passenger Vehicles Ltd.,17,batch_333.pdf
Tata Motors Passenger Vehicles Ltd.,18,batch_333.pdf
Tata Motors Passenger Vehicles Ltd.,20,batch_333.pdf
Tata Motors Passenger Vehicles Ltd.,21,batch_334.pdf
Tata Motors Passenger Vehicles Ltd.,22,batch_334.pdf
Tata Motors Passenger Vehicles Ltd.,23,batch_334.pdf
Tata Power Company Ltd.,7,batch_334.pdf
Tata Power Company Ltd.,8,batch_334.pdf
Tata Power Company Ltd.,9,batch_334.pdf
Tata Power Company Ltd.,10,batch_334.pdf
Tata Power Company Ltd.,15,batch_334.pdf
Tata Power Company Ltd.,16,batch_334.pdf
Tata Power Company Ltd.,17,batch_334.pdf
Tata Steel Ltd.,11,batch_335.pdf
Tata Steel Ltd.,12,batch_335.pdf
Tata Steel Ltd.,13,batch_335.pdf
Tata Steel Ltd.,14,batch_335.pdf
Tata Steel Ltd.,15,batch_335.pdf
Tata Technologies Ltd.,4,batch_335.pdf
Tata Technologies Ltd.,6,batch_335.pdf
Tata Technologies Ltd.,7,batch_335.pdf
Tata Technologies Ltd.,11,batch_335.pdf
Tatva Chintan Pharma Chem Ltd.,3,batch_335.pdf
Tatva Chintan Pharma Chem Ltd.,7,batch_336.pdf
Tatva Chintan Pharma Chem Ltd.,8,batch_336.pdf
Tatva Chintan Pharma Chem Ltd.,10,batch_336.pdf
Teamlease Services Ltd.,4,batch_336.pdf
Teamlease Services Ltd.,5,batch_336.pdf
Teamlease Services Ltd.,8,batch_336.pdf
Teamlease Services Ltd.,10,batch_336.pdf
Teamlease Services Ltd.,12,batch_336.pdf
Teamo Productions HQ Ltd.,3,batch_336.pdf
Teamo Productions HQ Ltd.,5,batch_336.pdf
Tech Mahindra Ltd.,13,batch_337.pdf
Tech Mahindra Ltd.,14,batch_337.pdf
Tech Mahindra Ltd.,20,batch_337.pdf
Tech Mahindra Ltd.,37,batch_337.pdf
Tech Mahindra Ltd.,38,batch_337.pdf
Tech Mahindra Ltd.,39,batch_337.pdf
Tech Mahindra Ltd.,40,batch_337.pdf
Tech Mahindra Ltd.,41,batch_337.pdf
Tech Mahindra Ltd.,50,batch_337.pdf
Tech Mahindra Ltd.,53,batch_337.pdf
Techno Electric & Engineering Company Ltd.,8,batch_338.pdf
Techno Electric & Engineering Company Ltd.,9,batch_338.pdf
Techno Electric & Engineering Company Ltd.,10,batch_338.pdf
Technocraft Industries India Ltd.,5,batch_338.pdf
Technocraft Industries India Ltd.,6,batch_338.pdf
Technocraft Industries India Ltd.,8,batch_338.pdf
Technocraft Industries India Ltd.,9,batch_338.pdf
Tecil Chemical and Hydro Power Ltd.,3,batch_338.pdf
Tecil Chemical and Hydro Power Ltd.,10,batch_338.pdf
Tejnaksh Healthcare Ltd.,5,batch_338.pdf
Tejnaksh Healthcare Ltd.,10,batch_339.pdf
Telge Projects Ltd.,5,batch_339.pdf
Telge Projects Ltd.,6,batch_339.pdf
Telge Projects Ltd.,8,batch_339.pdf
Telge Projects Ltd.,12,batch_339.pdf
Telge Projects Ltd.,13,batch_339.pdf
Telogica Ltd.,4,batch_339.pdf
Tenneco Clean Air India Ltd.,4,batch_339.pdf
Tenneco Clean Air India Ltd.,7,batch_339.pdf
Tenneco Clean Air India Ltd.,8,batch_339.pdf
Terai Tea Co Ltd.,4,batch_340.pdf
Terai Tea Co Ltd.,6,batch_340.pdf
Terai Tea Co Ltd.,10,batch_340.pdf
Terai Tea Co Ltd.,12,batch_340.pdf
Terraform Magnum Ltd.,2,batch_340.pdf
Terraform Realstate Ltd.,2,batch_340.pdf
Terraform Realstate Ltd.,3,batch_340.pdf
Texel Industries Ltd.,4,batch_340.pdf
Texel Industries Ltd.,5,batch_340.pdf
Texel Industries Ltd.,11,batch_340.pdf
Texel Industries Ltd.,12,batch_341.pdf
Texmaco Infrastructure & Holdings Ltd.,2,batch_341.pdf
Texmaco Infrastructure & Holdings Ltd.,3,batch_341.pdf
Texmaco Infrastructure & Holdings Ltd.,6,batch_341.pdf
Texmaco Rail & Engineering Ltd.,3,batch_341.pdf
Texmaco Rail & Engineering Ltd.,12,batch_341.pdf
Texmaco Rail & Engineering Ltd.,13,batch_341.pdf
Texmaco Rail & Engineering Ltd.,14,batch_341.pdf
Texmaco Rail & Engineering Ltd.,15,batch_341.pdf
Texmo Pipes And Products Ltd.,3,batch_341.pdf
Texmo Pipes And Products Ltd.,5,batch_342.pdf
Texmo Pipes And Products Ltd.,10,batch_342.pdf
Texmo Pipes And Products Ltd.,12,batch_342.pdf
Thacker & Co Ltd.,3,batch_342.pdf
Thakkers Group Ltd.,4,batch_342.pdf
Thakkers Group Ltd.,5,batch_342.pdf
Thangamayil Jewellery Ltd.,2,batch_342.pdf
Thangamayil Jewellery Ltd.,6,batch_342.pdf
Thangamayil Jewellery Ltd.,7,batch_342.pdf
Thangamayil Jewellery Ltd.,9,batch_342.pdf
Thangamayil Jewellery Ltd.,10,batch_343.pdf
Thangamayil Jewellery Ltd.,11,batch_343.pdf
Thangamayil Jewellery Ltd.,12,batch_343.pdf
Thermax Ltd.,7,batch_343.pdf
Thermax Ltd.,8,batch_343.pdf
Thermax Ltd.,9,batch_343.pdf
Thermax Ltd.,10,batch_343.pdf
Thermax Ltd.,11,batch_343.pdf
Thermax Ltd.,15,batch_343.pdf
Thirumalai Chemicals Ltd.,8,batch_343.pdf
Thomas Cook (India)  Ltd.,3,batch_344.pdf
Thomas Cook (India)  Ltd.,4,batch_344.pdf
Thomas Cook (India)  Ltd.,5,batch_344.pdf
Thomas Cook (India)  Ltd.,6,batch_344.pdf
Thomas Cook (India)  Ltd.,13,batch_344.pdf
Thomas Cook (India)  Ltd.,14,batch_344.pdf
Thomas Cook (India)  Ltd.,15,batch_344.pdf
Thomas Cook (India)  Ltd.,16,batch_344.pdf
Thrive Future Habitats Ltd.,5,batch_344.pdf
Thrive Future Habitats Ltd.,8,batch_344.pdf
Thrive Future Habitats Ltd.,9,batch_345.pdf
Thrive Future Habitats Ltd.,11,batch_345.pdf
Thrive Future Habitats Ltd.,13,batch_345.pdf
Thrive Future Habitats Ltd.,14,batch_345.pdf
Thrive Future Habitats Ltd.,16,batch_345.pdf
Tiger Logistics (India) Ltd.,3,batch_345.pdf
Tilaknagar Industries Ltd.,7,batch_345.pdf
Tilaknagar Industries Ltd.,14,batch_345.pdf
Time Technoplast Ltd.,3,batch_345.pdf
Time Technoplast Ltd.,4,batch_345.pdf
Time Technoplast Ltd.,5,batch_346.pdf
Time Technoplast Ltd.,6,batch_346.pdf
Time Technoplast Ltd.,7,batch_346.pdf
Time Technoplast Ltd.,8,batch_346.pdf
Timex Group India Ltd.,3,batch_346.pdf
Timex Group India Ltd.,4,batch_346.pdf
Timken India Ltd.,3,batch_346.pdf
Timken India Ltd.,5,batch_346.pdf
Tinna Rubber And Infrastructure Ltd.,2,batch_346.pdf
Tinna Rubber And Infrastructure Ltd.,5,batch_346.pdf
Tips Music Ltd.,3,batch_347.pdf
Tirupati Fincorp Ltd.,15,batch_347.pdf
Tirupati Fincorp Ltd.,16,batch_347.pdf
Tirupati Fincorp Ltd.,17,batch_347.pdf
Tirupati Foam Ltd.,2,batch_347.pdf
Tirupati Sarjan Ltd.,4,batch_347.pdf
Titagarh Rail Systems Ltd.,3,batch_347.pdf
Titagarh Rail Systems Ltd.,4,batch_347.pdf
Titagarh Rail Systems Ltd.,5,batch_347.pdf
Titagarh Rail Systems Ltd.,9,batch_347.pdf
Titagarh Rail Systems Ltd.,10,batch_348.pdf
Titagarh Rail Systems Ltd.,11,batch_348.pdf
Titan Biotech Ltd.,4,batch_348.pdf
Titan Biotech Ltd.,5,batch_348.pdf
Titan Biotech Ltd.,8,batch_348.pdf
Titan Biotech Ltd.,9,batch_348.pdf
Titan Company Ltd.,3,batch_348.pdf
Titan Company Ltd.,8,batch_348.pdf
Titan Company Ltd.,9,batch_348.pdf
Titan Company Ltd.,10,batch_348.pdf
Titan Company Ltd.,11,batch_349.pdf
Titan Company Ltd.,12,batch_349.pdf
Titan Company Ltd.,13,batch_349.pdf
Titan Company Ltd.,14,batch_349.pdf
Titan Company Ltd.,15,batch_349.pdf
Titan Company Ltd.,18,batch_349.pdf
Titan Company Ltd.,19,batch_349.pdf
Titan Company Ltd.,20,batch_349.pdf
Titan Company Ltd.,21,batch_349.pdf
Titan Company Ltd.,22,batch_349.pdf
Tokyo Finance Ltd.,6,batch_350.pdf
Tokyo Plast International Ltd.,4,batch_350.pdf
Tolins Tyres Ltd.,2,batch_350.pdf
Tolins Tyres Ltd.,5,batch_350.pdf
Tolins Tyres Ltd.,6,batch_350.pdf
Torrent Pharmaceuticals Ltd.,5,batch_350.pdf
Torrent Pharmaceuticals Ltd.,6,batch_350.pdf
Torrent Pharmaceuticals Ltd.,8,batch_350.pdf
Torrent Pharmaceuticals Ltd.,13,batch_350.pdf
Torrent Pharmaceuticals Ltd.,16,batch_350.pdf
Torrent Pharmaceuticals Ltd.,17,batch_351.pdf
Torrent Pharmaceuticals Ltd.,19,batch_351.pdf
Torrent Power Ltd.,2,batch_351.pdf
Torrent Power Ltd.,5,batch_351.pdf
Torrent Power Ltd.,7,batch_351.pdf
Torrent Power Ltd.,10,batch_351.pdf
Torrent Power Ltd.,11,batch_351.pdf
Torrent Power Ltd.,12,batch_351.pdf
Torrent Power Ltd.,13,batch_351.pdf
Torrent Power Ltd.,14,batch_351.pdf
Torrent Power Ltd.,15,batch_352.pdf
Tourism Finance Corp Of India Ltd.,3,batch_352.pdf
Tracxn Technologies Ltd.,3,batch_352.pdf
Trans Freight Containers Ltd.,3,batch_352.pdf
Trans India House Impex Ltd.,6,batch_352.pdf
Trans India House Impex Ltd.,12,batch_352.pdf
Trans India House Impex Ltd.,13,batch_352.pdf
Transformers and Rectifiers (India) Ltd.,3,batch_352.pdf
Transformers and Rectifiers (India) Ltd.,7,batch_352.pdf
Transgene Biotek Ltd.,3,batch_352.pdf
Transgene Biotek Ltd.,4,batch_353.pdf
Transgene Biotek Ltd.,5,batch_353.pdf
Transgene Biotek Ltd.,6,batch_353.pdf
Transindia Real Estate Ltd.,4,batch_353.pdf
Transindia Real Estate Ltd.,5,batch_353.pdf
Transindia Real Estate Ltd.,6,batch_353.pdf
Transindia Real Estate Ltd.,10,batch_353.pdf
Transindia Real Estate Ltd.,11,batch_353.pdf
Transindia Real Estate Ltd.,12,batch_353.pdf
Transport Corporation Of India Ltd.,2,batch_353.pdf
Transport Corporation Of India Ltd.,3,batch_354.pdf
Transrail Lighting Ltd.,7,batch_354.pdf
Transrail Lighting Ltd.,12,batch_354.pdf
Transrail Lighting Ltd.,16,batch_354.pdf
Transrail Lighting Ltd.,19,batch_354.pdf
Transwarranty Finance Ltd.,3,batch_354.pdf
Travel Food Services Ltd.,4,batch_354.pdf
Travel Food Services Ltd.,5,batch_354.pdf
Travel Food Services Ltd.,6,batch_354.pdf
Travel Food Services Ltd.,10,batch_354.pdf
Tree House Education & Accessories Ltd.,4,batch_355.pdf
Tree House Education & Accessories Ltd.,6,batch_355.pdf
Tree House Education & Accessories Ltd.,8,batch_355.pdf
Tree House Education & Accessories Ltd.,10,batch_355.pdf
Trejhara Solutions Ltd.,5,batch_355.pdf
Trejhara Solutions Ltd.,6,batch_355.pdf
Trejhara Solutions Ltd.,9,batch_355.pdf
Trent Ltd.,3,batch_355.pdf
Trent Ltd.,4,batch_355.pdf
Trent Ltd.,7,batch_355.pdf
Trent Ltd.,8,batch_356.pdf
Trescon Ltd.,2,batch_356.pdf
Trescon Ltd.,5,batch_356.pdf
Tribhovandas Bhimji Zaveri Ltd.,5,batch_356.pdf
Tribhovandas Bhimji Zaveri Ltd.,8,batch_356.pdf
Tribhovandas Bhimji Zaveri Ltd.,9,batch_356.pdf
Trident Ltd.,7,batch_356.pdf
Trident Ltd.,8,batch_356.pdf
Trident Ltd.,9,batch_356.pdf
Trident Ltd.,10,batch_356.pdf
Trigyn Technologies Ltd.,8,batch_357.pdf
Trigyn Technologies Ltd.,13,batch_357.pdf
Trigyn Technologies Ltd.,14,batch_357.pdf
Trigyn Technologies Ltd.,17,batch_357.pdf
Trigyn Technologies Ltd.,18,batch_357.pdf
Trinity League India Ltd.,6,batch_357.pdf
Trinity League India Ltd.,8,batch_357.pdf
Trinity Tradelink Ltd.,5,batch_357.pdf
Trio Mercantile & Trading Ltd.,3,batch_357.pdf
Trishakti Industries Ltd.,3,batch_357.pdf
Trishakti Industries Ltd.,3,batch_358.pdf
Trishakti Industries Ltd.,7,batch_358.pdf
Trishakti Industries Ltd.,7,batch_358.pdf
Triton Valves Ltd.,6,batch_358.pdf
Triton Valves Ltd.,7,batch_358.pdf
Triton Valves Ltd.,11,batch_358.pdf
Triton Valves Ltd.,12,batch_358.pdf
Triton Valves Ltd.,13,batch_358.pdf
Triveni Engineering & Industries Ltd.,8,batch_358.pdf
Triveni Engineering & Industries Ltd.,9,batch_358.pdf
Triveni Engineering & Industries Ltd.,13,batch_359.pdf
Triveni Engineering & Industries Ltd.,14,batch_359.pdf
Triveni Engineering & Industries Ltd.,16,batch_359.pdf
Triveni Engineering & Industries Ltd.,17,batch_359.pdf
Triveni Glass Ltd.,4,batch_359.pdf
Triveni Glass Ltd.,5,batch_359.pdf
Triveni Glass Ltd.,6,batch_359.pdf
Triveni Glass Ltd.,7,batch_359.pdf
Triveni Glass Ltd.,8,batch_359.pdf
Trualt Bioenergy Ltd.,4,batch_359.pdf
Trualt Bioenergy Ltd.,5,batch_360.pdf
Trualt Bioenergy Ltd.,9,batch_360.pdf
Trucap Finance Ltd.,4,batch_360.pdf
Trucap Finance Ltd.,5,batch_360.pdf
Trucap Finance Ltd.,6,batch_360.pdf
Trucap Finance Ltd.,10,batch_360.pdf
Trucap Finance Ltd.,13,batch_360.pdf
Trucap Finance Ltd.,14,batch_360.pdf
Trustedge Capital Ltd.,4,batch_360.pdf
Trustedge Capital Ltd.,5,batch_360.pdf
Tulasee Bio-Ethanol Ltd.,2,batch_361.pdf
Tulasee Bio-Ethanol Ltd.,3,batch_361.pdf
Tulasee Bio-Ethanol Ltd.,4,batch_361.pdf
Tulasee Bio-Ethanol Ltd.,5,batch_361.pdf
Tulsi Extrusions Ltd.,5,batch_361.pdf
Turner Industries Ltd.,4,batch_361.pdf
Turner Industries Ltd.,5,batch_361.pdf
Turner Industries Ltd.,6,batch_361.pdf
Turner Industries Ltd.,7,batch_361.pdf
Turner Industries Ltd.,8,batch_361.pdf
Turner Industries Ltd.,9,batch_362.pdf
Turner Industries Ltd.,10,batch_362.pdf
Turtlemint Fintech Solutions Ltd.,7,batch_362.pdf
Turtlemint Fintech Solutions Ltd.,8,batch_362.pdf
Turtlemint Fintech Solutions Ltd.,9,batch_362.pdf
Turtlemint Fintech Solutions Ltd.,10,batch_362.pdf
Turtlemint Fintech Solutions Ltd.,11,batch_362.pdf
Turtlemint Fintech Solutions Ltd.,15,batch_362.pdf
Turtlemint Fintech Solutions Ltd.,17,batch_362.pdf
Turtlemint Fintech Solutions Ltd.,18,batch_362.pdf
Twamev Construction And Infrastructure Ltd.,9,batch_363.pdf
Twamev Construction And Infrastructure Ltd.,13,batch_363.pdf
Twin Roses Trades & Agencies Ltd.,4,batch_363.pdf
Tyche Industries Ltd.,2,batch_363.pdf
Typhoon Financial Services Ltd.,3,batch_363.pdf
Tyroon Tea Co Ltd.,2,batch_363.pdf
Tyroon Tea Co Ltd.,4,batch_363.pdf
Tyroon Tea Co Ltd.,5,batch_363.pdf
U. Y. Fincorp Ltd.,3,batch_363.pdf
U.H. Zaveri Ltd.,3,batch_363.pdf
UCO Bank,2,batch_364.pdf
UCO Bank,3,batch_364.pdf
UCO Bank,4,batch_364.pdf
UCO Bank,6,batch_364.pdf
UCO Bank,7,batch_364.pdf
UCO Bank,8,batch_364.pdf
UCO Bank,9,batch_364.pdf
UCO Bank,10,batch_364.pdf
UCO Bank,11,batch_364.pdf
UCO Bank,19,batch_364.pdf
UFO Moviez India Ltd.,2,batch_365.pdf
UNO Minda Ltd.,2,batch_365.pdf
UNO Minda Ltd.,4,batch_365.pdf
UNO Minda Ltd.,7,batch_365.pdf
UNi Abex Alloy Products Ltd.,4,batch_365.pdf
UP Hotels Ltd.,4,batch_365.pdf
UPL Ltd.,4,batch_365.pdf
UPL Ltd.,5,batch_365.pdf
UPL Ltd.,6,batch_365.pdf
UPL Ltd.,7,batch_365.pdf
UPL Ltd.,8,batch_366.pdf
UPL Ltd.,9,batch_366.pdf
UPL Ltd.,10,batch_366.pdf
UPL Ltd.,11,batch_366.pdf
UPL Ltd.,12,batch_366.pdf
UPL Ltd.,13,batch_366.pdf
UPL Ltd.,14,batch_366.pdf
UPL Ltd.,15,batch_366.pdf
UPL Ltd.,16,batch_366.pdf
UPL Ltd.,18,batch_366.pdf
UPL Ltd.,21,batch_367.pdf
UPL Ltd.,22,batch_367.pdf
USG Tech Solutions Ltd.,6,batch_367.pdf
USG Tech Solutions Ltd.,7,batch_367.pdf
UTI Asset Management Company Ltd.,4,batch_367.pdf
UTI Asset Management Company Ltd.,8,batch_367.pdf
UTI Asset Management Company Ltd.,9,batch_367.pdf
UTL Industries Ltd.,2,batch_367.pdf
UTL Industries Ltd.,3,batch_367.pdf
Ucal Ltd.,7,batch_367.pdf
Ucal Ltd.,8,batch_368.pdf
Uday Jewellery Industries Ltd.,6,batch_368.pdf
Ugar Sugar Works Ltd.,4,batch_368.pdf
Ugar Sugar Works Ltd.,5,batch_368.pdf
Ugar Sugar Works Ltd.,7,batch_368.pdf
Ugro Capital Ltd.,5,batch_368.pdf
Ugro Capital Ltd.,6,batch_368.pdf
Ugro Capital Ltd.,7,batch_368.pdf
Ugro Capital Ltd.,8,batch_368.pdf
Ugro Capital Ltd.,10,batch_368.pdf
Ugro Capital Ltd.,11,batch_369.pdf
Ugro Capital Ltd.,13,batch_369.pdf
Ugro Capital Ltd.,15,batch_369.pdf
Ugro Capital Ltd.,16,batch_369.pdf
Ujjivan Small Finance Bank Ltd.,4,batch_369.pdf
Ujjivan Small Finance Bank Ltd.,5,batch_369.pdf
Ujjivan Small Finance Bank Ltd.,7,batch_369.pdf
Ultramarine & Pigments Ltd.,4,batch_369.pdf
Ultramarine & Pigments Ltd.,6,batch_369.pdf
Ultramarine & Pigments Ltd.,10,batch_369.pdf
Ultramarine & Pigments Ltd.,12,batch_370.pdf
Ultramarine & Pigments Ltd.,13,batch_370.pdf
Ultratech Cement Ltd.,6,batch_370.pdf
Ultratech Cement Ltd.,7,batch_370.pdf
Ultratech Cement Ltd.,8,batch_370.pdf
Ultratech Cement Ltd.,11,batch_370.pdf
Ultratech Cement Ltd.,12,batch_370.pdf
Ultratech Cement Ltd.,14,batch_370.pdf
Umiya Buildcon Ltd.,2,batch_370.pdf
Umiya Buildcon Ltd.,4,batch_370.pdf
Umiya Buildcon Ltd.,5,batch_371.pdf
Umiya Buildcon Ltd.,7,batch_371.pdf
Unichem Laboratories Ltd.,2,batch_371.pdf
Unichem Laboratories Ltd.,3,batch_371.pdf
Unichem Laboratories Ltd.,7,batch_371.pdf
Unichem Laboratories Ltd.,8,batch_371.pdf
Unick Fix-A-Form And Printers Ltd.,3,batch_371.pdf
Unicommerce Esolutions Ltd.,6,batch_371.pdf
Unicommerce Esolutions Ltd.,12,batch_371.pdf
Unifinz Capital India Ltd.,6,batch_371.pdf
Unifinz Capital India Ltd.,8,batch_372.pdf
Unifinz Capital India Ltd.,9,batch_372.pdf
Unifinz Capital India Ltd.,10,batch_372.pdf
Unifinz Capital India Ltd.,11,batch_372.pdf
Unijolly Investments Co Ltd.,3,batch_372.pdf
Unijolly Investments Co Ltd.,4,batch_372.pdf
Unijolly Investments Co Ltd.,8,batch_372.pdf
Unimech Aerospace and Manufacturing Ltd.,4,batch_372.pdf
Unimech Aerospace and Manufacturing Ltd.,9,batch_372.pdf
Union Bank Of India,3,batch_372.pdf
Union Bank Of India,4,batch_373.pdf
Union Bank Of India,5,batch_373.pdf
Union Bank Of India,6,batch_373.pdf
Union Bank Of India,7,batch_373.pdf
Union Bank Of India,8,batch_373.pdf
Union Bank Of India,9,batch_373.pdf
Union Bank Of India,10,batch_373.pdf
Union Bank Of India,11,batch_373.pdf
Union Bank Of India,12,batch_373.pdf
Union Bank Of India,18,batch_373.pdf
Union Bank Of India,20,batch_374.pdf
Union Bank Of India,23,batch_374.pdf
Union Bank Of India,24,batch_374.pdf
Uniparts India Ltd.,5,batch_374.pdf
Uniparts India Ltd.,6,batch_374.pdf
Uniparts India Ltd.,7,batch_374.pdf
Uniparts India Ltd.,8,batch_374.pdf
Uniparts India Ltd.,9,batch_374.pdf
Uniparts India Ltd.,12,batch_374.pdf
Uniparts India Ltd.,13,batch_374.pdf
Uniparts India Ltd.,14,batch_375.pdf
Uniphos Enterprises Ltd.,4,batch_375.pdf
Uniphos Enterprises Ltd.,5,batch_375.pdf
Uniroyal Industries Ltd.,5,batch_375.pdf
Uniroyal Industries Ltd.,6,batch_375.pdf
Uniroyal Marine Exports Ltd.,2,batch_375.pdf
Unitech Ltd.,6,batch_375.pdf
Unitech Ltd.,9,batch_375.pdf
Unitech Ltd.,16,batch_375.pdf
Unitech Ltd.,27,batch_375.pdf
Unitech Ltd.,28,batch_376.pdf
Unitech Ltd.,36,batch_376.pdf
United Breweries Ltd.,2,batch_376.pdf
United Breweries Ltd.,8,batch_376.pdf
United Credit Ltd.,3,batch_376.pdf
United Credit Ltd.,5,batch_376.pdf
United Foodbrands Ltd.,3,batch_376.pdf
United Foodbrands Ltd.,9,batch_376.pdf
United Foodbrands Ltd.,10,batch_376.pdf
United Foodbrands Ltd.,11,batch_376.pdf
United Interactive Ltd.,3,batch_377.pdf
United Interactive Ltd.,5,batch_377.pdf
United Spirits Ltd.,2,batch_377.pdf
United Spirits Ltd.,3,batch_377.pdf
United Spirits Ltd.,4,batch_377.pdf
United Textiles Ltd.,3,batch_377.pdf
United Van Der Horst Ltd.,4,batch_377.pdf
United Van Der Horst Ltd.,5,batch_377.pdf
United Van Der Horst Ltd.,6,batch_377.pdf
United Van Der Horst Ltd.,9,batch_377.pdf
United Van Der Horst Ltd.,10,batch_378.pdf
United Van Der Horst Ltd.,11,batch_378.pdf
Universal Arts Ltd.,5,batch_378.pdf
Universal Arts Ltd.,9,batch_378.pdf
Universal Autofoundry Ltd.,4,batch_378.pdf
Universal Autofoundry Ltd.,5,batch_378.pdf
Universal Cables Ltd.,3,batch_378.pdf
Universal Cables Ltd.,7,batch_378.pdf
Universal Cables Ltd.,8,batch_378.pdf
Universal Cables Ltd.,12,batch_378.pdf
Universal Office Automation Ltd.,3,batch_379.pdf
Universal Starch Chem Allied Ltd.,3,batch_379.pdf
Universus Photo Imagings Ltd.,4,batch_379.pdf
Universus Photo Imagings Ltd.,7,batch_379.pdf
Uniworth Securities Ltd.,4,batch_379.pdf
Unjha Formulations Ltd.,3,batch_379.pdf
Updater Services Ltd.,3,batch_379.pdf
Updater Services Ltd.,7,batch_379.pdf
Updater Services Ltd.,9,batch_379.pdf
Updater Services Ltd.,10,batch_379.pdf
Updater Services Ltd.,11,batch_380.pdf
Uravi Defence And Technology Ltd.,4,batch_380.pdf
Uravi Defence And Technology Ltd.,4,batch_380.pdf
Uravi Defence And Technology Ltd.,8,batch_380.pdf
Uravi Defence And Technology Ltd.,8,batch_380.pdf
Uravi Defence And Technology Ltd.,10,batch_380.pdf
Urban Company Ltd.,5,batch_380.pdf
Urban Company Ltd.,6,batch_380.pdf
Urban Company Ltd.,10,batch_380.pdf
Urja Global Ltd.,4,batch_380.pdf
Urja Global Ltd.,11,batch_381.pdf
Urja Global Ltd.,18,batch_381.pdf
Usha Martin Ltd.,5,batch_381.pdf
Usha Martin Ltd.,6,batch_381.pdf
Usha Martin Ltd.,7,batch_381.pdf
Usha Martin Ltd.,11,batch_381.pdf
Ushakiran Finance Ltd.,4,batch_381.pdf
Ushakiran Finance Ltd.,5,batch_381.pdf
Utkarsh Small Finance Bank Ltd.,4,batch_381.pdf
Utkarsh Small Finance Bank Ltd.,5,batch_381.pdf
Utkarsh Small Finance Bank Ltd.,7,batch_382.pdf
V R Films & Studios Ltd.,4,batch_382.pdf
V R Films & Studios Ltd.,5,batch_382.pdf
V R Films & Studios Ltd.,7,batch_382.pdf
V-Guard Industries Ltd.,1,batch_382.pdf
V-Guard Industries Ltd.,4,batch_382.pdf
V-Guard Industries Ltd.,5,batch_382.pdf
V-Mart Retail Ltd.,5,batch_382.pdf
V-Mart Retail Ltd.,7,batch_382.pdf
V2 Retail Ltd.,3,batch_382.pdf
V2 Retail Ltd.,4,batch_383.pdf
V2 Retail Ltd.,7,batch_383.pdf
V2 Retail Ltd.,11,batch_383.pdf
VA Tech Wabag Ltd.,2,batch_383.pdf
VA Tech Wabag Ltd.,3,batch_383.pdf
VB Industries Ltd.,3,batch_383.pdf
VIP Industries Ltd.,6,batch_383.pdf
VIP Industries Ltd.,7,batch_383.pdf
VIP Industries Ltd.,8,batch_383.pdf
VISA Chrome Ltd.,6,batch_383.pdf
VISA Chrome Ltd.,10,batch_384.pdf
VLS Finance Ltd.,7,batch_384.pdf
VLS Finance Ltd.,8,batch_384.pdf
VLS Finance Ltd.,9,batch_384.pdf
VMS Industries Ltd.,4,batch_384.pdf
VMS Industries Ltd.,5,batch_384.pdf
VMS Industries Ltd.,6,batch_384.pdf
VMS Industries Ltd.,7,batch_384.pdf
VMS TMT Ltd.,4,batch_384.pdf
VMS TMT Ltd.,5,batch_384.pdf
VRL Logistics Ltd.,5,batch_385.pdf
VST Industries Ltd.,2,batch_385.pdf
VXL Instruments Ltd.,3,batch_385.pdf
VXL Instruments Ltd.,4,batch_385.pdf
Vadilal Dairy International Ltd.,2,batch_385.pdf
Vaishno Cement Company Ltd.,3,batch_385.pdf
Vakrangee Ltd.,3,batch_385.pdf
Vakrangee Ltd.,7,batch_385.pdf
Vakrangee Ltd.,9,batch_385.pdf
Valecha Engineering Ltd.,3,batch_385.pdf
Valecha Engineering Ltd.,5,batch_386.pdf
Valecha Engineering Ltd.,11,batch_386.pdf
Valecha Engineering Ltd.,15,batch_386.pdf
Valecha Engineering Ltd.,16,batch_386.pdf
Valecha Engineering Ltd.,17,batch_386.pdf
Valiant Communications Ltd.,2,batch_386.pdf
Valiant Communications Ltd.,4,batch_386.pdf
Valiant Communications Ltd.,9,batch_386.pdf
Valiant Communications Ltd.,10,batch_386.pdf
Valiant Communications Ltd.,11,batch_386.pdf
Valiant Laboratories Ltd.,6,batch_387.pdf
Valiant Laboratories Ltd.,11,batch_387.pdf
Valiant Organics Ltd.,5,batch_387.pdf
Valiant Organics Ltd.,6,batch_387.pdf
Valiant Organics Ltd.,10,batch_387.pdf
Valiant Organics Ltd.,11,batch_387.pdf
Vallabh Steels Ltd.,4,batch_387.pdf
Vallabh Steels Ltd.,6,batch_387.pdf
Valley Magnesite Co Ltd.,2,batch_387.pdf
Vapi Enterprise Ltd.,2,batch_387.pdf
Vardhman Holdings Ltd.,2,batch_388.pdf
Vardhman Holdings Ltd.,5,batch_388.pdf
Vardhman Special Steels Ltd.,4,batch_388.pdf
Vardhman Textiles Ltd.,3,batch_388.pdf
Vardhman Textiles Ltd.,7,batch_388.pdf
Vardhman Textiles Ltd.,8,batch_388.pdf
Varroc Engineering Ltd.,4,batch_388.pdf
Varroc Engineering Ltd.,5,batch_388.pdf
Varroc Engineering Ltd.,10,batch_388.pdf
Varroc Engineering Ltd.,11,batch_388.pdf
Varroc Engineering Ltd.,12,batch_389.pdf
Varun Beverages Ltd.,2,batch_389.pdf
Varun Beverages Ltd.,3,batch_389.pdf
Varun Beverages Ltd.,4,batch_389.pdf
Varun Beverages Ltd.,5,batch_389.pdf
Varun Beverages Ltd.,6,batch_389.pdf
Varun Beverages Ltd.,7,batch_389.pdf
Varun Mercantile Ltd.,4,batch_389.pdf
Vascon Engineers Ltd.,7,batch_389.pdf
Vascon Engineers Ltd.,8,batch_389.pdf
Vedant Fashions Ltd.,6,batch_390.pdf
Vedanta Aluminium Metal Ltd.,4,batch_390.pdf
Vedanta Aluminium Metal Ltd.,5,batch_390.pdf
Vedanta Aluminium Metal Ltd.,6,batch_390.pdf
Vedanta Aluminium Metal Ltd.,9,batch_390.pdf
Vedanta Aluminium Metal Ltd.,10,batch_390.pdf
Vedanta Aluminium Metal Ltd.,11,batch_390.pdf
Vedanta Iron and Steel Ltd.,7,batch_390.pdf
Vedanta Iron and Steel Ltd.,8,batch_390.pdf
Vedanta Iron and Steel Ltd.,9,batch_390.pdf
Vedanta Iron and Steel Ltd.,10,batch_391.pdf
Vedanta Iron and Steel Ltd.,12,batch_391.pdf
Vedanta Iron and Steel Ltd.,16,batch_391.pdf
Vedanta Iron and Steel Ltd.,17,batch_391.pdf
Vedanta Ltd.,8,batch_391.pdf
Vedanta Ltd.,9,batch_391.pdf
Vedanta Ltd.,10,batch_391.pdf
Vedanta Ltd.,11,batch_391.pdf
Vedanta Ltd.,12,batch_391.pdf
Vedanta Ltd.,13,batch_391.pdf
Vedanta Ltd.,14,batch_392.pdf
Vedanta Ltd.,15,batch_392.pdf
Vedanta Ltd.,19,batch_392.pdf
Vedanta Ltd.,20,batch_392.pdf
Vedanta Ltd.,21,batch_392.pdf
Vedanta Ltd.,23,batch_392.pdf
Vedanta Ltd.,24,batch_392.pdf
Vedanta Ltd.,25,batch_392.pdf
Vedanta Oil and Gas Ltd.,5,batch_392.pdf
Vedanta Oil and Gas Ltd.,6,batch_392.pdf
Vedanta Oil and Gas Ltd.,7,batch_393.pdf
Vedanta Oil and Gas Ltd.,8,batch_393.pdf
Vedanta Oil and Gas Ltd.,11,batch_393.pdf
Vedanta Oil and Gas Ltd.,12,batch_393.pdf
Vedanta Power Ltd.,5,batch_393.pdf
Vedanta Power Ltd.,7,batch_393.pdf
Vedanta Power Ltd.,11,batch_393.pdf
Vedanta Power Ltd.,13,batch_393.pdf
Veedol Corporation Ltd.,1,batch_393.pdf
Veedol Corporation Ltd.,3,batch_393.pdf
Veedol Corporation Ltd.,4,batch_394.pdf
Veedol Corporation Ltd.,12,batch_394.pdf
Veejay Lakshmi Engineering Works Ltd.,3,batch_394.pdf
Veejay Lakshmi Engineering Works Ltd.,4,batch_394.pdf
Veejay Lakshmi Engineering Works Ltd.,5,batch_394.pdf
Veejay Lakshmi Engineering Works Ltd.,6,batch_394.pdf
Veejay Lakshmi Engineering Works Ltd.,7,batch_394.pdf
Veejay Lakshmi Engineering Works Ltd.,8,batch_394.pdf
Veer Energy & Infrastructure Ltd.,4,batch_394.pdf
Veer Energy & Infrastructure Ltd.,5,batch_394.pdf
Veer Global Infraconstruction Ltd.,1,batch_395.pdf
Veer Global Infraconstruction Ltd.,2,batch_395.pdf
Veer Global Infraconstruction Ltd.,3,batch_395.pdf
Veerhealth Care Ltd.,3,batch_395.pdf
Vega Jewellers Ltd.,2,batch_395.pdf
Vega Jewellers Ltd.,6,batch_395.pdf
Veljan Denison Ltd.,3,batch_395.pdf
Veljan Denison Ltd.,5,batch_395.pdf
Venkys India Ltd.,2,batch_395.pdf
Venkys India Ltd.,3,batch_395.pdf
Venmax Drugs And Pharmaceuticals Ltd.,2,batch_396.pdf
Venmax Drugs And Pharmaceuticals Ltd.,3,batch_396.pdf
Venmax Drugs And Pharmaceuticals Ltd.,4,batch_396.pdf
Venmax Drugs And Pharmaceuticals Ltd.,5,batch_396.pdf
Venmax Drugs And Pharmaceuticals Ltd.,6,batch_396.pdf
Venmax Drugs And Pharmaceuticals Ltd.,7,batch_396.pdf
Venmax Drugs And Pharmaceuticals Ltd.,8,batch_396.pdf
Venmax Drugs And Pharmaceuticals Ltd.,9,batch_396.pdf
Ventive Hospitality Ltd.,6,batch_396.pdf
Ventive Hospitality Ltd.,7,batch_396.pdf
Ventive Hospitality Ltd.,8,batch_397.pdf
Ventive Hospitality Ltd.,12,batch_397.pdf
Ventive Hospitality Ltd.,13,batch_397.pdf
Ventive Hospitality Ltd.,14,batch_397.pdf
Ventive Hospitality Ltd.,15,batch_397.pdf
Ventive Hospitality Ltd.,16,batch_397.pdf
Ventive Hospitality Ltd.,17,batch_397.pdf
Ventura Guaranty Ltd.,5,batch_397.pdf
Ventura Guaranty Ltd.,6,batch_397.pdf
Ventura Guaranty Ltd.,7,batch_397.pdf
Ventura Guaranty Ltd.,9,batch_398.pdf
Ventura Guaranty Ltd.,12,batch_398.pdf
Ventura Guaranty Ltd.,13,batch_398.pdf
Ventura Guaranty Ltd.,14,batch_398.pdf
Venus Pipes & Tubes Ltd.,2,batch_398.pdf
Venus Remedies Ltd.,5,batch_398.pdf
Venus Remedies Ltd.,10,batch_398.pdf
Veranda Learning Solutions Ltd.,7,batch_398.pdf
Veranda Learning Solutions Ltd.,8,batch_398.pdf
Veranda Learning Solutions Ltd.,9,batch_398.pdf
Veranda Learning Solutions Ltd.,10,batch_399.pdf
Veritas India Ltd.,4,batch_399.pdf
Veritas India Ltd.,7,batch_399.pdf
Veritas India Ltd.,9,batch_399.pdf
Veritas India Ltd.,13,batch_399.pdf
Veritas India Ltd.,14,batch_399.pdf
Vertex Securities Ltd.,2,batch_399.pdf
Vesuvius India Ltd.,3,batch_399.pdf
Vesuvius India Ltd.,4,batch_399.pdf
Vesuvius India Ltd.,5,batch_399.pdf
Viaan Industries Ltd.,5,batch_400.pdf
Vibhor Steel Tubes Ltd.,7,batch_400.pdf
Vibhor Steel Tubes Ltd.,11,batch_400.pdf
Viceroy Hotels Ltd.,4,batch_400.pdf
Viceroy Hotels Ltd.,6,batch_400.pdf
Viceroy Hotels Ltd.,8,batch_400.pdf
Viceroy Hotels Ltd.,10,batch_400.pdf
Vijaya Diagnostic Centre Ltd.,2,batch_400.pdf
Vijaya Diagnostic Centre Ltd.,5,batch_400.pdf
Viji Finance Ltd.,3,batch_400.pdf
Vikas Ecotech Ltd.,9,batch_401.pdf
Vikas Ecotech Ltd.,12,batch_401.pdf
Vikas Ecotech Ltd.,13,batch_401.pdf
Vikas Ecotech Ltd.,14,batch_401.pdf
Vikas Ecotech Ltd.,23,batch_401.pdf
Vikas Ecotech Ltd.,26,batch_401.pdf
Vikas Ecotech Ltd.,27,batch_401.pdf
Vikas Ecotech Ltd.,28,batch_401.pdf
Vikram Solar Ltd.,4,batch_401.pdf
Vikram Solar Ltd.,5,batch_401.pdf
Vikram Solar Ltd.,9,batch_402.pdf
Vikram Solar Ltd.,10,batch_402.pdf
Vikram Solar Ltd.,11,batch_402.pdf
Vimta Labs Ltd.,3,batch_402.pdf
Vinati Organics Ltd.,3,batch_402.pdf
Vinati Organics Ltd.,5,batch_402.pdf
Vinayak Vanijya Ltd.,3,batch_402.pdf
Vinayak Vanijya Ltd.,4,batch_402.pdf
Vinayak Vanijya Ltd.,5,batch_402.pdf
Vindhya Telelinks Ltd.,3,batch_402.pdf
Vindhya Telelinks Ltd.,4,batch_403.pdf
Vindhya Telelinks Ltd.,5,batch_403.pdf
Vindhya Telelinks Ltd.,8,batch_403.pdf
Vindhya Telelinks Ltd.,9,batch_403.pdf
Vindhya Telelinks Ltd.,10,batch_403.pdf
Vintage Coffee And Beverages Ltd.,2,batch_403.pdf
Vinyl Chemicals India Ltd.,2,batch_403.pdf
Vinyoflex Ltd.,4,batch_403.pdf
Vinyoflex Ltd.,5,batch_403.pdf
Vinyoflex Ltd.,6,batch_403.pdf
Vinyoflex Ltd.,7,batch_404.pdf
Viram Suvarn Ltd.,2,batch_404.pdf
Virat Crane Industries Ltd.,2,batch_404.pdf
Virat Crane Industries Ltd.,3,batch_404.pdf
Virat Leasing Ltd.,2,batch_404.pdf
Virgo Polymers India Ltd.,5,batch_404.pdf
Virtuoso Optoelectronics Ltd.,5,batch_404.pdf
Virtuoso Optoelectronics Ltd.,9,batch_404.pdf
Virtuoso Optoelectronics Ltd.,13,batch_404.pdf
Virya Resources Ltd.,4,batch_404.pdf
Virya Resources Ltd.,7,batch_405.pdf
Visagar Polytex Ltd.,2,batch_405.pdf
Visaka Industries Ltd.,3,batch_405.pdf
Visaka Industries Ltd.,7,batch_405.pdf
Visaka Industries Ltd.,8,batch_405.pdf
Visaka Industries Ltd.,13,batch_405.pdf
Visaka Industries Ltd.,14,batch_405.pdf
Vishal Bearings Ltd.,2,batch_405.pdf
Vishal Fabrics Ltd.,4,batch_405.pdf
Vishal Fabrics Ltd.,7,batch_405.pdf
Vishal Mega Mart Ltd.,3,batch_406.pdf
Vishal Mega Mart Ltd.,8,batch_406.pdf
Vishal Mega Mart Ltd.,12,batch_406.pdf
Vishnu Chemicals Ltd.,2,batch_406.pdf
Vishnu Chemicals Ltd.,3,batch_406.pdf
Vishnu Chemicals Ltd.,6,batch_406.pdf
Vishnu Chemicals Ltd.,7,batch_406.pdf
Vishnu Prakash R Punglia Ltd.,5,batch_406.pdf
Vishwaraj Sugar Industries Ltd.,3,batch_406.pdf
Vishwaraj Sugar Industries Ltd.,4,batch_406.pdf
Vishwaraj Sugar Industries Ltd.,5,batch_407.pdf
Vishwaraj Sugar Industries Ltd.,6,batch_407.pdf
Vishwaraj Sugar Industries Ltd.,7,batch_407.pdf
Vistar Amar Ltd.,11,batch_407.pdf
Vivid Mercantile Ltd.,2,batch_407.pdf
Vivimed Labs Ltd.,2,batch_407.pdf
Vivimed Labs Ltd.,3,batch_407.pdf
Vivimed Labs Ltd.,4,batch_407.pdf
Vivimed Labs Ltd.,5,batch_407.pdf
Vivimed Labs Ltd.,6,batch_407.pdf
Vivo Bio Tech Ltd.,2,batch_408.pdf
Vivo Bio Tech Ltd.,3,batch_408.pdf
Viyash Scientific Ltd.,5,batch_408.pdf
Viyash Scientific Ltd.,6,batch_408.pdf
Viyash Scientific Ltd.,10,batch_408.pdf
Viyash Scientific Ltd.,11,batch_408.pdf
Vodafone Idea Ltd.,5,batch_408.pdf
Vodafone Idea Ltd.,6,batch_408.pdf
Vodafone Idea Ltd.,7,batch_408.pdf
Vodafone Idea Ltd.,9,batch_408.pdf
Vodafone Idea Ltd.,10,batch_409.pdf
Vodafone Idea Ltd.,12,batch_409.pdf
Vodafone Idea Ltd.,14,batch_409.pdf
Voith Paper Fabrics India Ltd.,2,batch_409.pdf
Voltaire Leasing & Finance Ltd.,2,batch_409.pdf
Voltamp Transformers Ltd.,4,batch_409.pdf
Vraj Iron And Steel Ltd.,3,batch_409.pdf
Vraj Iron And Steel Ltd.,5,batch_409.pdf
Vraj Iron And Steel Ltd.,10,batch_409.pdf
WE Win Ltd.,4,batch_409.pdf
WE Win Ltd.,5,batch_410.pdf
WEP Solutions Ltd.,3,batch_410.pdf
WEP Solutions Ltd.,6,batch_410.pdf
WH Brady & Co Ltd.,3,batch_410.pdf
WH Brady & Co Ltd.,4,batch_410.pdf
WH Brady & Co Ltd.,5,batch_410.pdf
WH Brady & Co Ltd.,7,batch_410.pdf
WH Brady & Co Ltd.,9,batch_410.pdf
WH Brady & Co Ltd.,10,batch_410.pdf
Waaree Energies Ltd.,4,batch_410.pdf
Waaree Energies Ltd.,5,batch_411.pdf
Waaree Energies Ltd.,6,batch_411.pdf
Waaree Energies Ltd.,7,batch_411.pdf
Waaree Energies Ltd.,8,batch_411.pdf
Waaree Energies Ltd.,11,batch_411.pdf
Waaree Energies Ltd.,12,batch_411.pdf
Waaree Renewable Technologies Ltd.,5,batch_411.pdf
Waaree Renewable Technologies Ltd.,6,batch_411.pdf
Waaree Renewable Technologies Ltd.,7,batch_411.pdf
Waaree Renewable Technologies Ltd.,10,batch_411.pdf
Waaree Renewable Technologies Ltd.,11,batch_412.pdf
Wakefit Innovations Ltd.,4,batch_412.pdf
Wakefit Innovations Ltd.,5,batch_412.pdf
Walchand Peoplefirst Ltd.,3,batch_412.pdf
Walchand Peoplefirst Ltd.,4,batch_412.pdf
Walchandnagar Industries Ltd.,2,batch_412.pdf
Walchandnagar Industries Ltd.,3,batch_412.pdf
Wallfort Financial Services Ltd.,2,batch_412.pdf
Wallfort Financial Services Ltd.,5,batch_412.pdf
Wanbury Ltd.,5,batch_412.pdf
Wanbury Ltd.,10,batch_413.pdf
Wanbury Ltd.,11,batch_413.pdf
Waterways Leisure Tourism Ltd.,3,batch_413.pdf
Waterways Leisure Tourism Ltd.,7,batch_413.pdf
WeWork India Management Ltd.,4,batch_413.pdf
WeWork India Management Ltd.,8,batch_413.pdf
WeWork India Management Ltd.,9,batch_413.pdf
Weizmann Ltd.,3,batch_413.pdf
Weizmann Ltd.,6,batch_413.pdf
Welcast Steels Ltd.,2,batch_413.pdf
Welspun Corp Ltd.,7,batch_414.pdf
Welspun Corp Ltd.,9,batch_414.pdf
Welspun Corp Ltd.,10,batch_414.pdf
Welspun Corp Ltd.,13,batch_414.pdf
Welspun Corp Ltd.,15,batch_414.pdf
Welspun Enterprises Ltd.,6,batch_414.pdf
Welspun Enterprises Ltd.,7,batch_414.pdf
Welspun Enterprises Ltd.,9,batch_414.pdf
Welspun Enterprises Ltd.,12,batch_414.pdf
Welspun Enterprises Ltd.,13,batch_414.pdf
Welspun Enterprises Ltd.,15,batch_415.pdf
Welspun Investments And Commercials Ltd.,4,batch_415.pdf
Welspun Living Ltd.,7,batch_415.pdf
Welspun Living Ltd.,8,batch_415.pdf
Welspun Living Ltd.,9,batch_415.pdf
Welspun Living Ltd.,14,batch_415.pdf
Welspun Living Ltd.,16,batch_415.pdf
Welspun Specialty Solutions Ltd.,4,batch_415.pdf
Wendt India Ltd.,3,batch_415.pdf
Wendt India Ltd.,4,batch_415.pdf
Wendt India Ltd.,5,batch_416.pdf
Wendt India Ltd.,6,batch_416.pdf
West Coast Paper Mills Ltd.,3,batch_416.pdf
West Coast Paper Mills Ltd.,4,batch_416.pdf
West Coast Paper Mills Ltd.,7,batch_416.pdf
West Coast Paper Mills Ltd.,8,batch_416.pdf
West Leisure Resorts Ltd.,4,batch_416.pdf
West Leisure Resorts Ltd.,5,batch_416.pdf
Western Ministil Ltd.,3,batch_416.pdf
Western Ministil Ltd.,6,batch_416.pdf
Western Ministil Ltd.,7,batch_417.pdf
Westlife Foodworld Ltd.,2,batch_417.pdf
Westlife Foodworld Ltd.,4,batch_417.pdf
Westlife Foodworld Ltd.,7,batch_417.pdf
Whirlpool Of India Ltd.,6,batch_417.pdf
Whirlpool Of India Ltd.,7,batch_417.pdf
Williamson Magor & Company Ltd.,5,batch_417.pdf
Williamson Magor & Company Ltd.,13,batch_417.pdf
Williamson Magor & Company Ltd.,14,batch_417.pdf
Windlas Biotech Ltd.,4,batch_417.pdf
Windsor Machines Ltd.,4,batch_418.pdf
Windsor Machines Ltd.,5,batch_418.pdf
Windsor Machines Ltd.,7,batch_418.pdf
Windsor Machines Ltd.,10,batch_418.pdf
Windsor Machines Ltd.,13,batch_418.pdf
Winsome Textile Industries Ltd.,3,batch_418.pdf
Wisec Global Ltd.,3,batch_418.pdf
Wisec Global Ltd.,4,batch_418.pdf
Wockhardt Ltd.,3,batch_418.pdf
Wockhardt Ltd.,6,batch_418.pdf
Wockhardt Ltd.,8,batch_419.pdf
Wockhardt Ltd.,9,batch_419.pdf
Wockhardt Ltd.,10,batch_419.pdf
Wonder Electricals Ltd.,2,batch_419.pdf
Wonder Electricals Ltd.,4,batch_419.pdf
Worth Investment & Trading Co Ltd.,4,batch_419.pdf
Worth Investment & Trading Co Ltd.,5,batch_419.pdf
Worth Peripherals Ltd.,4,batch_419.pdf
Worth Peripherals Ltd.,5,batch_419.pdf
Worth Peripherals Ltd.,7,batch_419.pdf
Xchanging Solutions Ltd.,3,batch_420.pdf
Xchanging Solutions Ltd.,4,batch_420.pdf
Xpro India Ltd.,4,batch_420.pdf
Xpro India Ltd.,9,batch_420.pdf
Xpro India Ltd.,10,batch_420.pdf
Xtglobal Infotech Ltd.,2,batch_420.pdf
Xtglobal Infotech Ltd.,4,batch_420.pdf
Xtglobal Infotech Ltd.,8,batch_420.pdf
YES Bank Ltd.,5,batch_420.pdf
YES Bank Ltd.,6,batch_420.pdf
YES Bank Ltd.,7,batch_421.pdf
YES Bank Ltd.,9,batch_421.pdf
YES Bank Ltd.,10,batch_421.pdf
YES Bank Ltd.,14,batch_421.pdf
YES Bank Ltd.,15,batch_421.pdf
YES Bank Ltd.,16,batch_421.pdf
YES Bank Ltd.,17,batch_421.pdf
Yamini Investments Co Ltd.,4,batch_421.pdf
Yash Management & Satellite Ltd.,2,batch_421.pdf
Yash Management & Satellite Ltd.,6,batch_421.pdf
Yash Management & Satellite Ltd.,8,batch_422.pdf
Yasho Industries Ltd.,4,batch_422.pdf
Yasho Industries Ltd.,5,batch_422.pdf
Yasho Industries Ltd.,8,batch_422.pdf
Yasho Industries Ltd.,9,batch_422.pdf
Yogi Ltd.,9,batch_422.pdf
Yogi Ltd.,13,batch_422.pdf
Yogi Ltd.,14,batch_422.pdf
Yogi Ltd.,15,batch_422.pdf
Yuken India Ltd.,5,batch_422.pdf
Yuken India Ltd.,6,batch_423.pdf
Yuken India Ltd.,9,batch_423.pdf
Yunik Managing Advisors Ltd.,7,batch_423.pdf
Yuranus Infrastructure Ltd.,3,batch_423.pdf
Yuvraaj Hygiene Products Ltd.,4,batch_423.pdf
Yuvraaj Hygiene Products Ltd.,6,batch_423.pdf
ZF Commercial Vehicle Control Systems India Ltd.,4,batch_423.pdf
ZF Commercial Vehicle Control Systems India Ltd.,5,batch_423.pdf
ZF Commercial Vehicle Control Systems India Ltd.,8,batch_423.pdf
ZF Commercial Vehicle Control Systems India Ltd.,9,batch_423.pdf
ZF Steering Gear India Ltd.,5,batch_424.pdf
ZF Steering Gear India Ltd.,6,batch_424.pdf
ZF Steering Gear India Ltd.,10,batch_424.pdf
ZF Steering Gear India Ltd.,11,batch_424.pdf
ZF Steering Gear India Ltd.,13,batch_424.pdf
Zee Learn Ltd.,9,batch_424.pdf
Zee Learn Ltd.,16,batch_424.pdf
Zee Learn Ltd.,17,batch_424.pdf
Zen Technologies Ltd.,3,batch_424.pdf
Zen Technologies Ltd.,9,batch_424.pdf
Zen Technologies Ltd.,10,batch_425.pdf
Zenith Exports Ltd.,3,batch_425.pdf
Zenith Exports Ltd.,5,batch_425.pdf
Zenith Exports Ltd.,6,batch_425.pdf
Zenith Exports Ltd.,7,batch_425.pdf
Zenith Steel Pipes & Industries Ltd.,2,batch_425.pdf
Zenith Steel Pipes & Industries Ltd.,6,batch_425.pdf
Zenith Steel Pipes & Industries Ltd.,13,batch_425.pdf
Zenith Steel Pipes & Industries Ltd.,15,batch_425.pdf
Zenith Steel Pipes & Industries Ltd.,18,batch_425.pdf
Zenith Steel Pipes & Industries Ltd.,19,batch_426.pdf
Zenotech Laboratories Ltd.,3,batch_426.pdf
Zensar Technologies Ltd.,3,batch_426.pdf
Zensar Technologies Ltd.,6,batch_426.pdf
Zensar Technologies Ltd.,7,batch_426.pdf
Zim Laboratories Ltd.,3,batch_426.pdf
Zim Laboratories Ltd.,6,batch_426.pdf
Zodiac Clothing Company Ltd.,3,batch_426.pdf
Zodiac Clothing Company Ltd.,4,batch_426.pdf
Zodiac Clothing Company Ltd.,6,batch_426.pdf
Zodiac Energy Ltd.,1,batch_427.pdf
Zodiac Energy Ltd.,4,batch_427.pdf
Zodiac Energy Ltd.,6,batch_427.pdf
Zodiac Energy Ltd.,10,batch_427.pdf
Zodiac Energy Ltd.,11,batch_427.pdf
Zodiac Energy Ltd.,12,batch_427.pdf
Zodiac Energy Ltd.,13,batch_427.pdf
Zuari Agro Chemicals Ltd.,2,batch_427.pdf
Zuari Industries Ltd.,6,batch_427.pdf
Zuari Industries Ltd.,7,batch_427.pdf
Zuari Industries Ltd.,8,batch_428.pdf
Zuari Industries Ltd.,9,batch_428.pdf
Zuari Industries Ltd.,10,batch_428.pdf
Zydus Lifesciences Ltd.,4,batch_428.pdf
Zydus Lifesciences Ltd.,11,batch_428.pdf
Zydus Lifesciences Ltd.,12,batch_428.pdf
Zydus Lifesciences Ltd.,13,batch_428.pdf
Zydus Wellness Ltd.,4,batch_428.pdf
Zydus Wellness Ltd.,7,batch_428.pdf
Zydus Wellness Ltd.,8,batch_428.pdf
