pdf,page_n
3I Infotech Ltd..pdf,1
3I Infotech Ltd..pdf,2
3I Infotech Ltd..pdf,3
3I Infotech Ltd..pdf,4
3I Infotech Ltd..pdf,5
3I Infotech Ltd..pdf,6
3I Infotech Ltd..pdf,7
3I Infotech Ltd..pdf,8
3I Infotech Ltd..pdf,9
3I Infotech Ltd..pdf,10
3I Infotech Ltd..pdf,11
3I Infotech Ltd..pdf,12
3I Infotech Ltd..pdf,13
3I Infotech Ltd..pdf,14
3I Infotech Ltd..pdf,15
3I Infotech Ltd..pdf,16
3I Infotech Ltd..pdf,17
3I Infotech Ltd..pdf,18
3I Infotech Ltd..pdf,19
3I Infotech Ltd..pdf,20
ACS Technologies Ltd..pdf,1
ACS Technologies Ltd..pdf,2
ACS Technologies Ltd..pdf,3
ACS Technologies Ltd..pdf,4
ACS Technologies Ltd..pdf,5
ACS Technologies Ltd..pdf,6
ACS Technologies Ltd..pdf,7
ADC India Communications Ltd..pdf,1
ADC India Communications Ltd..pdf,2
ADC India Communications Ltd..pdf,3
ADC India Communications Ltd..pdf,4
APT Packaging Ltd..pdf,1
APT Packaging Ltd..pdf,2
APT Packaging Ltd..pdf,3
APT Packaging Ltd..pdf,4
APT Packaging Ltd..pdf,5
APT Packaging Ltd..pdf,6
ATV Projects India Ltd..pdf,1
ATV Projects India Ltd..pdf,2
ATV Projects India Ltd..pdf,3
ATV Projects India Ltd..pdf,4
AUDROC Ltd..pdf,1
AUDROC Ltd..pdf,2
AUDROC Ltd..pdf,3
AUDROC Ltd..pdf,4
AUDROC Ltd..pdf,5
AUDROC Ltd..pdf,6
AUDROC Ltd..pdf,7
AUDROC Ltd..pdf,8
AUDROC Ltd..pdf,9
AUDROC Ltd..pdf,10
AUDROC Ltd..pdf,11
Aarnav Fashions Ltd..pdf,1
Aarnav Fashions Ltd..pdf,2
Aarnav Fashions Ltd..pdf,3
Aarnav Fashions Ltd..pdf,4
Aarti Drugs Ltd..pdf,1
Aarti Drugs Ltd..pdf,2
Aarti Drugs Ltd..pdf,3
Aarti Drugs Ltd..pdf,4
Aarti Drugs Ltd..pdf,5
Aarti Drugs Ltd..pdf,6
Aarti Drugs Ltd..pdf,7
Aarti Drugs Ltd..pdf,8
Aarti Drugs Ltd..pdf,9
Aarti Drugs Ltd..pdf,10
Aarvi Encon Ltd..pdf,1
Aarvi Encon Ltd..pdf,2
Aarvi Encon Ltd..pdf,3
Aarvi Encon Ltd..pdf,4
Aarvi Encon Ltd..pdf,5
Aarvi Encon Ltd..pdf,6
Aarvi Encon Ltd..pdf,7
Aarvi Encon Ltd..pdf,8
Aarvi Encon Ltd..pdf,9
Aarvi Encon Ltd..pdf,10
Aarvi Encon Ltd..pdf,11
Abbott India Ltd..pdf,1
Abbott India Ltd..pdf,2
Abbott India Ltd..pdf,3
Abbott India Ltd..pdf,4
Accedere Ltd..pdf,1
Accedere Ltd..pdf,2
Accedere Ltd..pdf,3
Accedere Ltd..pdf,4
Accedere Ltd..pdf,5
Accedere Ltd..pdf,6
Achyut Healthcare Ltd..pdf,1
Achyut Healthcare Ltd..pdf,2
Achyut Healthcare Ltd..pdf,3
Acknit Industries Ltd..pdf,1
Acknit Industries Ltd..pdf,2
Acknit Industries Ltd..pdf,3
Acknit Industries Ltd..pdf,4
Addi Industries Ltd..pdf,1
Addi Industries Ltd..pdf,2
Addi Industries Ltd..pdf,3
Addi Industries Ltd..pdf,4
Addi Industries Ltd..pdf,5
Addi Industries Ltd..pdf,6
Addi Industries Ltd..pdf,7
Addi Industries Ltd..pdf,8
Addi Industries Ltd..pdf,9
Addi Industries Ltd..pdf,10
Addi Industries Ltd..pdf,11
Addi Industries Ltd..pdf,12
Addi Industries Ltd..pdf,13
Aditya Birla Capital Ltd..pdf,1
Aditya Birla Capital Ltd..pdf,2
Aditya Birla Capital Ltd..pdf,3
Aditya Birla Capital Ltd..pdf,4
Aditya Birla Capital Ltd..pdf,5
Aditya Birla Capital Ltd..pdf,6
Aditya Birla Capital Ltd..pdf,7
Aditya Birla Capital Ltd..pdf,8
Aditya Birla Capital Ltd..pdf,9
Aditya Birla Capital Ltd..pdf,10
Aditya Birla Capital Ltd..pdf,11
Aditya Birla Capital Ltd..pdf,12
Aditya Birla Capital Ltd..pdf,13
Aditya Birla Capital Ltd..pdf,14
Aditya Birla Capital Ltd..pdf,15
Aditya Birla Capital Ltd..pdf,16
Aditya Birla Capital Ltd..pdf,17
Aditya Birla Capital Ltd..pdf,18
Aditya Birla Capital Ltd..pdf,19
Aditya Birla Capital Ltd..pdf,20
Aditya Birla Capital Ltd..pdf,21
Aditya Birla Capital Ltd..pdf,22
Aditya Birla Capital Ltd..pdf,23
Aditya Birla Capital Ltd..pdf,24
Aditya Birla Capital Ltd..pdf,25
Aditya Birla Capital Ltd..pdf,26
Aditya Birla Capital Ltd..pdf,27
Aditya Birla Capital Ltd..pdf,28
Aditya Birla Capital Ltd..pdf,29
Aditya Birla Capital Ltd..pdf,30
Aditya Birla Capital Ltd..pdf,31
Aditya Birla Capital Ltd..pdf,32
Aditya Birla Capital Ltd..pdf,33
Aditya Birla Capital Ltd..pdf,34
Aditya Birla Capital Ltd..pdf,35
Aditya Birla Capital Ltd..pdf,36
Aditya Birla Capital Ltd..pdf,37
Aditya Birla Capital Ltd..pdf,38
Aditya Birla Capital Ltd..pdf,39
Aditya Birla Lifestyle Brands Ltd..pdf,1
Aditya Birla Lifestyle Brands Ltd..pdf,2
Aditya Birla Lifestyle Brands Ltd..pdf,3
Aditya Birla Lifestyle Brands Ltd..pdf,4
Aditya Birla Lifestyle Brands Ltd..pdf,5
Aditya Birla Lifestyle Brands Ltd..pdf,6
Aditya Birla Lifestyle Brands Ltd..pdf,7
Aditya Birla Lifestyle Brands Ltd..pdf,8
Aditya Birla Lifestyle Brands Ltd..pdf,9
Aditya Birla Lifestyle Brands Ltd..pdf,10
Aditya Birla Lifestyle Brands Ltd..pdf,11
Aditya Birla Lifestyle Brands Ltd..pdf,12
Aditya Birla Lifestyle Brands Ltd..pdf,13
Aditya Birla Lifestyle Brands Ltd..pdf,14
Adroit Infotech Ltd..pdf,1
Adroit Infotech Ltd..pdf,2
Adroit Infotech Ltd..pdf,3
Adroit Infotech Ltd..pdf,4
Adroit Infotech Ltd..pdf,5
Adroit Infotech Ltd..pdf,6
Adroit Infotech Ltd..pdf,7
Advance Lifestyles Ltd..pdf,1
Advance Lifestyles Ltd..pdf,2
Advance Lifestyles Ltd..pdf,3
Advance Lifestyles Ltd..pdf,4
Advance Lifestyles Ltd..pdf,5
Advance Lifestyles Ltd..pdf,6
Advance Lifestyles Ltd..pdf,7
Advance Lifestyles Ltd..pdf,8
Aeonx Digital Technology Ltd..pdf,1
Aeonx Digital Technology Ltd..pdf,2
Aeonx Digital Technology Ltd..pdf,3
Aeonx Digital Technology Ltd..pdf,4
Aeonx Digital Technology Ltd..pdf,5
Aeonx Digital Technology Ltd..pdf,6
Aeonx Digital Technology Ltd..pdf,7
Aeonx Digital Technology Ltd..pdf,8
Aeonx Digital Technology Ltd..pdf,9
Aeroflex Enterprises Ltd..pdf,1
Aeroflex Enterprises Ltd..pdf,2
Aeroflex Enterprises Ltd..pdf,3
Aeroflex Enterprises Ltd..pdf,4
Aeroflex Enterprises Ltd..pdf,5
Aeroflex Enterprises Ltd..pdf,6
Aeroflex Enterprises Ltd..pdf,7
Aeroflex Enterprises Ltd..pdf,8
Aeroflex Enterprises Ltd..pdf,9
Aeroflex Enterprises Ltd..pdf,10
Aeroflex Enterprises Ltd..pdf,11
Aeroflex Enterprises Ltd..pdf,12
Aeroflex Neu Ltd..pdf,1
Aeroflex Neu Ltd..pdf,2
Aeroflex Neu Ltd..pdf,3
Aeroflex Neu Ltd..pdf,4
Aeroflex Neu Ltd..pdf,5
Aeroflex Neu Ltd..pdf,6
Aeroflex Neu Ltd..pdf,7
Aeroflex Neu Ltd..pdf,8
Aeroflex Neu Ltd..pdf,9
Aeroflex Neu Ltd..pdf,10
Agarwal Fortune India Ltd..pdf,1
Agarwal Fortune India Ltd..pdf,2
Agarwal Fortune India Ltd..pdf,3
Agarwal Fortune India Ltd..pdf,4
Agarwal Fortune India Ltd..pdf,5
Agarwal Fortune India Ltd..pdf,6
Agarwal Fortune India Ltd..pdf,7
Agarwal Fortune India Ltd..pdf,8
Ajanta Pharma Ltd..pdf,1
Ajanta Pharma Ltd..pdf,2
Ajanta Pharma Ltd..pdf,3
Ajanta Pharma Ltd..pdf,4
Ajanta Pharma Ltd..pdf,5
Ajanta Pharma Ltd..pdf,6
Ajanta Pharma Ltd..pdf,7
Ajanta Pharma Ltd..pdf,8
Ajanta Pharma Ltd..pdf,9
Ajanta Pharma Ltd..pdf,10
Ajanta Pharma Ltd..pdf,11
Ajanta Pharma Ltd..pdf,12
Ajanta Pharma Ltd..pdf,13
Ajanta Pharma Ltd..pdf,14
Ajanta Pharma Ltd..pdf,15
Ajanta Pharma Ltd..pdf,16
Ajanta Pharma Ltd..pdf,17
Ajanta Pharma Ltd..pdf,18
Ajanta Pharma Ltd..pdf,19
Ajanta Pharma Ltd..pdf,20
Ajanta Pharma Ltd..pdf,21
Ajanta Pharma Ltd..pdf,22
Ajanta Pharma Ltd..pdf,23
Ajanta Pharma Ltd..pdf,24
Ajanta Pharma Ltd..pdf,25
Ajanta Pharma Ltd..pdf,26
Ajanta Pharma Ltd..pdf,27
Ajanta Pharma Ltd..pdf,28
Ajanta Pharma Ltd..pdf,29
Ajanta Pharma Ltd..pdf,30
Ajanta Pharma Ltd..pdf,31
Ajanta Pharma Ltd..pdf,32
Ajanta Pharma Ltd..pdf,33
Ajanta Pharma Ltd..pdf,34
Ajanta Pharma Ltd..pdf,35
Ajanta Pharma Ltd..pdf,36
Ajanta Pharma Ltd..pdf,37
Ajanta Pharma Ltd..pdf,38
Ajanta Pharma Ltd..pdf,39
Ajanta Pharma Ltd..pdf,40
Ajanta Pharma Ltd..pdf,41
Ajanta Pharma Ltd..pdf,42
Ajanta Pharma Ltd..pdf,43
Ajanta Pharma Ltd..pdf,44
Ajanta Pharma Ltd..pdf,45
Ajanta Pharma Ltd..pdf,46
Ajanta Pharma Ltd..pdf,47
Ajanta Pharma Ltd..pdf,48
Ajanta Pharma Ltd..pdf,49
Ajanta Pharma Ltd..pdf,50
Ajanta Pharma Ltd..pdf,51
Ajcon Global Services Ltd..pdf,1
Ajcon Global Services Ltd..pdf,2
Ajcon Global Services Ltd..pdf,3
Ajcon Global Services Ltd..pdf,4
Ajcon Global Services Ltd..pdf,5
Ajcon Global Services Ltd..pdf,6
Ajcon Global Services Ltd..pdf,7
Ajcon Global Services Ltd..pdf,8
Akar Auto Industries Ltd..pdf,1
Akar Auto Industries Ltd..pdf,2
Akar Auto Industries Ltd..pdf,3
Alan Scott Enterprises Ltd..pdf,1
Alan Scott Enterprises Ltd..pdf,2
Alan Scott Enterprises Ltd..pdf,3
Alfa Ica India Ltd..pdf,1
Alfa Ica India Ltd..pdf,2
Alfa Ica India Ltd..pdf,3
Alfa Ica India Ltd..pdf,4
Alfa Ica India Ltd..pdf,5
Alicon Castalloy Ltd..pdf,1
Alicon Castalloy Ltd..pdf,2
Alicon Castalloy Ltd..pdf,3
Alicon Castalloy Ltd..pdf,4
Alicon Castalloy Ltd..pdf,5
Alicon Castalloy Ltd..pdf,6
Alicon Castalloy Ltd..pdf,7
Alicon Castalloy Ltd..pdf,8
Alicon Castalloy Ltd..pdf,9
Alicon Castalloy Ltd..pdf,10
Alicon Castalloy Ltd..pdf,11
Alliance Integrated Metaliks Ltd..pdf,1
Alliance Integrated Metaliks Ltd..pdf,2
Alliance Integrated Metaliks Ltd..pdf,3
Alliance Integrated Metaliks Ltd..pdf,4
Alliance Integrated Metaliks Ltd..pdf,5
Alliance Integrated Metaliks Ltd..pdf,6
Alliance Integrated Metaliks Ltd..pdf,7
Allied Digital Services Ltd..pdf,1
Allied Digital Services Ltd..pdf,2
Allied Digital Services Ltd..pdf,3
Allied Digital Services Ltd..pdf,4
Allied Digital Services Ltd..pdf,5
Allied Digital Services Ltd..pdf,6
Allied Digital Services Ltd..pdf,7
Allied Digital Services Ltd..pdf,8
Allied Digital Services Ltd..pdf,9
Allied Digital Services Ltd..pdf,10
Allied Digital Services Ltd..pdf,11
Allied Digital Services Ltd..pdf,12
Almondz Global Securities Ltd..pdf,1
Almondz Global Securities Ltd..pdf,2
Almondz Global Securities Ltd..pdf,3
Almondz Global Securities Ltd..pdf,4
Almondz Global Securities Ltd..pdf,5
Almondz Global Securities Ltd..pdf,6
Almondz Global Securities Ltd..pdf,7
Almondz Global Securities Ltd..pdf,8
Almondz Global Securities Ltd..pdf,9
Almondz Global Securities Ltd..pdf,10
Alphalogic Techsys Ltd..pdf,1
Alphalogic Techsys Ltd..pdf,2
Alphalogic Techsys Ltd..pdf,3
Alphalogic Techsys Ltd..pdf,4
Alphalogic Techsys Ltd..pdf,5
Alphalogic Techsys Ltd..pdf,6
Alphalogic Techsys Ltd..pdf,7
Alphalogic Techsys Ltd..pdf,8
Alphalogic Techsys Ltd..pdf,9
Alphalogic Techsys Ltd..pdf,10
Alphalogic Techsys Ltd..pdf,11
Alphalogic Techsys Ltd..pdf,12
Alpine Housing Development Corp Ltd..pdf,1
Alpine Housing Development Corp Ltd..pdf,2
Alpine Housing Development Corp Ltd..pdf,3
Alpine Housing Development Corp Ltd..pdf,4
Alpine Housing Development Corp Ltd..pdf,5
Alstone Textiles India Ltd..pdf,1
Alstone Textiles India Ltd..pdf,2
Alstone Textiles India Ltd..pdf,3
Alstone Textiles India Ltd..pdf,4
Alstone Textiles India Ltd..pdf,5
Alstone Textiles India Ltd..pdf,6
Amal Ltd..pdf,1
Amal Ltd..pdf,2
Amal Ltd..pdf,3
Amal Ltd..pdf,4
Amal Ltd..pdf,5
Amal Ltd..pdf,6
Amal Ltd..pdf,7
Amal Ltd..pdf,8
Amal Ltd..pdf,9
Amanta Healthcare Ltd..pdf,1
Amanta Healthcare Ltd..pdf,2
Amanta Healthcare Ltd..pdf,3
Amanta Healthcare Ltd..pdf,4
Amba Enterprises Ltd..pdf,1
Amba Enterprises Ltd..pdf,2
Amba Enterprises Ltd..pdf,3
Amba Enterprises Ltd..pdf,4
Ambassador Intra Holdings Ltd..pdf,1
Ambassador Intra Holdings Ltd..pdf,2
Ambassador Intra Holdings Ltd..pdf,3
Ambassador Intra Holdings Ltd..pdf,4
Amit International Ltd..pdf,1
Amit International Ltd..pdf,2
Amit International Ltd..pdf,3
Ampvolts Ltd..pdf,1
Ampvolts Ltd..pdf,2
Ampvolts Ltd..pdf,3
Ampvolts Ltd..pdf,4
Ampvolts Ltd..pdf,5
Ams Polymers Ltd..pdf,1
Ams Polymers Ltd..pdf,2
Ams Polymers Ltd..pdf,3
Ams Polymers Ltd..pdf,4
Ams Polymers Ltd..pdf,5
Anand Projects Ltd..pdf,1
Anand Projects Ltd..pdf,2
Anand Projects Ltd..pdf,3
Anand Projects Ltd..pdf,4
Anand Projects Ltd..pdf,5
Anand Projects Ltd..pdf,6
Anand Projects Ltd..pdf,7
Anand Projects Ltd..pdf,8
Anjani Foods Ltd..pdf,1
Anjani Foods Ltd..pdf,2
Anjani Foods Ltd..pdf,3
Anjani Foods Ltd..pdf,4
Anjani Foods Ltd..pdf,5
Ansal Housing Ltd..pdf,1
Ansal Housing Ltd..pdf,2
Ansal Housing Ltd..pdf,3
Ansal Housing Ltd..pdf,4
Ansal Housing Ltd..pdf,5
Ansal Housing Ltd..pdf,6
Ansal Housing Ltd..pdf,7
Ansal Housing Ltd..pdf,8
Ansal Housing Ltd..pdf,9
Ansal Housing Ltd..pdf,10
Ansal Housing Ltd..pdf,11
Antariksh Industries Ltd..pdf,1
Antariksh Industries Ltd..pdf,2
Antariksh Industries Ltd..pdf,3
Antariksh Industries Ltd..pdf,4
Aptech Ltd..pdf,1
Aptech Ltd..pdf,2
Aptech Ltd..pdf,3
Aptech Ltd..pdf,4
Aptech Ltd..pdf,5
Aptech Ltd..pdf,6
Aptech Ltd..pdf,7
Aptech Ltd..pdf,8
Aptech Ltd..pdf,9
Aptech Ltd..pdf,10
Aptech Ltd..pdf,11
Aptech Ltd..pdf,12
Aptech Ltd..pdf,13
Aravali Securities & Finance Ltd..pdf,1
Aravali Securities & Finance Ltd..pdf,2
Aravali Securities & Finance Ltd..pdf,3
Aravali Securities & Finance Ltd..pdf,4
Arcee Industries Ltd..pdf,1
Arcee Industries Ltd..pdf,2
Arcee Industries Ltd..pdf,3
Arcee Industries Ltd..pdf,4
Arcee Industries Ltd..pdf,5
Arihant Foundations & Housing Ltd..pdf,1
Arihant Foundations & Housing Ltd..pdf,2
Arihant Foundations & Housing Ltd..pdf,3
Arihant Foundations & Housing Ltd..pdf,4
Arihant Foundations & Housing Ltd..pdf,5
Arihant Foundations & Housing Ltd..pdf,6
Arihant Foundations & Housing Ltd..pdf,7
Arihant Foundations & Housing Ltd..pdf,8
Arihant Foundations & Housing Ltd..pdf,9
Arihant Foundations & Housing Ltd..pdf,10
Arihants Securities Ltd..pdf,1
Arihants Securities Ltd..pdf,2
Arihants Securities Ltd..pdf,3
Arihants Securities Ltd..pdf,4
Arman Financial Services Ltd..pdf,1
Arman Financial Services Ltd..pdf,2
Arman Financial Services Ltd..pdf,3
Arman Financial Services Ltd..pdf,4
Arman Financial Services Ltd..pdf,5
Arman Financial Services Ltd..pdf,6
Arman Financial Services Ltd..pdf,7
Arman Financial Services Ltd..pdf,8
Arman Financial Services Ltd..pdf,9
Arman Financial Services Ltd..pdf,10
Arman Financial Services Ltd..pdf,11
Arman Financial Services Ltd..pdf,12
Arman Financial Services Ltd..pdf,13
Arman Financial Services Ltd..pdf,14
Arman Financial Services Ltd..pdf,15
Arman Financial Services Ltd..pdf,16
Arman Financial Services Ltd..pdf,17
Arman Financial Services Ltd..pdf,18
Arman Financial Services Ltd..pdf,19
Arman Financial Services Ltd..pdf,20
Arman Financial Services Ltd..pdf,21
Arrow Greentech Ltd..pdf,1
Arrow Greentech Ltd..pdf,2
Arrow Greentech Ltd..pdf,3
Arrow Greentech Ltd..pdf,4
Arrow Greentech Ltd..pdf,5
Arrow Greentech Ltd..pdf,6
Arrow Greentech Ltd..pdf,7
Arrow Greentech Ltd..pdf,8
Arrow Greentech Ltd..pdf,9
Arrow Greentech Ltd..pdf,10
Arrow Greentech Ltd..pdf,11
Arrow Greentech Ltd..pdf,12
Arrow Greentech Ltd..pdf,13
Aruna Hotels Ltd..pdf,1
Aruna Hotels Ltd..pdf,2
Aruna Hotels Ltd..pdf,3
Aruna Hotels Ltd..pdf,4
Aruna Hotels Ltd..pdf,5
Aruna Hotels Ltd..pdf,6
Arvaya Healthcare Ltd..pdf,1
Arvaya Healthcare Ltd..pdf,2
Arvaya Healthcare Ltd..pdf,3
Arvaya Healthcare Ltd..pdf,4
Arvaya Healthcare Ltd..pdf,5
Arvaya Healthcare Ltd..pdf,6
Arvaya Healthcare Ltd..pdf,7
Arvaya Healthcare Ltd..pdf,8
Arvaya Healthcare Ltd..pdf,9
Arvaya Healthcare Ltd..pdf,10
Arvaya Healthcare Ltd..pdf,11
Arvaya Healthcare Ltd..pdf,12
Arvaya Healthcare Ltd..pdf,13
Arvaya Healthcare Ltd..pdf,14
Arvaya Healthcare Ltd..pdf,15
Arvind Fashions Ltd..pdf,1
Arvind Fashions Ltd..pdf,2
Arvind Fashions Ltd..pdf,3
Arvind Fashions Ltd..pdf,4
Arvind Fashions Ltd..pdf,5
Arvind Fashions Ltd..pdf,6
Arvind Fashions Ltd..pdf,7
Arvind Fashions Ltd..pdf,8
Arvind Fashions Ltd..pdf,9
Arvind Fashions Ltd..pdf,10
Arvind Fashions Ltd..pdf,11
Arvind Fashions Ltd..pdf,12
Arvind Fashions Ltd..pdf,13
Arvind Fashions Ltd..pdf,14
Arvind Fashions Ltd..pdf,15
Arvind Fashions Ltd..pdf,16
Arvind Fashions Ltd..pdf,17
Arvind Fashions Ltd..pdf,18
Arvind Fashions Ltd..pdf,19
Arvind Fashions Ltd..pdf,20
Arvind Fashions Ltd..pdf,21
Arvind Fashions Ltd..pdf,22
Arvind Fashions Ltd..pdf,23
Arvind Fashions Ltd..pdf,24
Arvind Fashions Ltd..pdf,25
Arvind Fashions Ltd..pdf,26
Arvind Fashions Ltd..pdf,27
Arvind Fashions Ltd..pdf,28
Arvind Fashions Ltd..pdf,29
Arvind Fashions Ltd..pdf,30
Arvind Fashions Ltd..pdf,31
Arvind Fashions Ltd..pdf,32
Arvind Fashions Ltd..pdf,33
Arvind Fashions Ltd..pdf,34
Arvind Fashions Ltd..pdf,35
Arvind Fashions Ltd..pdf,36
Arvind Ltd..pdf,1
Arvind Ltd..pdf,2
Arvind Ltd..pdf,3
Arvind Ltd..pdf,4
Arvind Ltd..pdf,5
Arvind Ltd..pdf,6
Arvind Ltd..pdf,7
Arvind Ltd..pdf,8
Arvind Ltd..pdf,9
Arvind Ltd..pdf,10
Arvind Ltd..pdf,11
Arvind Ltd..pdf,12
Arvind Ltd..pdf,13
Arvind Ltd..pdf,14
Arvind Ltd..pdf,15
Arvind Ltd..pdf,16
Arvind Ltd..pdf,17
Arvind Ltd..pdf,18
Arvind Ltd..pdf,19
Arvind Ltd..pdf,20
Arvind Ltd..pdf,21
Arvind Ltd..pdf,22
Arvind Ltd..pdf,23
Arvind Ltd..pdf,24
Arvind Ltd..pdf,25
Arvind Ltd..pdf,26
Arvind Ltd..pdf,27
Arvind Ltd..pdf,28
Arvind Ltd..pdf,29
Arvind Ltd..pdf,30
Aryaman Capital Markets Ltd..pdf,1
Aryaman Capital Markets Ltd..pdf,2
Aryaman Capital Markets Ltd..pdf,3
Aryaman Capital Markets Ltd..pdf,4
Ashish Polyplast Ltd..pdf,1
Ashish Polyplast Ltd..pdf,2
Ashish Polyplast Ltd..pdf,3
Ashish Polyplast Ltd..pdf,4
Ashoka Metcast Ltd..pdf,1
Ashoka Metcast Ltd..pdf,2
Ashoka Metcast Ltd..pdf,3
Ashoka Metcast Ltd..pdf,4
Ashoka Metcast Ltd..pdf,5
Ashoka Metcast Ltd..pdf,6
Ashoka Metcast Ltd..pdf,7
Ashoka Metcast Ltd..pdf,8
Ashoka Metcast Ltd..pdf,9
Ashoka Metcast Ltd..pdf,10
Asian Fertilizers Ltd..pdf,1
Asian Fertilizers Ltd..pdf,2
Asian Fertilizers Ltd..pdf,3
Asian Granito India Ltd..pdf,1
Asian Granito India Ltd..pdf,2
Asian Granito India Ltd..pdf,3
Asian Granito India Ltd..pdf,4
Asian Granito India Ltd..pdf,5
Asian Granito India Ltd..pdf,6
Asian Granito India Ltd..pdf,7
Asian Granito India Ltd..pdf,8
Asian Granito India Ltd..pdf,9
Asian Granito India Ltd..pdf,10
Asian Granito India Ltd..pdf,11
Asian Granito India Ltd..pdf,12
Asian Granito India Ltd..pdf,13
Asian Granito India Ltd..pdf,14
Asian Granito India Ltd..pdf,15
Asian Star Co Ltd..pdf,1
Asian Star Co Ltd..pdf,2
Asian Star Co Ltd..pdf,3
Asian Star Co Ltd..pdf,4
Asian Star Co Ltd..pdf,5
Asian Star Co Ltd..pdf,6
Asian Star Co Ltd..pdf,7
Asian Star Co Ltd..pdf,8
Asian Star Co Ltd..pdf,9
Asian Star Co Ltd..pdf,10
Asian Star Co Ltd..pdf,11
Asian Star Co Ltd..pdf,12
Associated Alcohols & Breweries Ltd..pdf,1
Associated Alcohols & Breweries Ltd..pdf,2
Associated Alcohols & Breweries Ltd..pdf,3
Associated Alcohols & Breweries Ltd..pdf,4
Associated Alcohols & Breweries Ltd..pdf,5
Associated Alcohols & Breweries Ltd..pdf,6
Associated Alcohols & Breweries Ltd..pdf,7
Associated Alcohols & Breweries Ltd..pdf,8
Associated Alcohols & Breweries Ltd..pdf,9
Associated Alcohols & Breweries Ltd..pdf,10
Associated Alcohols & Breweries Ltd..pdf,11
Aster DM Quality Care Ltd..pdf,1
Aster DM Quality Care Ltd..pdf,2
Aster DM Quality Care Ltd..pdf,3
Aster DM Quality Care Ltd..pdf,4
Aster DM Quality Care Ltd..pdf,5
Aster DM Quality Care Ltd..pdf,6
Aster DM Quality Care Ltd..pdf,7
Aster DM Quality Care Ltd..pdf,8
Aster DM Quality Care Ltd..pdf,9
Aster DM Quality Care Ltd..pdf,10
Aster DM Quality Care Ltd..pdf,11
Aster DM Quality Care Ltd..pdf,12
Aster DM Quality Care Ltd..pdf,13
Astonea Labs Ltd..pdf,1
Astonea Labs Ltd..pdf,2
Astonea Labs Ltd..pdf,3
Astonea Labs Ltd..pdf,4
Astonea Labs Ltd..pdf,5
Astonea Labs Ltd..pdf,6
Astonea Labs Ltd..pdf,7
Astonea Labs Ltd..pdf,8
Astonea Labs Ltd..pdf,9
Astonea Labs Ltd..pdf,10
Astonea Labs Ltd..pdf,11
Astonea Labs Ltd..pdf,12
Astonea Labs Ltd..pdf,13
Astonea Labs Ltd..pdf,14
Astonea Labs Ltd..pdf,15
Astonea Labs Ltd..pdf,16
Astonea Labs Ltd..pdf,17
Astonea Labs Ltd..pdf,18
Astonea Labs Ltd..pdf,19
Astrazeneca Pharma India Ltd..pdf,1
Astrazeneca Pharma India Ltd..pdf,2
Astrazeneca Pharma India Ltd..pdf,3
Astrazeneca Pharma India Ltd..pdf,4
Astrazeneca Pharma India Ltd..pdf,5
Astrazeneca Pharma India Ltd..pdf,6
Astrazeneca Pharma India Ltd..pdf,7
Astrazeneca Pharma India Ltd..pdf,8
Astrazeneca Pharma India Ltd..pdf,9
Atharva Poly-Plast Ltd..pdf,1
Atharva Poly-Plast Ltd..pdf,2
Atharva Poly-Plast Ltd..pdf,3
Atharva Poly-Plast Ltd..pdf,4
Atharva Poly-Plast Ltd..pdf,5
Atharva Poly-Plast Ltd..pdf,6
Atharva Poly-Plast Ltd..pdf,7
Atharva Poly-Plast Ltd..pdf,8
Atishay Ltd..pdf,1
Atishay Ltd..pdf,2
Atishay Ltd..pdf,3
Atishay Ltd..pdf,4
Atishay Ltd..pdf,5
Atishay Ltd..pdf,6
Atishay Ltd..pdf,7
Auto Pins India Ltd..pdf,1
Auto Pins India Ltd..pdf,2
Auto Pins India Ltd..pdf,3
Auto Pins India Ltd..pdf,4
Auto Pins India Ltd..pdf,5
Auto Pins India Ltd..pdf,6
Auto Pins India Ltd..pdf,7
Auto Pins India Ltd..pdf,8
Avi Products India Ltd..pdf,1
Avi Products India Ltd..pdf,2
Avi Products India Ltd..pdf,3
Avi Products India Ltd..pdf,4
Avi Products India Ltd..pdf,5
Avi Products India Ltd..pdf,6
Avi Products India Ltd..pdf,7
Avishkar Infra Realty Ltd..pdf,1
Avishkar Infra Realty Ltd..pdf,2
Avishkar Infra Realty Ltd..pdf,3
Avishkar Infra Realty Ltd..pdf,4
Avishkar Infra Realty Ltd..pdf,5
Avishkar Infra Realty Ltd..pdf,6
Avishkar Infra Realty Ltd..pdf,7
Avishkar Infra Realty Ltd..pdf,8
Avishkar Infra Realty Ltd..pdf,9
Aviva Industries Ltd..pdf,1
Aviva Industries Ltd..pdf,2
Aviva Industries Ltd..pdf,3
Aviva Industries Ltd..pdf,4
Aviva Industries Ltd..pdf,5
Azad India Mobility Ltd..pdf,1
Azad India Mobility Ltd..pdf,2
Azad India Mobility Ltd..pdf,3
Azad India Mobility Ltd..pdf,4
Azad India Mobility Ltd..pdf,5
Azad India Mobility Ltd..pdf,6
Azad India Mobility Ltd..pdf,7
Azad India Mobility Ltd..pdf,8
B.A.G Films and Media Ltd..pdf,1
B.A.G Films and Media Ltd..pdf,2
B.A.G Films and Media Ltd..pdf,3
B.A.G Films and Media Ltd..pdf,4
B.A.G Films and Media Ltd..pdf,5
B.A.G Films and Media Ltd..pdf,6
B.A.G Films and Media Ltd..pdf,7
B.A.G Films and Media Ltd..pdf,8
B.A.G Films and Media Ltd..pdf,9
BMW Ventures Ltd..pdf,1
BMW Ventures Ltd..pdf,2
BMW Ventures Ltd..pdf,3
BMW Ventures Ltd..pdf,4
BP Capital Ltd..pdf,1
BP Capital Ltd..pdf,2
BP Capital Ltd..pdf,3
BP Capital Ltd..pdf,4
BP Capital Ltd..pdf,5
Bajaj Global Ltd..pdf,1
Bajaj Global Ltd..pdf,2
Bajaj Global Ltd..pdf,3
Bajel Projects Ltd..pdf,1
Bajel Projects Ltd..pdf,2
Bajel Projects Ltd..pdf,3
Bajel Projects Ltd..pdf,4
Bajel Projects Ltd..pdf,5
Bajel Projects Ltd..pdf,6
Bajel Projects Ltd..pdf,7
Bajel Projects Ltd..pdf,8
Bajel Projects Ltd..pdf,9
Balgopal Commercial Ltd..pdf,1
Balgopal Commercial Ltd..pdf,2
Balgopal Commercial Ltd..pdf,3
Balgopal Commercial Ltd..pdf,4
Balgopal Commercial Ltd..pdf,5
Balgopal Commercial Ltd..pdf,6
Balgopal Commercial Ltd..pdf,7
Balgopal Commercial Ltd..pdf,8
Balgopal Commercial Ltd..pdf,9
Balgopal Commercial Ltd..pdf,10
Banaras Beads Ltd..pdf,1
Banaras Beads Ltd..pdf,2
Banaras Beads Ltd..pdf,3
Banaras Beads Ltd..pdf,4
Banaras Beads Ltd..pdf,5
Bengal Tea & Fabrics Ltd..pdf,1
Bengal Tea & Fabrics Ltd..pdf,2
Bengal Tea & Fabrics Ltd..pdf,3
Bengal Tea & Fabrics Ltd..pdf,4
Bengal Tea & Fabrics Ltd..pdf,5
Bhagwati Autocast Ltd..pdf,1
Bhagwati Autocast Ltd..pdf,2
Bhagwati Autocast Ltd..pdf,3
Bhagwati Autocast Ltd..pdf,4
Bhansali Engineering Polymers Ltd..pdf,1
Bhansali Engineering Polymers Ltd..pdf,2
Bhansali Engineering Polymers Ltd..pdf,3
Bhansali Engineering Polymers Ltd..pdf,4
Bhansali Engineering Polymers Ltd..pdf,5
Bhansali Engineering Polymers Ltd..pdf,6
Bhansali Engineering Polymers Ltd..pdf,7
Bhansali Engineering Polymers Ltd..pdf,8
Bharat Gears Ltd..pdf,1
Bharat Gears Ltd..pdf,2
Bharat Gears Ltd..pdf,3
Bharat Gears Ltd..pdf,4
Binny Mills Ltd..pdf,1
Binny Mills Ltd..pdf,2
Binny Mills Ltd..pdf,3
Binny Mills Ltd..pdf,4
Birla Precision Technologies Ltd..pdf,1
Birla Precision Technologies Ltd..pdf,2
Birla Precision Technologies Ltd..pdf,3
Birla Precision Technologies Ltd..pdf,4
Birla Precision Technologies Ltd..pdf,5
Birla Precision Technologies Ltd..pdf,6
Birla Precision Technologies Ltd..pdf,7
Birla Precision Technologies Ltd..pdf,8
Birla Precision Technologies Ltd..pdf,9
Black Box Ltd..pdf,1
Black Box Ltd..pdf,2
Black Box Ltd..pdf,3
Black Box Ltd..pdf,4
Black Box Ltd..pdf,5
Black Box Ltd..pdf,6
Black Box Ltd..pdf,7
Black Box Ltd..pdf,8
Black Box Ltd..pdf,9
Black Box Ltd..pdf,10
Black Box Ltd..pdf,11
Black Box Ltd..pdf,12
Black Box Ltd..pdf,13
Black Box Ltd..pdf,14
Blue Pearl Agriventures Ltd..pdf,1
Blue Pearl Agriventures Ltd..pdf,2
Blue Pearl Agriventures Ltd..pdf,3
Blue Pearl Agriventures Ltd..pdf,4
Bodhi Tree Multimedia Ltd..pdf,1
Bodhi Tree Multimedia Ltd..pdf,2
Bodhi Tree Multimedia Ltd..pdf,3
Bodhi Tree Multimedia Ltd..pdf,4
Bodhi Tree Multimedia Ltd..pdf,5
Bodhi Tree Multimedia Ltd..pdf,6
Bodhi Tree Multimedia Ltd..pdf,7
Bodhi Tree Multimedia Ltd..pdf,8
Bodhi Tree Multimedia Ltd..pdf,9
Bodhi Tree Multimedia Ltd..pdf,10
Bodhi Tree Multimedia Ltd..pdf,11
Bodhi Tree Multimedia Ltd..pdf,12
Bombay Talkies Ltd..pdf,1
Bombay Talkies Ltd..pdf,2
Bombay Talkies Ltd..pdf,3
Bombay Wire Ropes Ltd..pdf,1
Bombay Wire Ropes Ltd..pdf,2
Bombay Wire Ropes Ltd..pdf,3
Bombay Wire Ropes Ltd..pdf,4
Bombay Wire Ropes Ltd..pdf,5
Bondada Engineering Ltd..pdf,1
Bondada Engineering Ltd..pdf,2
Bondada Engineering Ltd..pdf,3
Bondada Engineering Ltd..pdf,4
Bondada Engineering Ltd..pdf,5
Bondada Engineering Ltd..pdf,6
Bondada Engineering Ltd..pdf,7
Bondada Engineering Ltd..pdf,8
Bondada Engineering Ltd..pdf,9
Brilliant Portfolios Ltd..pdf,1
Brilliant Portfolios Ltd..pdf,2
Brilliant Portfolios Ltd..pdf,3
Brilliant Portfolios Ltd..pdf,4
Brooks Laboratories Ltd..pdf,1
Brooks Laboratories Ltd..pdf,2
Brooks Laboratories Ltd..pdf,3
Brooks Laboratories Ltd..pdf,4
Brooks Laboratories Ltd..pdf,5
Brooks Laboratories Ltd..pdf,6
Brooks Laboratories Ltd..pdf,7
Burnpur Cement Ltd..pdf,1
Burnpur Cement Ltd..pdf,2
Burnpur Cement Ltd..pdf,3
Burnpur Cement Ltd..pdf,4
Burnpur Cement Ltd..pdf,5
CESC Ltd..pdf,1
CESC Ltd..pdf,2
CESC Ltd..pdf,3
CESC Ltd..pdf,4
CESC Ltd..pdf,5
CESC Ltd..pdf,6
CESC Ltd..pdf,7
CESC Ltd..pdf,8
CESC Ltd..pdf,9
CESC Ltd..pdf,10
CG Vak Software & Exports Ltd..pdf,1
CG Vak Software & Exports Ltd..pdf,2
CG Vak Software & Exports Ltd..pdf,3
CG Vak Software & Exports Ltd..pdf,4
CG Vak Software & Exports Ltd..pdf,5
CG Vak Software & Exports Ltd..pdf,6
CG Vak Software & Exports Ltd..pdf,7
CG Vak Software & Exports Ltd..pdf,8
CG Vak Software & Exports Ltd..pdf,9
CG Vak Software & Exports Ltd..pdf,10
CMR Green Technologies Ltd..pdf,1
CMR Green Technologies Ltd..pdf,2
CMR Green Technologies Ltd..pdf,3
CMR Green Technologies Ltd..pdf,4
CMR Green Technologies Ltd..pdf,5
CMR Green Technologies Ltd..pdf,6
CMR Green Technologies Ltd..pdf,7
CMR Green Technologies Ltd..pdf,8
CMR Green Technologies Ltd..pdf,9
CMR Green Technologies Ltd..pdf,10
CMR Green Technologies Ltd..pdf,11
CMR Green Technologies Ltd..pdf,12
CMR Green Technologies Ltd..pdf,13
CMR Green Technologies Ltd..pdf,14
Caliber Mining and Logistics Ltd..pdf,1
Caliber Mining and Logistics Ltd..pdf,2
Caliber Mining and Logistics Ltd..pdf,3
Caliber Mining and Logistics Ltd..pdf,4
Caliber Mining and Logistics Ltd..pdf,5
Caliber Mining and Logistics Ltd..pdf,6
Caliber Mining and Logistics Ltd..pdf,7
Caliber Mining and Logistics Ltd..pdf,8
Caliber Mining and Logistics Ltd..pdf,9
Capital Trade Links Ltd..pdf,1
Capital Trade Links Ltd..pdf,2
Capital Trade Links Ltd..pdf,3
Capital Trade Links Ltd..pdf,4
Capital Trade Links Ltd..pdf,5
Capital Trade Links Ltd..pdf,6
Capital Trade Links Ltd..pdf,7
Capital Trade Links Ltd..pdf,8
Capital Trade Links Ltd..pdf,9
Capital Trade Links Ltd..pdf,10
Capital Trade Links Ltd..pdf,11
Capital Trust Ltd..pdf,1
Capital Trust Ltd..pdf,2
Capital Trust Ltd..pdf,3
Capital Trust Ltd..pdf,4
Capital Trust Ltd..pdf,5
Capital Trust Ltd..pdf,6
Capital Trust Ltd..pdf,7
Capital Trust Ltd..pdf,8
Captain Pipes Ltd..pdf,1
Captain Pipes Ltd..pdf,2
Captain Pipes Ltd..pdf,3
Captain Pipes Ltd..pdf,4
Captain Pipes Ltd..pdf,5
Captain Pipes Ltd..pdf,6
Captain Pipes Ltd..pdf,7
Captain Pipes Ltd..pdf,8
Captain Polyplast Ltd..pdf,1
Captain Polyplast Ltd..pdf,2
Captain Polyplast Ltd..pdf,3
Captain Polyplast Ltd..pdf,4
Captain Polyplast Ltd..pdf,5
Captain Polyplast Ltd..pdf,6
Captain Polyplast Ltd..pdf,7
Captain Polyplast Ltd..pdf,8
Captain Polyplast Ltd..pdf,9
Captain Polyplast Ltd..pdf,10
Carnation Industries Ltd..pdf,1
Carnation Industries Ltd..pdf,2
Carnation Industries Ltd..pdf,3
Carnation Industries Ltd..pdf,4
Carnation Industries Ltd..pdf,5
Carnation Industries Ltd..pdf,6
Carysil Ltd..pdf,1
Carysil Ltd..pdf,2
Carysil Ltd..pdf,3
Carysil Ltd..pdf,4
Carysil Ltd..pdf,5
Carysil Ltd..pdf,6
Carysil Ltd..pdf,7
Carysil Ltd..pdf,8
Ceigall India Ltd..pdf,1
Ceigall India Ltd..pdf,2
Ceigall India Ltd..pdf,3
Ceigall India Ltd..pdf,4
Ceigall India Ltd..pdf,5
Ceigall India Ltd..pdf,6
Ceigall India Ltd..pdf,7
Ceigall India Ltd..pdf,8
Ceigall India Ltd..pdf,9
Ceigall India Ltd..pdf,10
Ceigall India Ltd..pdf,11
Ceigall India Ltd..pdf,12
Cella Space Ltd..pdf,1
Cella Space Ltd..pdf,2
Cella Space Ltd..pdf,3
Cella Space Ltd..pdf,4
Cenlub Industries Ltd..pdf,1
Cenlub Industries Ltd..pdf,2
Cenlub Industries Ltd..pdf,3
Cenlub Industries Ltd..pdf,4
Cenlub Industries Ltd..pdf,5
Cenlub Industries Ltd..pdf,6
Cenlub Industries Ltd..pdf,7
Chandra Prabhu International Ltd..pdf,1
Chandra Prabhu International Ltd..pdf,2
Chandra Prabhu International Ltd..pdf,3
Chandra Prabhu International Ltd..pdf,4
Chartered Logistics Ltd..pdf,1
Chartered Logistics Ltd..pdf,2
Chartered Logistics Ltd..pdf,3
Chartered Logistics Ltd..pdf,4
Chartered Logistics Ltd..pdf,5
Chartered Logistics Ltd..pdf,6
Chemiesynth (Vapi) Ltd..pdf,1
Chemiesynth (Vapi) Ltd..pdf,2
Chemiesynth (Vapi) Ltd..pdf,3
Chemiesynth (Vapi) Ltd..pdf,4
Chemiesynth (Vapi) Ltd..pdf,5
Chemiesynth (Vapi) Ltd..pdf,6
Chemiesynth (Vapi) Ltd..pdf,7
Chemiesynth (Vapi) Ltd..pdf,8
Cheviot Company Ltd..pdf,1
Cheviot Company Ltd..pdf,2
Cheviot Company Ltd..pdf,3
Choksi Asia Ltd..pdf,1
Choksi Asia Ltd..pdf,2
Choksi Asia Ltd..pdf,3
Choksi Asia Ltd..pdf,4
Choksi Laboratories Ltd..pdf,1
Choksi Laboratories Ltd..pdf,2
Choksi Laboratories Ltd..pdf,3
Choksi Laboratories Ltd..pdf,4
Choksi Laboratories Ltd..pdf,5
Choksi Laboratories Ltd..pdf,6
Choksi Laboratories Ltd..pdf,7
Choksi Laboratories Ltd..pdf,8
Chowgule Steamships Ltd..pdf,1
Chowgule Steamships Ltd..pdf,2
Chowgule Steamships Ltd..pdf,3
Chowgule Steamships Ltd..pdf,4
Cinevista Ltd..pdf,1
Cinevista Ltd..pdf,2
Cinevista Ltd..pdf,3
Cinevista Ltd..pdf,4
Cinevista Ltd..pdf,5
Cinevista Ltd..pdf,6
Cinevista Ltd..pdf,7
Cinevista Ltd..pdf,8
Cinevista Ltd..pdf,9
Cinevista Ltd..pdf,10
Citurgia Biochemicals Ltd..pdf,1
Citurgia Biochemicals Ltd..pdf,2
Citurgia Biochemicals Ltd..pdf,3
Citurgia Biochemicals Ltd..pdf,4
City Pulse Multiventures Ltd..pdf,1
City Pulse Multiventures Ltd..pdf,2
City Pulse Multiventures Ltd..pdf,3
City Pulse Multiventures Ltd..pdf,4
City Pulse Multiventures Ltd..pdf,5
City Pulse Multiventures Ltd..pdf,6
City Pulse Multiventures Ltd..pdf,7
Classic Leasing & Finance Ltd..pdf,1
Classic Leasing & Finance Ltd..pdf,2
Classic Leasing & Finance Ltd..pdf,3
Classic Leasing & Finance Ltd..pdf,4
Clenon Enterprises Ltd..pdf,1
Clenon Enterprises Ltd..pdf,2
Clenon Enterprises Ltd..pdf,3
Clenon Enterprises Ltd..pdf,4
Clenon Enterprises Ltd..pdf,5
Clenon Enterprises Ltd..pdf,6
Clenon Enterprises Ltd..pdf,7
Clio Infotech Ltd..pdf,1
Clio Infotech Ltd..pdf,2
Clio Infotech Ltd..pdf,3
Clio Infotech Ltd..pdf,4
Clio Infotech Ltd..pdf,5
Clio Infotech Ltd..pdf,6
Clio Infotech Ltd..pdf,7
Clio Infotech Ltd..pdf,8
Coforge Ltd..pdf,1
Coforge Ltd..pdf,2
Coforge Ltd..pdf,3
Coforge Ltd..pdf,4
Coforge Ltd..pdf,5
Coforge Ltd..pdf,6
Coforge Ltd..pdf,7
Coforge Ltd..pdf,8
Coforge Ltd..pdf,9
Coforge Ltd..pdf,10
Coforge Ltd..pdf,11
Coforge Ltd..pdf,12
Coforge Ltd..pdf,13
Colinz Laboratories Ltd..pdf,1
Colinz Laboratories Ltd..pdf,2
Colinz Laboratories Ltd..pdf,3
Colinz Laboratories Ltd..pdf,4
Colinz Laboratories Ltd..pdf,5
Colinz Laboratories Ltd..pdf,6
Colinz Laboratories Ltd..pdf,7
Colinz Laboratories Ltd..pdf,8
Computer Point Ltd..pdf,1
Computer Point Ltd..pdf,2
Computer Point Ltd..pdf,3
Concord Enviro Systems Ltd..pdf,1
Concord Enviro Systems Ltd..pdf,2
Concord Enviro Systems Ltd..pdf,3
Concord Enviro Systems Ltd..pdf,4
Concord Enviro Systems Ltd..pdf,5
Concord Enviro Systems Ltd..pdf,6
Concord Enviro Systems Ltd..pdf,7
Concord Enviro Systems Ltd..pdf,8
Concord Enviro Systems Ltd..pdf,9
Concord Enviro Systems Ltd..pdf,10
Concord Enviro Systems Ltd..pdf,11
Concord Enviro Systems Ltd..pdf,12
Concord Enviro Systems Ltd..pdf,13
Contil India Ltd..pdf,1
Contil India Ltd..pdf,2
Contil India Ltd..pdf,3
Coral Newsprints Ltd..pdf,1
Coral Newsprints Ltd..pdf,2
Coral Newsprints Ltd..pdf,3
Coral Newsprints Ltd..pdf,4
Coromandel Engineering Company Ltd..pdf,1
Coromandel Engineering Company Ltd..pdf,2
Coromandel Engineering Company Ltd..pdf,3
Coromandel Engineering Company Ltd..pdf,4
Coromandel Engineering Company Ltd..pdf,5
Coromandel Engineering Company Ltd..pdf,6
Coromandel Engineering Company Ltd..pdf,7
Coromandel Engineering Company Ltd..pdf,8
Coromandel Engineering Company Ltd..pdf,9
Coromandel Engineering Company Ltd..pdf,10
Coromandel Engineering Company Ltd..pdf,11
Coromandel Engineering Company Ltd..pdf,12
Corona Remedies Ltd..pdf,1
Corona Remedies Ltd..pdf,2
Corona Remedies Ltd..pdf,3
Corona Remedies Ltd..pdf,4
Corona Remedies Ltd..pdf,5
Corona Remedies Ltd..pdf,6
Corona Remedies Ltd..pdf,7
Corona Remedies Ltd..pdf,8
Corona Remedies Ltd..pdf,9
Corona Remedies Ltd..pdf,10
Corona Remedies Ltd..pdf,11
Corona Remedies Ltd..pdf,12
Corona Remedies Ltd..pdf,13
Cranex Ltd..pdf,1
Cranex Ltd..pdf,2
Cranex Ltd..pdf,3
Cranex Ltd..pdf,4
Cranex Ltd..pdf,5
Cranex Ltd..pdf,6
Cranex Ltd..pdf,7
Cranex Ltd..pdf,8
Cranex Ltd..pdf,9
Cranex Ltd..pdf,10
Cranex Ltd..pdf,11
Crescentis Capital Ltd..pdf,1
Crescentis Capital Ltd..pdf,2
Crescentis Capital Ltd..pdf,3
Crescentis Capital Ltd..pdf,4
Crestchem Ltd..pdf,1
Crestchem Ltd..pdf,2
Crestchem Ltd..pdf,3
Crestchem Ltd..pdf,4
Crestchem Ltd..pdf,5
Crestchem Ltd..pdf,6
Crestchem Ltd..pdf,7
Crestchem Ltd..pdf,8
Crestchem Ltd..pdf,9
Crysdale Industries Ltd..pdf,1
Crysdale Industries Ltd..pdf,2
Crysdale Industries Ltd..pdf,3
Crysdale Industries Ltd..pdf,4
Crysdale Industries Ltd..pdf,5
Crysdale Industries Ltd..pdf,6
Crysdale Industries Ltd..pdf,7
Cupid Breweries And Distilleries Ltd..pdf,1
Cupid Breweries And Distilleries Ltd..pdf,2
Cupid Breweries And Distilleries Ltd..pdf,3
Cupid Breweries And Distilleries Ltd..pdf,4
Cupid Breweries And Distilleries Ltd..pdf,5
Cupid Breweries And Distilleries Ltd..pdf,6
Cupid Breweries And Distilleries Ltd..pdf,7
DCM Financial Services Ltd..pdf,1
DCM Financial Services Ltd..pdf,2
DCM Financial Services Ltd..pdf,3
DCM Financial Services Ltd..pdf,4
DCM Financial Services Ltd..pdf,5
DCM Financial Services Ltd..pdf,6
DCM Financial Services Ltd..pdf,7
DCM Financial Services Ltd..pdf,8
DCM Financial Services Ltd..pdf,9
DCM Financial Services Ltd..pdf,10
DCM Financial Services Ltd..pdf,11
DCM Financial Services Ltd..pdf,12
DCM Shriram Ltd..pdf,1
DCM Shriram Ltd..pdf,2
DCM Shriram Ltd..pdf,3
DCM Shriram Ltd..pdf,4
DCM Shriram Ltd..pdf,5
DCM Shriram Ltd..pdf,6
DCM Shriram Ltd..pdf,7
DCM Shriram Ltd..pdf,8
DCM Shriram Ltd..pdf,9
DCM Shriram Ltd..pdf,10
DCM Shriram Ltd..pdf,11
Dalal Street Investments Ltd..pdf,1
Dalal Street Investments Ltd..pdf,2
Dalal Street Investments Ltd..pdf,3
Dalal Street Investments Ltd..pdf,4
Deccan Polypacks Ltd..pdf,1
Deccan Polypacks Ltd..pdf,2
Deccan Polypacks Ltd..pdf,3
Deccan Polypacks Ltd..pdf,4
Decipher Labs Ltd..pdf,1
Decipher Labs Ltd..pdf,2
Decipher Labs Ltd..pdf,3
Decipher Labs Ltd..pdf,4
Decipher Labs Ltd..pdf,5
Decipher Labs Ltd..pdf,6
Decipher Labs Ltd..pdf,7
Decipher Labs Ltd..pdf,8
Deepak Spinners Ltd..pdf,1
Deepak Spinners Ltd..pdf,2
Deepak Spinners Ltd..pdf,3
Desi Farms India Ltd..pdf,1
Desi Farms India Ltd..pdf,2
Desi Farms India Ltd..pdf,3
Desi Farms India Ltd..pdf,4
Desi Farms India Ltd..pdf,5
Desi Farms India Ltd..pdf,6
Desi Farms India Ltd..pdf,7
Desi Farms India Ltd..pdf,8
Desi Farms India Ltd..pdf,9
Desi Farms India Ltd..pdf,10
Desi Farms India Ltd..pdf,11
Desi Farms India Ltd..pdf,12
Desi Farms India Ltd..pdf,13
Desi Farms India Ltd..pdf,14
Desi Farms India Ltd..pdf,15
Desi Farms India Ltd..pdf,16
Desi Farms India Ltd..pdf,17
Desi Farms India Ltd..pdf,18
Desi Farms India Ltd..pdf,19
Desi Farms India Ltd..pdf,20
Divyashakti Ltd..pdf,1
Divyashakti Ltd..pdf,2
Divyashakti Ltd..pdf,3
Divyashakti Ltd..pdf,4
Divyashakti Ltd..pdf,5
Divyashakti Ltd..pdf,6
Dolphin Offshore Enterprises (India) Ltd..pdf,1
Dolphin Offshore Enterprises (India) Ltd..pdf,2
Dolphin Offshore Enterprises (India) Ltd..pdf,3
Dolphin Offshore Enterprises (India) Ltd..pdf,4
Dolphin Offshore Enterprises (India) Ltd..pdf,5
Dolphin Offshore Enterprises (India) Ltd..pdf,6
Dolphin Offshore Enterprises (India) Ltd..pdf,7
Dolphin Offshore Enterprises (India) Ltd..pdf,8
Dolphin Offshore Enterprises (India) Ltd..pdf,9
Dolphin Offshore Enterprises (India) Ltd..pdf,10
Dolphin Offshore Enterprises (India) Ltd..pdf,11
Dynamic Archistructures Ltd..pdf,1
Dynamic Archistructures Ltd..pdf,2
Dynamic Archistructures Ltd..pdf,3
Dynamic Microsteppers Ltd..pdf,1
Dynamic Microsteppers Ltd..pdf,2
Dynamic Microsteppers Ltd..pdf,3
Dynavision Ltd..pdf,1
Dynavision Ltd..pdf,2
Dynavision Ltd..pdf,3
Dynavision Ltd..pdf,4
Dynavision Ltd..pdf,5
Dynavision Ltd..pdf,6
Dynavision Ltd..pdf,7
Dynavision Ltd..pdf,8
Dynavision Ltd..pdf,9
Dynemic Products Ltd..pdf,1
Dynemic Products Ltd..pdf,2
Dynemic Products Ltd..pdf,3
Dynemic Products Ltd..pdf,4
Dynemic Products Ltd..pdf,5
Dynemic Products Ltd..pdf,6
Dynemic Products Ltd..pdf,7
Dynemic Products Ltd..pdf,8
Econo Trade India Ltd..pdf,1
Econo Trade India Ltd..pdf,2
Econo Trade India Ltd..pdf,3
Econo Trade India Ltd..pdf,4
Ecos (India) Mobility and Hospitality Ltd..pdf,1
Ecos (India) Mobility and Hospitality Ltd..pdf,2
Ecos (India) Mobility and Hospitality Ltd..pdf,3
Ecos (India) Mobility and Hospitality Ltd..pdf,4
Ecos (India) Mobility and Hospitality Ltd..pdf,5
Ecos (India) Mobility and Hospitality Ltd..pdf,6
Ecos (India) Mobility and Hospitality Ltd..pdf,7
Ecos (India) Mobility and Hospitality Ltd..pdf,8
Ecos (India) Mobility and Hospitality Ltd..pdf,9
Edvenswa Enterprises Ltd..pdf,1
Edvenswa Enterprises Ltd..pdf,2
Edvenswa Enterprises Ltd..pdf,3
Edvenswa Enterprises Ltd..pdf,4
Edvenswa Enterprises Ltd..pdf,5
Edvenswa Enterprises Ltd..pdf,6
Edvenswa Enterprises Ltd..pdf,7
Edvenswa Enterprises Ltd..pdf,8
Ekansh Concepts Ltd..pdf,1
Ekansh Concepts Ltd..pdf,2
Ekansh Concepts Ltd..pdf,3
Ekansh Concepts Ltd..pdf,4
Ekansh Concepts Ltd..pdf,5
Ekansh Concepts Ltd..pdf,6
Ekansh Concepts Ltd..pdf,7
Ekansh Concepts Ltd..pdf,8
Ekansh Concepts Ltd..pdf,9
Ekansh Concepts Ltd..pdf,10
Ekansh Concepts Ltd..pdf,11
Ekansh Concepts Ltd..pdf,12
Elango Industries Ltd..pdf,1
Elango Industries Ltd..pdf,2
Elango Industries Ltd..pdf,3
Elango Industries Ltd..pdf,4
Elango Industries Ltd..pdf,5
Elango Industries Ltd..pdf,6
Elango Industries Ltd..pdf,7
Elixir Capital Ltd..pdf,1
Elixir Capital Ltd..pdf,2
Elixir Capital Ltd..pdf,3
Elixir Capital Ltd..pdf,4
Elixir Capital Ltd..pdf,5
Elixir Capital Ltd..pdf,6
Elixir Capital Ltd..pdf,7
Elnet Technologies Ltd..pdf,1
Elnet Technologies Ltd..pdf,2
Elnet Technologies Ltd..pdf,3
Elnet Technologies Ltd..pdf,4
Elnet Technologies Ltd..pdf,5
Emami Ltd..pdf,1
Emami Ltd..pdf,2
Emami Ltd..pdf,3
Emami Ltd..pdf,4
Emami Ltd..pdf,5
Emami Ltd..pdf,6
Emami Ltd..pdf,7
Emami Ltd..pdf,8
Emami Ltd..pdf,9
Emami Ltd..pdf,10
Emami Ltd..pdf,11
Emerald Finance Ltd..pdf,1
Emerald Finance Ltd..pdf,2
Emerald Finance Ltd..pdf,3
Emerald Finance Ltd..pdf,4
Emerald Finance Ltd..pdf,5
Emerald Finance Ltd..pdf,6
Emerald Finance Ltd..pdf,7
Emerald Finance Ltd..pdf,8
Emergent Industrial Solutions Ltd..pdf,1
Emergent Industrial Solutions Ltd..pdf,2
Emergent Industrial Solutions Ltd..pdf,3
Emergent Industrial Solutions Ltd..pdf,4
Emergent Industrial Solutions Ltd..pdf,5
Empire Industries Ltd..pdf,1
Empire Industries Ltd..pdf,2
Empire Industries Ltd..pdf,3
Empire Industries Ltd..pdf,4
Empire Industries Ltd..pdf,5
Empire Industries Ltd..pdf,6
Empire Industries Ltd..pdf,7
Emrock Corporation Ltd..pdf,1
Emrock Corporation Ltd..pdf,2
Emrock Corporation Ltd..pdf,3
Emrock Corporation Ltd..pdf,4
Emrock Corporation Ltd..pdf,5
Emrock Corporation Ltd..pdf,6
Epack Prefab Technologies Ltd..pdf,1
Epack Prefab Technologies Ltd..pdf,2
Epack Prefab Technologies Ltd..pdf,3
Epack Prefab Technologies Ltd..pdf,4
Epack Prefab Technologies Ltd..pdf,5
Epack Prefab Technologies Ltd..pdf,6
Epack Prefab Technologies Ltd..pdf,7
Epack Prefab Technologies Ltd..pdf,8
Epack Prefab Technologies Ltd..pdf,9
Epack Prefab Technologies Ltd..pdf,10
Epack Prefab Technologies Ltd..pdf,11
Epack Prefab Technologies Ltd..pdf,12
Epuja Spiritech Ltd..pdf,1
Epuja Spiritech Ltd..pdf,2
Epuja Spiritech Ltd..pdf,3
Epuja Spiritech Ltd..pdf,4
Epuja Spiritech Ltd..pdf,5
Epuja Spiritech Ltd..pdf,6
Epuja Spiritech Ltd..pdf,7
Epuja Spiritech Ltd..pdf,8
Epuja Spiritech Ltd..pdf,9
Equippp Social Impact Technologies Ltd..pdf,1
Equippp Social Impact Technologies Ltd..pdf,2
Equippp Social Impact Technologies Ltd..pdf,3
Equippp Social Impact Technologies Ltd..pdf,4
Equippp Social Impact Technologies Ltd..pdf,5
Equippp Social Impact Technologies Ltd..pdf,6
Equippp Social Impact Technologies Ltd..pdf,7
Equippp Social Impact Technologies Ltd..pdf,8
Equippp Social Impact Technologies Ltd..pdf,9
Equippp Social Impact Technologies Ltd..pdf,10
Equippp Social Impact Technologies Ltd..pdf,11
Equippp Social Impact Technologies Ltd..pdf,12
Equippp Social Impact Technologies Ltd..pdf,13
Equippp Social Impact Technologies Ltd..pdf,14
Equippp Social Impact Technologies Ltd..pdf,15
Esab India Ltd..pdf,1
Esab India Ltd..pdf,2
Esab India Ltd..pdf,3
Esab India Ltd..pdf,4
Esab India Ltd..pdf,5
Esab India Ltd..pdf,6
Esquire Money Guarantees Ltd..pdf,1
Esquire Money Guarantees Ltd..pdf,2
Esquire Money Guarantees Ltd..pdf,3
Essar Shipping Ltd..pdf,1
Essar Shipping Ltd..pdf,2
Essar Shipping Ltd..pdf,3
Essar Shipping Ltd..pdf,4
Essar Shipping Ltd..pdf,5
Essar Shipping Ltd..pdf,6
Essar Shipping Ltd..pdf,7
Essar Shipping Ltd..pdf,8
Essar Shipping Ltd..pdf,9
Essar Shipping Ltd..pdf,10
Essar Shipping Ltd..pdf,11
Essar Shipping Ltd..pdf,12
Essar Shipping Ltd..pdf,13
Essar Shipping Ltd..pdf,14
Ethos Ltd..pdf,1
Ethos Ltd..pdf,2
Ethos Ltd..pdf,3
Ethos Ltd..pdf,4
Ethos Ltd..pdf,5
Ethos Ltd..pdf,6
Ethos Ltd..pdf,7
Ethos Ltd..pdf,8
Ethos Ltd..pdf,9
Ethos Ltd..pdf,10
Ethos Ltd..pdf,11
Ethos Ltd..pdf,12
Ethos Ltd..pdf,13
Ethos Ltd..pdf,14
Ethos Ltd..pdf,15
Eveready Industries India Ltd..pdf,1
Eveready Industries India Ltd..pdf,2
Eveready Industries India Ltd..pdf,3
Eveready Industries India Ltd..pdf,4
Eveready Industries India Ltd..pdf,5
Eveready Industries India Ltd..pdf,6
Eveready Industries India Ltd..pdf,7
Eveready Industries India Ltd..pdf,8
Eveready Industries India Ltd..pdf,9
Eveready Industries India Ltd..pdf,10
Eveready Industries India Ltd..pdf,11
Eveready Industries India Ltd..pdf,12
Exato Technologies Ltd..pdf,1
Exato Technologies Ltd..pdf,2
Exato Technologies Ltd..pdf,3
Exato Technologies Ltd..pdf,4
Exato Technologies Ltd..pdf,5
Exato Technologies Ltd..pdf,6
Exato Technologies Ltd..pdf,7
Exato Technologies Ltd..pdf,8
Exato Technologies Ltd..pdf,9
Exato Technologies Ltd..pdf,10
Exato Technologies Ltd..pdf,11
Exato Technologies Ltd..pdf,12
Exato Technologies Ltd..pdf,13
Exato Technologies Ltd..pdf,14
Exato Technologies Ltd..pdf,15
Excel Industries Ltd..pdf,1
Excel Industries Ltd..pdf,2
Excel Industries Ltd..pdf,3
Excel Industries Ltd..pdf,4
Excel Industries Ltd..pdf,5
Excel Industries Ltd..pdf,6
Excel Industries Ltd..pdf,7
Excel Industries Ltd..pdf,8
F Mec International Financial Services Ltd..pdf,1
F Mec International Financial Services Ltd..pdf,2
F Mec International Financial Services Ltd..pdf,3
F Mec International Financial Services Ltd..pdf,4
F Mec International Financial Services Ltd..pdf,5
F Mec International Financial Services Ltd..pdf,6
F Mec International Financial Services Ltd..pdf,7
Fermenta Biotech Ltd..pdf,1
Fermenta Biotech Ltd..pdf,2
Fermenta Biotech Ltd..pdf,3
Fermenta Biotech Ltd..pdf,4
Fermenta Biotech Ltd..pdf,5
Fermenta Biotech Ltd..pdf,6
Fermenta Biotech Ltd..pdf,7
Fermenta Biotech Ltd..pdf,8
Fermenta Biotech Ltd..pdf,9
Fermenta Biotech Ltd..pdf,10
Fine Line Circuits Ltd..pdf,1
Fine Line Circuits Ltd..pdf,2
Fine Line Circuits Ltd..pdf,3
Fine Line Circuits Ltd..pdf,4
Finolex Cables Ltd..pdf,1
Finolex Cables Ltd..pdf,2
Finolex Cables Ltd..pdf,3
Finolex Cables Ltd..pdf,4
Finolex Cables Ltd..pdf,5
Finolex Cables Ltd..pdf,6
Finolex Cables Ltd..pdf,7
Finolex Cables Ltd..pdf,8
Finolex Cables Ltd..pdf,9
Finolex Cables Ltd..pdf,10
Finolex Cables Ltd..pdf,11
Finolex Cables Ltd..pdf,12
Finolex Cables Ltd..pdf,13
Finolex Cables Ltd..pdf,14
Finolex Cables Ltd..pdf,15
Finolex Cables Ltd..pdf,16
Finolex Cables Ltd..pdf,17
Finolex Cables Ltd..pdf,18
Finolex Cables Ltd..pdf,19
Finolex Industries Ltd..pdf,1
Finolex Industries Ltd..pdf,2
Finolex Industries Ltd..pdf,3
Finolex Industries Ltd..pdf,4
Finolex Industries Ltd..pdf,5
Finolex Industries Ltd..pdf,6
Finolex Industries Ltd..pdf,7
Finolex Industries Ltd..pdf,8
Finolex Industries Ltd..pdf,9
Finolex Industries Ltd..pdf,10
Firstsource Solutions Ltd..pdf,1
Firstsource Solutions Ltd..pdf,2
Firstsource Solutions Ltd..pdf,3
Firstsource Solutions Ltd..pdf,4
Firstsource Solutions Ltd..pdf,5
Firstsource Solutions Ltd..pdf,6
Firstsource Solutions Ltd..pdf,7
Firstsource Solutions Ltd..pdf,8
Firstsource Solutions Ltd..pdf,9
Firstsource Solutions Ltd..pdf,10
Firstsource Solutions Ltd..pdf,11
Firstsource Solutions Ltd..pdf,12
Firstsource Solutions Ltd..pdf,13
Firstsource Solutions Ltd..pdf,14
Flomic Global Logistics Ltd..pdf,1
Flomic Global Logistics Ltd..pdf,2
Flomic Global Logistics Ltd..pdf,3
Flomic Global Logistics Ltd..pdf,4
Flomic Global Logistics Ltd..pdf,5
Flomic Global Logistics Ltd..pdf,6
Foods & Inns Ltd..pdf,1
Foods & Inns Ltd..pdf,2
Foods & Inns Ltd..pdf,3
Foods & Inns Ltd..pdf,4
Foods & Inns Ltd..pdf,5
Foods & Inns Ltd..pdf,6
Foods & Inns Ltd..pdf,7
Foods & Inns Ltd..pdf,8
Foods & Inns Ltd..pdf,9
Foods & Inns Ltd..pdf,10
Foods & Inns Ltd..pdf,11
Forbes Precision Tools and Machine Parts Ltd..pdf,1
Forbes Precision Tools and Machine Parts Ltd..pdf,2
Forbes Precision Tools and Machine Parts Ltd..pdf,3
Forbes Precision Tools and Machine Parts Ltd..pdf,4
Forbes Precision Tools and Machine Parts Ltd..pdf,5
Forbes Precision Tools and Machine Parts Ltd..pdf,6
Forbes Precision Tools and Machine Parts Ltd..pdf,7
Fratelli Vineyards Ltd..pdf,1
Fratelli Vineyards Ltd..pdf,2
Fratelli Vineyards Ltd..pdf,3
Fratelli Vineyards Ltd..pdf,4
Fratelli Vineyards Ltd..pdf,5
Fratelli Vineyards Ltd..pdf,6
Fratelli Vineyards Ltd..pdf,7
Fratelli Vineyards Ltd..pdf,8
Fratelli Vineyards Ltd..pdf,9
Fredun Pharmaceuticals Ltd..pdf,1
Fredun Pharmaceuticals Ltd..pdf,2
Fredun Pharmaceuticals Ltd..pdf,3
Fredun Pharmaceuticals Ltd..pdf,4
Fredun Pharmaceuticals Ltd..pdf,5
Fredun Pharmaceuticals Ltd..pdf,6
Fredun Pharmaceuticals Ltd..pdf,7
Frontier Capital Ltd..pdf,1
Frontier Capital Ltd..pdf,2
Frontier Capital Ltd..pdf,3
Frontier Capital Ltd..pdf,4
Fundviser Capital (India) Ltd..pdf,1
Fundviser Capital (India) Ltd..pdf,2
Fundviser Capital (India) Ltd..pdf,3
Fundviser Capital (India) Ltd..pdf,4
Fundviser Capital (India) Ltd..pdf,5
Fundviser Capital (India) Ltd..pdf,6
Fundviser Capital (India) Ltd..pdf,7
Fundviser Capital (India) Ltd..pdf,8
Fundviser Capital (India) Ltd..pdf,9
Fundviser Capital (India) Ltd..pdf,10
Futuristic Solutions Ltd..pdf,1
Futuristic Solutions Ltd..pdf,2
Futuristic Solutions Ltd..pdf,3
Futuristic Solutions Ltd..pdf,4
GG Engineering Ltd..pdf,1
GG Engineering Ltd..pdf,2
GG Engineering Ltd..pdf,3
GG Engineering Ltd..pdf,4
GG Engineering Ltd..pdf,5
GG Engineering Ltd..pdf,6
GG Engineering Ltd..pdf,7
GG Engineering Ltd..pdf,8
GHCL Ltd..pdf,1
GHCL Ltd..pdf,2
GHCL Ltd..pdf,3
GHCL Ltd..pdf,4
GHCL Ltd..pdf,5
GTT Data Solutions Ltd..pdf,1
GTT Data Solutions Ltd..pdf,2
GTT Data Solutions Ltd..pdf,3
GTT Data Solutions Ltd..pdf,4
GTT Data Solutions Ltd..pdf,5
GTT Data Solutions Ltd..pdf,6
GTT Data Solutions Ltd..pdf,7
GTT Data Solutions Ltd..pdf,8
GTT Data Solutions Ltd..pdf,9
GTT Data Solutions Ltd..pdf,10
GTT Data Solutions Ltd..pdf,11
GTT Data Solutions Ltd..pdf,12
GTT Data Solutions Ltd..pdf,13
GTT Data Solutions Ltd..pdf,14
GTT Data Solutions Ltd..pdf,15
GTT Data Solutions Ltd..pdf,16
GTT Data Solutions Ltd..pdf,17
GTT Data Solutions Ltd..pdf,18
GTT Data Solutions Ltd..pdf,19
GTT Data Solutions Ltd..pdf,20
GTT Data Solutions Ltd..pdf,21
GTT Data Solutions Ltd..pdf,22
GTT Data Solutions Ltd..pdf,23
GTT Data Solutions Ltd..pdf,24
GTT Data Solutions Ltd..pdf,25
GTT Data Solutions Ltd..pdf,26
GTT Data Solutions Ltd..pdf,27
GTT Data Solutions Ltd..pdf,28
Gagan Gases Ltd..pdf,1
Gagan Gases Ltd..pdf,2
Gagan Gases Ltd..pdf,3
Gala Global Products Ltd..pdf,1
Gala Global Products Ltd..pdf,2
Gala Global Products Ltd..pdf,3
Gala Global Products Ltd..pdf,4
Gala Global Products Ltd..pdf,5
Gala Global Products Ltd..pdf,6
Gala Precision Engineering Ltd..pdf,1
Gala Precision Engineering Ltd..pdf,2
Gala Precision Engineering Ltd..pdf,3
Gala Precision Engineering Ltd..pdf,4
Gala Precision Engineering Ltd..pdf,5
Gala Precision Engineering Ltd..pdf,6
Gala Precision Engineering Ltd..pdf,7
Gala Precision Engineering Ltd..pdf,8
Gala Precision Engineering Ltd..pdf,9
Gala Precision Engineering Ltd..pdf,10
Galaxy Bearings Ltd..pdf,1
Galaxy Bearings Ltd..pdf,2
Galaxy Bearings Ltd..pdf,3
Galaxy Bearings Ltd..pdf,4
Galaxy Bearings Ltd..pdf,5
Galaxy Bearings Ltd..pdf,6
Galaxy Bearings Ltd..pdf,7
Ganesh Benzoplast Ltd..pdf,1
Ganesh Benzoplast Ltd..pdf,2
Ganesh Benzoplast Ltd..pdf,3
Ganesh Benzoplast Ltd..pdf,4
Ganesh Benzoplast Ltd..pdf,5
Ganesh Benzoplast Ltd..pdf,6
Ganesh Benzoplast Ltd..pdf,7
Ganesh Benzoplast Ltd..pdf,8
Ganesh Benzoplast Ltd..pdf,9
Ganon Products Ltd..pdf,1
Ganon Products Ltd..pdf,2
Ganon Products Ltd..pdf,3
Ganon Products Ltd..pdf,4
Ganon Products Ltd..pdf,5
Garware Hi-Tech Films Ltd..pdf,1
Garware Hi-Tech Films Ltd..pdf,2
Garware Hi-Tech Films Ltd..pdf,3
Garware Hi-Tech Films Ltd..pdf,4
Garware Hi-Tech Films Ltd..pdf,5
Garware Hi-Tech Films Ltd..pdf,6
Garware Hi-Tech Films Ltd..pdf,7
Garware Hi-Tech Films Ltd..pdf,8
Garware Hi-Tech Films Ltd..pdf,9
Garware Hi-Tech Films Ltd..pdf,10
Garware Hi-Tech Films Ltd..pdf,11
Garware Hi-Tech Films Ltd..pdf,12
Garware Hi-Tech Films Ltd..pdf,13
Garware Hi-Tech Films Ltd..pdf,14
Garware Hi-Tech Films Ltd..pdf,15
Garware Hi-Tech Films Ltd..pdf,16
Garware Hi-Tech Films Ltd..pdf,17
Garware Hi-Tech Films Ltd..pdf,18
Garware Hi-Tech Films Ltd..pdf,19
Garware Hi-Tech Films Ltd..pdf,20
Garware Hi-Tech Films Ltd..pdf,21
Garware Hi-Tech Films Ltd..pdf,22
Garware Hi-Tech Films Ltd..pdf,23
Garware Hi-Tech Films Ltd..pdf,24
Garware Hi-Tech Films Ltd..pdf,25
Garware Hi-Tech Films Ltd..pdf,26
Garware Hi-Tech Films Ltd..pdf,27
Garware Hi-Tech Films Ltd..pdf,28
Garware Hi-Tech Films Ltd..pdf,29
Garware Hi-Tech Films Ltd..pdf,30
Garware Hi-Tech Films Ltd..pdf,31
Garware Hi-Tech Films Ltd..pdf,32
Garware Hi-Tech Films Ltd..pdf,33
Garware Hi-Tech Films Ltd..pdf,34
Garware Hi-Tech Films Ltd..pdf,35
Garware Hi-Tech Films Ltd..pdf,36
Garware Hi-Tech Films Ltd..pdf,37
Garware Hi-Tech Films Ltd..pdf,38
Garware Hi-Tech Films Ltd..pdf,39
Gee Ltd..pdf,1
Gee Ltd..pdf,2
Gee Ltd..pdf,3
Glaxosmithkline Pharmaceuticals Ltd..pdf,1
Glaxosmithkline Pharmaceuticals Ltd..pdf,2
Glaxosmithkline Pharmaceuticals Ltd..pdf,3
Glaxosmithkline Pharmaceuticals Ltd..pdf,4
Glaxosmithkline Pharmaceuticals Ltd..pdf,5
Glaxosmithkline Pharmaceuticals Ltd..pdf,6
Glaxosmithkline Pharmaceuticals Ltd..pdf,7
Glaxosmithkline Pharmaceuticals Ltd..pdf,8
Glaxosmithkline Pharmaceuticals Ltd..pdf,9
Glaxosmithkline Pharmaceuticals Ltd..pdf,10
Glaxosmithkline Pharmaceuticals Ltd..pdf,11
Glaxosmithkline Pharmaceuticals Ltd..pdf,12
Glaxosmithkline Pharmaceuticals Ltd..pdf,13
Glaxosmithkline Pharmaceuticals Ltd..pdf,14
Glaxosmithkline Pharmaceuticals Ltd..pdf,15
Glaxosmithkline Pharmaceuticals Ltd..pdf,16
Glittek Granites Ltd..pdf,1
Glittek Granites Ltd..pdf,2
Glittek Granites Ltd..pdf,3
Glittek Granites Ltd..pdf,4
Glittek Granites Ltd..pdf,5
Glittek Granites Ltd..pdf,6
Glittek Granites Ltd..pdf,7
Glittek Granites Ltd..pdf,8
Glittek Granites Ltd..pdf,9
Glittek Granites Ltd..pdf,10
Glittek Granites Ltd..pdf,11
Glittek Granites Ltd..pdf,12
Glittek Granites Ltd..pdf,13
Global Defence Industries Ltd..pdf,1
Global Defence Industries Ltd..pdf,2
Global Defence Industries Ltd..pdf,3
Global Defence Industries Ltd..pdf,4
Global Defence Industries Ltd..pdf,5
Global Defence Industries Ltd..pdf,6
Global Defence Industries Ltd..pdf,7
Global Defence Industries Ltd..pdf,8
Global Defence Industries Ltd..pdf,9
Global Defence Industries Ltd..pdf,10
Global Defence Industries Ltd..pdf,11
Global Infratech & Finance Ltd..pdf,1
Global Infratech & Finance Ltd..pdf,2
Global Infratech & Finance Ltd..pdf,3
Global Infratech & Finance Ltd..pdf,4
Godrej Industries Ltd..pdf,1
Godrej Industries Ltd..pdf,2
Godrej Industries Ltd..pdf,3
Godrej Industries Ltd..pdf,4
Godrej Industries Ltd..pdf,5
Godrej Industries Ltd..pdf,6
Godrej Industries Ltd..pdf,7
Godrej Industries Ltd..pdf,8
Godrej Industries Ltd..pdf,9
Godrej Industries Ltd..pdf,10
Godrej Industries Ltd..pdf,11
Godrej Industries Ltd..pdf,12
Godrej Industries Ltd..pdf,13
Godrej Industries Ltd..pdf,14
Godrej Industries Ltd..pdf,15
Godrej Industries Ltd..pdf,16
Godrej Industries Ltd..pdf,17
Godrej Industries Ltd..pdf,18
Godrej Industries Ltd..pdf,19
Godrej Industries Ltd..pdf,20
Godrej Industries Ltd..pdf,21
Godrej Industries Ltd..pdf,22
Godrej Industries Ltd..pdf,23
Godrej Industries Ltd..pdf,24
Godrej Industries Ltd..pdf,25
Godrej Industries Ltd..pdf,26
Godrej Industries Ltd..pdf,27
Godrej Industries Ltd..pdf,28
Godrej Industries Ltd..pdf,29
Godrej Industries Ltd..pdf,30
Godrej Industries Ltd..pdf,31
Godrej Industries Ltd..pdf,32
Godrej Industries Ltd..pdf,33
Godrej Industries Ltd..pdf,34
Gogia Capital Growth Ltd..pdf,1
Gogia Capital Growth Ltd..pdf,2
Gogia Capital Growth Ltd..pdf,3
Gogia Capital Growth Ltd..pdf,4
Gogia Capital Growth Ltd..pdf,5
Gogia Capital Growth Ltd..pdf,6
Gogia Capital Growth Ltd..pdf,7
Gogia Capital Growth Ltd..pdf,8
Gokak Textiles Ltd..pdf,1
Gokak Textiles Ltd..pdf,2
Gokak Textiles Ltd..pdf,3
Gokak Textiles Ltd..pdf,4
Gokak Textiles Ltd..pdf,5
Gokak Textiles Ltd..pdf,6
Gokak Textiles Ltd..pdf,7
Gokak Textiles Ltd..pdf,8
Gokak Textiles Ltd..pdf,9
Gokak Textiles Ltd..pdf,10
Gokak Textiles Ltd..pdf,11
Gokak Textiles Ltd..pdf,12
Gokak Textiles Ltd..pdf,13
Gokak Textiles Ltd..pdf,14
Goldiam International Ltd..pdf,1
Goldiam International Ltd..pdf,2
Goldiam International Ltd..pdf,3
Goldiam International Ltd..pdf,4
Goldiam International Ltd..pdf,5
Goldiam International Ltd..pdf,6
Goldiam International Ltd..pdf,7
Goldiam International Ltd..pdf,8
Goldiam International Ltd..pdf,9
Goldiam International Ltd..pdf,10
Goldiam International Ltd..pdf,11
Goldiam International Ltd..pdf,12
Goldiam International Ltd..pdf,13
Goldiam International Ltd..pdf,14
Goldiam International Ltd..pdf,15
Goldiam International Ltd..pdf,16
Golechha Global Finance Ltd..pdf,1
Golechha Global Finance Ltd..pdf,2
Golechha Global Finance Ltd..pdf,3
Golkunda Diamonds & Jewellary Ltd..pdf,1
Golkunda Diamonds & Jewellary Ltd..pdf,2
Golkunda Diamonds & Jewellary Ltd..pdf,3
Golkunda Diamonds & Jewellary Ltd..pdf,4
Grameva Ltd..pdf,1
Grameva Ltd..pdf,2
Grameva Ltd..pdf,3
Grand Oak Canyons Distillery Ltd..pdf,1
Grand Oak Canyons Distillery Ltd..pdf,2
Grand Oak Canyons Distillery Ltd..pdf,3
Grand Oak Canyons Distillery Ltd..pdf,4
Grand Oak Canyons Distillery Ltd..pdf,5
Grand Oak Canyons Distillery Ltd..pdf,6
Grand Oak Canyons Distillery Ltd..pdf,7
Grand Oak Canyons Distillery Ltd..pdf,8
Graviss Hospitality Ltd..pdf,1
Graviss Hospitality Ltd..pdf,2
Graviss Hospitality Ltd..pdf,3
Graviss Hospitality Ltd..pdf,4
Graviss Hospitality Ltd..pdf,5
Graviss Hospitality Ltd..pdf,6
Graviss Hospitality Ltd..pdf,7
Graviss Hospitality Ltd..pdf,8
Graviss Hospitality Ltd..pdf,9
Greencrest Financial Services Ltd..pdf,1
Greencrest Financial Services Ltd..pdf,2
Greencrest Financial Services Ltd..pdf,3
Grindwell Norton Ltd..pdf,1
Grindwell Norton Ltd..pdf,2
Grindwell Norton Ltd..pdf,3
Grindwell Norton Ltd..pdf,4
Grindwell Norton Ltd..pdf,5
Grindwell Norton Ltd..pdf,6
Grindwell Norton Ltd..pdf,7
Grindwell Norton Ltd..pdf,8
Grindwell Norton Ltd..pdf,9
Grindwell Norton Ltd..pdf,10
Grovy India Ltd..pdf,1
Grovy India Ltd..pdf,2
Grovy India Ltd..pdf,3
Grovy India Ltd..pdf,4
Grovy India Ltd..pdf,5
Grovy India Ltd..pdf,6
Gujarat Containers Ltd..pdf,1
Gujarat Containers Ltd..pdf,2
Gujarat Containers Ltd..pdf,3
Gujarat Containers Ltd..pdf,4
Gujarat Inject Kerala Ltd..pdf,1
Gujarat Inject Kerala Ltd..pdf,2
Gujarat Inject Kerala Ltd..pdf,3
Gujarat Inject Kerala Ltd..pdf,4
Gujarat Mineral Development Corp Ltd..pdf,1
Gujarat Mineral Development Corp Ltd..pdf,2
Gujarat Mineral Development Corp Ltd..pdf,3
Gujarat Mineral Development Corp Ltd..pdf,4
Gujarat Mineral Development Corp Ltd..pdf,5
Gujarat Mineral Development Corp Ltd..pdf,6
Gujarat Mineral Development Corp Ltd..pdf,7
Gujarat Mineral Development Corp Ltd..pdf,8
Gujarat Mineral Development Corp Ltd..pdf,9
Gujarat Mineral Development Corp Ltd..pdf,10
Gujarat Terce Laboratories Ltd..pdf,1
Gujarat Terce Laboratories Ltd..pdf,2
Gujarat Terce Laboratories Ltd..pdf,3
Gujarat Winding Systems Ltd..pdf,1
Gujarat Winding Systems Ltd..pdf,2
Gujarat Winding Systems Ltd..pdf,3
Gujarat Winding Systems Ltd..pdf,4
Guru Krupa Gems And Jewellery Ltd.pdf,1
Guru Krupa Gems And Jewellery Ltd.pdf,2
Guru Krupa Gems And Jewellery Ltd.pdf,3
Gyan Developers & Builders Ltd..pdf,1
Gyan Developers & Builders Ltd..pdf,2
Gyan Developers & Builders Ltd..pdf,3
Gyan Developers & Builders Ltd..pdf,4
Gyan Developers & Builders Ltd..pdf,5
Gyan Developers & Builders Ltd..pdf,6
Gyan Developers & Builders Ltd..pdf,7
HCKK Ventures Ltd..pdf,1
HCKK Ventures Ltd..pdf,2
HCKK Ventures Ltd..pdf,3
HCKK Ventures Ltd..pdf,4
HCKK Ventures Ltd..pdf,5
HCKK Ventures Ltd..pdf,6
HCKK Ventures Ltd..pdf,7
HCKK Ventures Ltd..pdf,8
HCKK Ventures Ltd..pdf,9
HDFC Bank Ltd..pdf,1
HDFC Bank Ltd..pdf,2
HDFC Bank Ltd..pdf,3
HDFC Bank Ltd..pdf,4
HDFC Bank Ltd..pdf,5
HDFC Bank Ltd..pdf,6
HDFC Bank Ltd..pdf,7
HDFC Bank Ltd..pdf,8
HDFC Bank Ltd..pdf,9
HDFC Bank Ltd..pdf,10
HDFC Bank Ltd..pdf,11
HDFC Bank Ltd..pdf,12
HDFC Bank Ltd..pdf,13
HDFC Bank Ltd..pdf,14
HDFC Bank Ltd..pdf,15
HDFC Bank Ltd..pdf,16
HDFC Bank Ltd..pdf,17
HDFC Bank Ltd..pdf,18
HDFC Bank Ltd..pdf,19
HDFC Bank Ltd..pdf,20
HDFC Bank Ltd..pdf,21
HDFC Bank Ltd..pdf,22
Handson Global Management (HGM) Ltd..pdf,1
Handson Global Management (HGM) Ltd..pdf,2
Handson Global Management (HGM) Ltd..pdf,3
Handson Global Management (HGM) Ltd..pdf,4
Handson Global Management (HGM) Ltd..pdf,5
Handson Global Management (HGM) Ltd..pdf,6
Handson Global Management (HGM) Ltd..pdf,7
Harig Crankshafts Ltd..pdf,1
Harig Crankshafts Ltd..pdf,2
Harig Crankshafts Ltd..pdf,3
Harig Crankshafts Ltd..pdf,4
Harig Crankshafts Ltd..pdf,5
Hariyana Ship Breakers Ltd..pdf,1
Hariyana Ship Breakers Ltd..pdf,2
Hariyana Ship Breakers Ltd..pdf,3
Hariyana Ship Breakers Ltd..pdf,4
Hariyana Ship Breakers Ltd..pdf,5
Hariyana Ship Breakers Ltd..pdf,6
Hariyana Ship Breakers Ltd..pdf,7
Hariyana Ship Breakers Ltd..pdf,8
Hariyana Ventures Ltd..pdf,1
Hariyana Ventures Ltd..pdf,2
Hariyana Ventures Ltd..pdf,3
Hariyana Ventures Ltd..pdf,4
Hawa Engineers Ltd..pdf,1
Hawa Engineers Ltd..pdf,2
Hawa Engineers Ltd..pdf,3
Hawa Engineers Ltd..pdf,4
Hazoor Multi Projects Ltd..pdf,1
Hazoor Multi Projects Ltd..pdf,2
Hazoor Multi Projects Ltd..pdf,3
Hazoor Multi Projects Ltd..pdf,4
Hazoor Multi Projects Ltd..pdf,5
Hazoor Multi Projects Ltd..pdf,6
Hazoor Multi Projects Ltd..pdf,7
Hazoor Multi Projects Ltd..pdf,8
Hazoor Multi Projects Ltd..pdf,9
Hazoor Multi Projects Ltd..pdf,10
Hemisphere Properties India Ltd..pdf,1
Hemisphere Properties India Ltd..pdf,2
Hemisphere Properties India Ltd..pdf,3
Hemisphere Properties India Ltd..pdf,4
Hemisphere Properties India Ltd..pdf,5
Hemisphere Properties India Ltd..pdf,6
Hexa Tradex Ltd..pdf,1
Hexa Tradex Ltd..pdf,2
Hexa Tradex Ltd..pdf,3
Hexa Tradex Ltd..pdf,4
Hexa Tradex Ltd..pdf,5
Hexa Tradex Ltd..pdf,6
Hexa Tradex Ltd..pdf,7
Hexa Tradex Ltd..pdf,8
Hexa Tradex Ltd..pdf,9
Hexa Tradex Ltd..pdf,10
Hi-Klass Trading And Investment Ltd..pdf,1
Hi-Klass Trading And Investment Ltd..pdf,2
Hi-Klass Trading And Investment Ltd..pdf,3
Hi-Klass Trading And Investment Ltd..pdf,4
Hi-Klass Trading And Investment Ltd..pdf,5
Hi-Klass Trading And Investment Ltd..pdf,6
Hi-Klass Trading And Investment Ltd..pdf,7
Hi-Klass Trading And Investment Ltd..pdf,8
Hi-Klass Trading And Investment Ltd..pdf,9
Hi-Klass Trading And Investment Ltd..pdf,10
Hi-Klass Trading And Investment Ltd..pdf,11
Him Teknoforge Ltd..pdf,1
Him Teknoforge Ltd..pdf,2
Him Teknoforge Ltd..pdf,3
Him Teknoforge Ltd..pdf,4
Hind Aluminium Industries Ltd..pdf,1
Hind Aluminium Industries Ltd..pdf,2
Hind Aluminium Industries Ltd..pdf,3
Hind Aluminium Industries Ltd..pdf,4
Hind Aluminium Industries Ltd..pdf,5
Hind Aluminium Industries Ltd..pdf,6
Hind Aluminium Industries Ltd..pdf,7
Hindustan Organic Chemicals Ltd..pdf,1
Hindustan Organic Chemicals Ltd..pdf,2
Hindustan Organic Chemicals Ltd..pdf,3
Hindustan Organic Chemicals Ltd..pdf,4
Hindustan Organic Chemicals Ltd..pdf,5
Hindustan Organic Chemicals Ltd..pdf,6
Hindustan Organic Chemicals Ltd..pdf,7
Hindustan Organic Chemicals Ltd..pdf,8
Hindustan Organic Chemicals Ltd..pdf,9
Hindustan Organic Chemicals Ltd..pdf,10
Hindustan Organic Chemicals Ltd..pdf,11
Hindustan Organic Chemicals Ltd..pdf,12
Hindustan Organic Chemicals Ltd..pdf,13
Hindustan Organic Chemicals Ltd..pdf,14
Hindustan Organic Chemicals Ltd..pdf,15
Hindustan Organic Chemicals Ltd..pdf,16
Hindustan Organic Chemicals Ltd..pdf,17
Hit Kit Global Solutions Ltd..pdf,1
Hit Kit Global Solutions Ltd..pdf,2
Hit Kit Global Solutions Ltd..pdf,3
Hit Kit Global Solutions Ltd..pdf,4
Hit Kit Global Solutions Ltd..pdf,5
Hma Agro Industries Ltd..pdf,1
Hma Agro Industries Ltd..pdf,2
Hma Agro Industries Ltd..pdf,3
Hma Agro Industries Ltd..pdf,4
Hma Agro Industries Ltd..pdf,5
Hma Agro Industries Ltd..pdf,6
Hma Agro Industries Ltd..pdf,7
Hma Agro Industries Ltd..pdf,8
Honda India Power Products Ltd..pdf,1
Honda India Power Products Ltd..pdf,2
Honda India Power Products Ltd..pdf,3
Honda India Power Products Ltd..pdf,4
Honda India Power Products Ltd..pdf,5
Honda India Power Products Ltd..pdf,6
Honda India Power Products Ltd..pdf,7
Honda India Power Products Ltd..pdf,8
Honda India Power Products Ltd..pdf,9
Honda India Power Products Ltd..pdf,10
Howard Hotels Ltd..pdf,1
Howard Hotels Ltd..pdf,2
Howard Hotels Ltd..pdf,3
Howard Hotels Ltd..pdf,4
I.C.S.A. (India) Ltd..pdf,1
I.C.S.A. (India) Ltd..pdf,2
I.C.S.A. (India) Ltd..pdf,3
I.C.S.A. (India) Ltd..pdf,4
I.C.S.A. (India) Ltd..pdf,5
I.C.S.A. (India) Ltd..pdf,6
I.C.S.A. (India) Ltd..pdf,7
I.C.S.A. (India) Ltd..pdf,8
I.C.S.A. (India) Ltd..pdf,9
I.C.S.A. (India) Ltd..pdf,10
I.C.S.A. (India) Ltd..pdf,11
I.C.S.A. (India) Ltd..pdf,12
I.C.S.A. (India) Ltd..pdf,13
I.C.S.A. (India) Ltd..pdf,14
I.C.S.A. (India) Ltd..pdf,15
I.C.S.A. (India) Ltd..pdf,16
I.C.S.A. (India) Ltd..pdf,17
I.C.S.A. (India) Ltd..pdf,18
I.C.S.A. (India) Ltd..pdf,19
I.C.S.A. (India) Ltd..pdf,20
I.C.S.A. (India) Ltd..pdf,21
I.C.S.A. (India) Ltd..pdf,22
I.C.S.A. (India) Ltd..pdf,23
I.C.S.A. (India) Ltd..pdf,24
I.C.S.A. (India) Ltd..pdf,25
I.C.S.A. (India) Ltd..pdf,26
I.C.S.A. (India) Ltd..pdf,27
I.C.S.A. (India) Ltd..pdf,28
I.C.S.A. (India) Ltd..pdf,29
I.C.S.A. (India) Ltd..pdf,30
I.C.S.A. (India) Ltd..pdf,31
I.C.S.A. (India) Ltd..pdf,32
I.C.S.A. (India) Ltd..pdf,33
I.C.S.A. (India) Ltd..pdf,34
I.C.S.A. (India) Ltd..pdf,35
I.C.S.A. (India) Ltd..pdf,36
I.C.S.A. (India) Ltd..pdf,37
I.C.S.A. (India) Ltd..pdf,38
I.C.S.A. (India) Ltd..pdf,39
I.C.S.A. (India) Ltd..pdf,40
I.C.S.A. (India) Ltd..pdf,41
I.C.S.A. (India) Ltd..pdf,42
I.C.S.A. (India) Ltd..pdf,43
I.C.S.A. (India) Ltd..pdf,44
I.C.S.A. (India) Ltd..pdf,45
I.C.S.A. (India) Ltd..pdf,46
I.C.S.A. (India) Ltd..pdf,47
I.C.S.A. (India) Ltd..pdf,48
I.C.S.A. (India) Ltd..pdf,49
I.C.S.A. (India) Ltd..pdf,50
I.C.S.A. (India) Ltd..pdf,51
I.C.S.A. (India) Ltd..pdf,52
I.C.S.A. (India) Ltd..pdf,53
I.C.S.A. (India) Ltd..pdf,54
I.C.S.A. (India) Ltd..pdf,55
I.C.S.A. (India) Ltd..pdf,56
I.C.S.A. (India) Ltd..pdf,57
I.C.S.A. (India) Ltd..pdf,58
I.C.S.A. (India) Ltd..pdf,59
I.C.S.A. (India) Ltd..pdf,60
I.C.S.A. (India) Ltd..pdf,61
I.C.S.A. (India) Ltd..pdf,62
I.C.S.A. (India) Ltd..pdf,63
I.C.S.A. (India) Ltd..pdf,64
I.C.S.A. (India) Ltd..pdf,65
I.C.S.A. (India) Ltd..pdf,66
I.C.S.A. (India) Ltd..pdf,67
I.C.S.A. (India) Ltd..pdf,68
I.C.S.A. (India) Ltd..pdf,69
I.C.S.A. (India) Ltd..pdf,70
I.C.S.A. (India) Ltd..pdf,71
I.C.S.A. (India) Ltd..pdf,72
I.C.S.A. (India) Ltd..pdf,73
I.C.S.A. (India) Ltd..pdf,74
I.C.S.A. (India) Ltd..pdf,75
I.C.S.A. (India) Ltd..pdf,76
I.C.S.A. (India) Ltd..pdf,77
I.C.S.A. (India) Ltd..pdf,78
I.C.S.A. (India) Ltd..pdf,79
I.C.S.A. (India) Ltd..pdf,80
I.C.S.A. (India) Ltd..pdf,81
I.C.S.A. (India) Ltd..pdf,82
I.C.S.A. (India) Ltd..pdf,83
I.C.S.A. (India) Ltd..pdf,84
IB Infotech Enterprises Ltd..pdf,1
IB Infotech Enterprises Ltd..pdf,2
IB Infotech Enterprises Ltd..pdf,3
IB Infotech Enterprises Ltd..pdf,4
ICICI Prudential Life Insurance Company Ltd..pdf,1
ICICI Prudential Life Insurance Company Ltd..pdf,2
ICICI Prudential Life Insurance Company Ltd..pdf,3
ICICI Prudential Life Insurance Company Ltd..pdf,4
ICICI Prudential Life Insurance Company Ltd..pdf,5
ICICI Prudential Life Insurance Company Ltd..pdf,6
ICICI Prudential Life Insurance Company Ltd..pdf,7
ICICI Prudential Life Insurance Company Ltd..pdf,8
ICICI Prudential Life Insurance Company Ltd..pdf,9
ICICI Prudential Life Insurance Company Ltd..pdf,10
ICICI Prudential Life Insurance Company Ltd..pdf,11
ICICI Prudential Life Insurance Company Ltd..pdf,12
ICICI Prudential Life Insurance Company Ltd..pdf,13
ICICI Prudential Life Insurance Company Ltd..pdf,14
ICICI Prudential Life Insurance Company Ltd..pdf,15
ICICI Prudential Life Insurance Company Ltd..pdf,16
ICICI Prudential Life Insurance Company Ltd..pdf,17
ICICI Prudential Life Insurance Company Ltd..pdf,18
ICICI Prudential Life Insurance Company Ltd..pdf,19
ICICI Prudential Life Insurance Company Ltd..pdf,20
ICICI Prudential Life Insurance Company Ltd..pdf,21
ICICI Prudential Life Insurance Company Ltd..pdf,22
ICICI Prudential Life Insurance Company Ltd..pdf,23
ICICI Prudential Life Insurance Company Ltd..pdf,24
ICICI Prudential Life Insurance Company Ltd..pdf,25
ICICI Prudential Life Insurance Company Ltd..pdf,26
ICICI Prudential Life Insurance Company Ltd..pdf,27
ICICI Prudential Life Insurance Company Ltd..pdf,28
ICICI Prudential Life Insurance Company Ltd..pdf,29
ICICI Prudential Life Insurance Company Ltd..pdf,30
ICICI Prudential Life Insurance Company Ltd..pdf,31
ICICI Prudential Life Insurance Company Ltd..pdf,32
ICICI Prudential Life Insurance Company Ltd..pdf,33
ICICI Prudential Life Insurance Company Ltd..pdf,34
ICICI Prudential Life Insurance Company Ltd..pdf,35
ICICI Prudential Life Insurance Company Ltd..pdf,36
ICICI Prudential Life Insurance Company Ltd..pdf,37
ICICI Prudential Life Insurance Company Ltd..pdf,38
ICICI Prudential Life Insurance Company Ltd..pdf,39
ICICI Prudential Life Insurance Company Ltd..pdf,40
ICICI Prudential Life Insurance Company Ltd..pdf,41
ICICI Prudential Life Insurance Company Ltd..pdf,42
IDream Film Infrastructure Company Ltd..pdf,1
IDream Film Infrastructure Company Ltd..pdf,2
IDream Film Infrastructure Company Ltd..pdf,3
IDream Film Infrastructure Company Ltd..pdf,4
IFB Industries Ltd..pdf,1
IFB Industries Ltd..pdf,2
IFB Industries Ltd..pdf,3
IFB Industries Ltd..pdf,4
IFB Industries Ltd..pdf,5
IFB Industries Ltd..pdf,6
IFB Industries Ltd..pdf,7
IFB Industries Ltd..pdf,8
IND Renewable Energy Ltd..pdf,1
IND Renewable Energy Ltd..pdf,2
IND Renewable Energy Ltd..pdf,3
IP Rings Ltd..pdf,1
IP Rings Ltd..pdf,2
IP Rings Ltd..pdf,3
IP Rings Ltd..pdf,4
IP Rings Ltd..pdf,5
IP Rings Ltd..pdf,6
Iconik Sports and Events Ltd..pdf,1
Iconik Sports and Events Ltd..pdf,2
Iconik Sports and Events Ltd..pdf,3
Iconik Sports and Events Ltd..pdf,4
India Finsec Ltd..pdf,1
India Finsec Ltd..pdf,2
India Finsec Ltd..pdf,3
India Finsec Ltd..pdf,4
India Finsec Ltd..pdf,5
India Finsec Ltd..pdf,6
India Finsec Ltd..pdf,7
India Finsec Ltd..pdf,8
India Finsec Ltd..pdf,9
India Finsec Ltd..pdf,10
India Home Loan Ltd..pdf,1
India Home Loan Ltd..pdf,2
India Home Loan Ltd..pdf,3
India Home Loan Ltd..pdf,4
India Home Loan Ltd..pdf,5
India Home Loan Ltd..pdf,6
India Home Loan Ltd..pdf,7
India Home Loan Ltd..pdf,8
India Home Loan Ltd..pdf,9
India Home Loan Ltd..pdf,10
India Home Loan Ltd..pdf,11
India Home Loan Ltd..pdf,12
India Home Loan Ltd..pdf,13
India Home Loan Ltd..pdf,14
India Home Loan Ltd..pdf,15
India Home Loan Ltd..pdf,16
India Home Loan Ltd..pdf,17
Indian Metals & Ferro Alloys Ltd..pdf,1
Indian Metals & Ferro Alloys Ltd..pdf,2
Indian Metals & Ferro Alloys Ltd..pdf,3
Indian Metals & Ferro Alloys Ltd..pdf,4
Indian Metals & Ferro Alloys Ltd..pdf,5
Indian Metals & Ferro Alloys Ltd..pdf,6
Indian Metals & Ferro Alloys Ltd..pdf,7
Indian Metals & Ferro Alloys Ltd..pdf,8
Indian Metals & Ferro Alloys Ltd..pdf,9
Indian Metals & Ferro Alloys Ltd..pdf,10
Indian Metals & Ferro Alloys Ltd..pdf,11
Indian Metals & Ferro Alloys Ltd..pdf,12
Indian Metals & Ferro Alloys Ltd..pdf,13
Indian Metals & Ferro Alloys Ltd..pdf,14
Indian Metals & Ferro Alloys Ltd..pdf,15
Indian Overseas Bank.pdf,1
Indian Overseas Bank.pdf,2
Indian Overseas Bank.pdf,3
Indian Overseas Bank.pdf,4
Indian Overseas Bank.pdf,5
Indian Overseas Bank.pdf,6
Indian Overseas Bank.pdf,7
Indian Overseas Bank.pdf,8
Indian Overseas Bank.pdf,9
Indian Overseas Bank.pdf,10
Indian Overseas Bank.pdf,11
Indian Overseas Bank.pdf,12
Indian Overseas Bank.pdf,13
Indian Overseas Bank.pdf,14
Indian Overseas Bank.pdf,15
Indian Overseas Bank.pdf,16
Indian Overseas Bank.pdf,17
Indian Overseas Bank.pdf,18
Indian Overseas Bank.pdf,19
Indian Overseas Bank.pdf,20
Indian Overseas Bank.pdf,21
Indian Overseas Bank.pdf,22
Indian Overseas Bank.pdf,23
Indian Overseas Bank.pdf,24
Indian Overseas Bank.pdf,25
Indian Overseas Bank.pdf,26
Indian Overseas Bank.pdf,27
Indian Overseas Bank.pdf,28
Indian Toners & Developers Ltd..pdf,1
Indian Toners & Developers Ltd..pdf,2
Indian Toners & Developers Ltd..pdf,3
Indian Toners & Developers Ltd..pdf,4
Indian Toners & Developers Ltd..pdf,5
Indianivesh Ltd..pdf,1
Indianivesh Ltd..pdf,2
Indianivesh Ltd..pdf,3
Indianivesh Ltd..pdf,4
Indianivesh Ltd..pdf,5
Indianivesh Ltd..pdf,6
Indianivesh Ltd..pdf,7
Indianivesh Ltd..pdf,8
Indianivesh Ltd..pdf,9
Indianivesh Ltd..pdf,10
Indianivesh Ltd..pdf,11
Indianivesh Ltd..pdf,12
Indianivesh Ltd..pdf,13
Indianivesh Ltd..pdf,14
Indianivesh Ltd..pdf,15
Indianivesh Ltd..pdf,16
Indianivesh Ltd..pdf,17
Indo Amines Ltd..pdf,1
Indo Amines Ltd..pdf,2
Indo Amines Ltd..pdf,3
Indo Amines Ltd..pdf,4
Indo Amines Ltd..pdf,5
Indo Amines Ltd..pdf,6
Indo Amines Ltd..pdf,7
Indo Amines Ltd..pdf,8
Indo Borax & Chemicals Ltd..pdf,1
Indo Borax & Chemicals Ltd..pdf,2
Indo Borax & Chemicals Ltd..pdf,3
Indo Borax & Chemicals Ltd..pdf,4
Indo Borax & Chemicals Ltd..pdf,5
Indo Borax & Chemicals Ltd..pdf,6
Indo Borax & Chemicals Ltd..pdf,7
Indostar Capital Finance Ltd..pdf,1
Indostar Capital Finance Ltd..pdf,2
Indostar Capital Finance Ltd..pdf,3
Indostar Capital Finance Ltd..pdf,4
Indostar Capital Finance Ltd..pdf,5
Indostar Capital Finance Ltd..pdf,6
Indostar Capital Finance Ltd..pdf,7
Indostar Capital Finance Ltd..pdf,8
Indostar Capital Finance Ltd..pdf,9
Indostar Capital Finance Ltd..pdf,10
Indostar Capital Finance Ltd..pdf,11
Indostar Capital Finance Ltd..pdf,12
Indostar Capital Finance Ltd..pdf,13
Indostar Capital Finance Ltd..pdf,14
Indostar Capital Finance Ltd..pdf,15
Indostar Capital Finance Ltd..pdf,16
Indostar Capital Finance Ltd..pdf,17
Indostar Capital Finance Ltd..pdf,18
Indostar Capital Finance Ltd..pdf,19
Indostar Capital Finance Ltd..pdf,20
Inducto Steel Ltd..pdf,1
Inducto Steel Ltd..pdf,2
Inducto Steel Ltd..pdf,3
Inducto Steel Ltd..pdf,4
Inducto Steel Ltd..pdf,5
Inducto Steel Ltd..pdf,6
Inducto Steel Ltd..pdf,7
Infinity Infoway Ltd..pdf,1
Infinity Infoway Ltd..pdf,2
Infinity Infoway Ltd..pdf,3
Infinity Infoway Ltd..pdf,4
Infinity Infoway Ltd..pdf,5
Infinity Infoway Ltd..pdf,6
Infinity Infoway Ltd..pdf,7
Infinity Infoway Ltd..pdf,8
Infinity Infoway Ltd..pdf,9
Infinity Infoway Ltd..pdf,10
Infinity Infoway Ltd..pdf,11
Informed Technologies India Ltd..pdf,1
Informed Technologies India Ltd..pdf,2
Informed Technologies India Ltd..pdf,3
Informed Technologies India Ltd..pdf,4
Informed Technologies India Ltd..pdf,5
Informed Technologies India Ltd..pdf,6
Informed Technologies India Ltd..pdf,7
Infra Industries Ltd..pdf,1
Infra Industries Ltd..pdf,2
Infra Industries Ltd..pdf,3
Infra Industries Ltd..pdf,4
Infra Industries Ltd..pdf,5
Infra Industries Ltd..pdf,6
Innocorp Ltd..pdf,1
Innocorp Ltd..pdf,2
Innocorp Ltd..pdf,3
Innovision Ltd..pdf,1
Innovision Ltd..pdf,2
Innovision Ltd..pdf,3
Innovision Ltd..pdf,4
Innovision Ltd..pdf,5
Innovision Ltd..pdf,6
Innovision Ltd..pdf,7
Innovision Ltd..pdf,8
Innovision Ltd..pdf,9
Insilco Ltd..pdf,1
Insilco Ltd..pdf,2
Insilco Ltd..pdf,3
Insilco Ltd..pdf,4
Insilco Ltd..pdf,5
Insilco Ltd..pdf,6
Insilco Ltd..pdf,7
Insilco Ltd..pdf,8
Insilco Ltd..pdf,9
Integra Engineering India Ltd..pdf,1
Integra Engineering India Ltd..pdf,2
Integra Engineering India Ltd..pdf,3
Integra Engineering India Ltd..pdf,4
Integra Engineering India Ltd..pdf,5
Integra Engineering India Ltd..pdf,6
Integra Engineering India Ltd..pdf,7
Integra Engineering India Ltd..pdf,8
Integra Essentia Ltd..pdf,1
Integra Essentia Ltd..pdf,2
Integra Essentia Ltd..pdf,3
Integra Essentia Ltd..pdf,4
Integra Essentia Ltd..pdf,5
Integra Essentia Ltd..pdf,6
Integra Essentia Ltd..pdf,7
Integra Essentia Ltd..pdf,8
Integra Essentia Ltd..pdf,9
Integra Essentia Ltd..pdf,10
Integra Essentia Ltd..pdf,11
Integra Essentia Ltd..pdf,12
Integra Essentia Ltd..pdf,13
Integra Essentia Ltd..pdf,14
Integra Essentia Ltd..pdf,15
International Data Management Ltd..pdf,1
International Data Management Ltd..pdf,2
International Data Management Ltd..pdf,3
Interworld Digital Ltd..pdf,1
Interworld Digital Ltd..pdf,2
Interworld Digital Ltd..pdf,3
Interworld Digital Ltd..pdf,4
Interworld Digital Ltd..pdf,5
Interworld Digital Ltd..pdf,6
Interworld Digital Ltd..pdf,7
Investment & Precision Castings Ltd..pdf,1
Investment & Precision Castings Ltd..pdf,2
Investment & Precision Castings Ltd..pdf,3
Investment & Precision Castings Ltd..pdf,4
Investment & Precision Castings Ltd..pdf,5
Investment & Precision Castings Ltd..pdf,6
Ishwarshakti Holdings & Traders Ltd..pdf,1
Ishwarshakti Holdings & Traders Ltd..pdf,2
Ishwarshakti Holdings & Traders Ltd..pdf,3
Ishwarshakti Holdings & Traders Ltd..pdf,4
Ishwarshakti Holdings & Traders Ltd..pdf,5
Ishwarshakti Holdings & Traders Ltd..pdf,6
Ishwarshakti Holdings & Traders Ltd..pdf,7
Ishwarshakti Holdings & Traders Ltd..pdf,8
Ishwarshakti Holdings & Traders Ltd..pdf,9
Ivalue Infosolutions Ltd..pdf,1
Ivalue Infosolutions Ltd..pdf,2
Ivalue Infosolutions Ltd..pdf,3
Ivalue Infosolutions Ltd..pdf,4
Ivalue Infosolutions Ltd..pdf,5
Ivalue Infosolutions Ltd..pdf,6
Ivalue Infosolutions Ltd..pdf,7
Ivalue Infosolutions Ltd..pdf,8
Ivalue Infosolutions Ltd..pdf,9
Ivalue Infosolutions Ltd..pdf,10
Ivalue Infosolutions Ltd..pdf,11
Ivalue Infosolutions Ltd..pdf,12
Ivalue Infosolutions Ltd..pdf,13
Ivalue Infosolutions Ltd..pdf,14
Ivalue Infosolutions Ltd..pdf,15
JSL Industries Ltd..pdf,1
JSL Industries Ltd..pdf,2
JSL Industries Ltd..pdf,3
JSL Industries Ltd..pdf,4
JSW Infrastructure Ltd..pdf,1
JSW Infrastructure Ltd..pdf,2
JSW Infrastructure Ltd..pdf,3
JSW Infrastructure Ltd..pdf,4
JSW Infrastructure Ltd..pdf,5
JSW Infrastructure Ltd..pdf,6
JSW Infrastructure Ltd..pdf,7
JSW Infrastructure Ltd..pdf,8
JSW Infrastructure Ltd..pdf,9
JTL Industries Ltd..pdf,1
JTL Industries Ltd..pdf,2
JTL Industries Ltd..pdf,3
JTL Industries Ltd..pdf,4
JTL Industries Ltd..pdf,5
JTL Industries Ltd..pdf,6
JTL Industries Ltd..pdf,7
Jain Marmo Industries Ltd..pdf,1
Jain Marmo Industries Ltd..pdf,2
Jain Marmo Industries Ltd..pdf,3
Jain Marmo Industries Ltd..pdf,4
Jain Marmo Industries Ltd..pdf,5
Jamna Auto Industries Ltd..pdf,1
Jamna Auto Industries Ltd..pdf,2
Jamna Auto Industries Ltd..pdf,3
Jamna Auto Industries Ltd..pdf,4
Jamna Auto Industries Ltd..pdf,5
Jamna Auto Industries Ltd..pdf,6
Jash Engineering Ltd..pdf,1
Jash Engineering Ltd..pdf,2
Jash Engineering Ltd..pdf,3
Jash Engineering Ltd..pdf,4
Jash Engineering Ltd..pdf,5
Jash Engineering Ltd..pdf,6
Jash Engineering Ltd..pdf,7
Jash Engineering Ltd..pdf,8
Jash Engineering Ltd..pdf,9
Jash Engineering Ltd..pdf,10
Jash Engineering Ltd..pdf,11
Jauss Polymers Ltd..pdf,1
Jauss Polymers Ltd..pdf,2
Jauss Polymers Ltd..pdf,3
Jauss Polymers Ltd..pdf,4
Jauss Polymers Ltd..pdf,5
Jauss Polymers Ltd..pdf,6
Jauss Polymers Ltd..pdf,7
Jayant Agro Organics Ltd..pdf,1
Jayant Agro Organics Ltd..pdf,2
Jayant Agro Organics Ltd..pdf,3
Jayant Agro Organics Ltd..pdf,4
Jayant Agro Organics Ltd..pdf,5
Jayant Agro Organics Ltd..pdf,6
Jayant Agro Organics Ltd..pdf,7
Jayant Agro Organics Ltd..pdf,8
Jayant Agro Organics Ltd..pdf,9
Jayatma Enterprises Ltd..pdf,1
Jayatma Enterprises Ltd..pdf,2
Jayatma Enterprises Ltd..pdf,3
Jhaveri Credits & Capital Ltd..pdf,1
Jhaveri Credits & Capital Ltd..pdf,2
Jhaveri Credits & Capital Ltd..pdf,3
Jhaveri Credits & Capital Ltd..pdf,4
Jhaveri Credits & Capital Ltd..pdf,5
Jhaveri Credits & Capital Ltd..pdf,6
Jhaveri Credits & Capital Ltd..pdf,7
Jhaveri Credits & Capital Ltd..pdf,8
Jindal Hotels Ltd..pdf,1
Jindal Hotels Ltd..pdf,2
Jindal Hotels Ltd..pdf,3
Jindal Hotels Ltd..pdf,4
Jindal Leasefin Ltd..pdf,1
Jindal Leasefin Ltd..pdf,2
Jindal Leasefin Ltd..pdf,3
Jindal Leasefin Ltd..pdf,4
Jindal Steel Ltd..pdf,1
Jindal Steel Ltd..pdf,2
Jindal Steel Ltd..pdf,3
Jindal Steel Ltd..pdf,4
Jindal Steel Ltd..pdf,5
Jindal Steel Ltd..pdf,6
Jindal Steel Ltd..pdf,7
Jindal Steel Ltd..pdf,8
Jindal Steel Ltd..pdf,9
Jindal Steel Ltd..pdf,10
Jindal Steel Ltd..pdf,11
Jindal Steel Ltd..pdf,12
Jindal Steel Ltd..pdf,13
Jindal Steel Ltd..pdf,14
Jindal Steel Ltd..pdf,15
Jindal Steel Ltd..pdf,16
Jindal Steel Ltd..pdf,17
Jindal Steel Ltd..pdf,18
Jindal Steel Ltd..pdf,19
Jindal Steel Ltd..pdf,20
Jindal Steel Ltd..pdf,21
Jindal Steel Ltd..pdf,22
Jindal Steel Ltd..pdf,23
Jindal Steel Ltd..pdf,24
Jindal Steel Ltd..pdf,25
Jindal Steel Ltd..pdf,26
Jiya Eco-Products Ltd..pdf,1
Jiya Eco-Products Ltd..pdf,2
Jiya Eco-Products Ltd..pdf,3
Jiya Eco-Products Ltd..pdf,4
Jiya Eco-Products Ltd..pdf,5
Jiya Eco-Products Ltd..pdf,6
Jiya Eco-Products Ltd..pdf,7
Jiya Eco-Products Ltd..pdf,8
Jiya Eco-Products Ltd..pdf,9
Jiya Eco-Products Ltd..pdf,10
Jiya Eco-Products Ltd..pdf,11
Jiya Eco-Products Ltd..pdf,12
Jiya Eco-Products Ltd..pdf,13
Johnson Pharmacare Ltd..pdf,1
Johnson Pharmacare Ltd..pdf,2
Johnson Pharmacare Ltd..pdf,3
Johnson Pharmacare Ltd..pdf,4
Johnson Pharmacare Ltd..pdf,5
Johnson Pharmacare Ltd..pdf,6
Jonjua Overseas Ltd..pdf,1
Jonjua Overseas Ltd..pdf,2
Jonjua Overseas Ltd..pdf,3
Jonjua Overseas Ltd..pdf,4
Jumbo Bag Ltd..pdf,1
Jumbo Bag Ltd..pdf,2
Jumbo Bag Ltd..pdf,3
Jumbo Bag Ltd..pdf,4
Jumbo Bag Ltd..pdf,5
Jumbo Bag Ltd..pdf,6
June Industries Ltd..pdf,1
June Industries Ltd..pdf,2
June Industries Ltd..pdf,3
June Industries Ltd..pdf,4
Just Dial Ltd..pdf,1
Just Dial Ltd..pdf,2
Just Dial Ltd..pdf,3
Just Dial Ltd..pdf,4
Just Dial Ltd..pdf,5
Just Dial Ltd..pdf,6
Just Dial Ltd..pdf,7
Just Dial Ltd..pdf,8
Jyoti Structures Ltd..pdf,1
Jyoti Structures Ltd..pdf,2
Jyoti Structures Ltd..pdf,3
Jyoti Structures Ltd..pdf,4
Jyoti Structures Ltd..pdf,5
Jyoti Structures Ltd..pdf,6
Jyoti Structures Ltd..pdf,7
Jyoti Structures Ltd..pdf,8
Jyoti Structures Ltd..pdf,9
Jyoti Structures Ltd..pdf,10
Jyoti Structures Ltd..pdf,11
Jyoti Structures Ltd..pdf,12
Jyoti Structures Ltd..pdf,13
KDJ Holidayscapes And Resorts Ltd..pdf,1
KDJ Holidayscapes And Resorts Ltd..pdf,2
KDJ Holidayscapes And Resorts Ltd..pdf,3
KDJ Holidayscapes And Resorts Ltd..pdf,4
KDJ Holidayscapes And Resorts Ltd..pdf,5
KDJ Holidayscapes And Resorts Ltd..pdf,6
KDJ Holidayscapes And Resorts Ltd..pdf,7
KDJ Holidayscapes And Resorts Ltd..pdf,8
KDJ Holidayscapes And Resorts Ltd..pdf,9
KDJ Holidayscapes And Resorts Ltd..pdf,10
KDJ Holidayscapes And Resorts Ltd..pdf,11
KDJ Holidayscapes And Resorts Ltd..pdf,12
KDJ Holidayscapes And Resorts Ltd..pdf,13
KDJ Holidayscapes And Resorts Ltd..pdf,14
KDJ Holidayscapes And Resorts Ltd..pdf,15
KDJ Holidayscapes And Resorts Ltd..pdf,16
KDJ Holidayscapes And Resorts Ltd..pdf,17
KDJ Holidayscapes And Resorts Ltd..pdf,18
KDJ Holidayscapes And Resorts Ltd..pdf,19
KDJ Holidayscapes And Resorts Ltd..pdf,20
KDJ Holidayscapes And Resorts Ltd..pdf,21
KDJ Holidayscapes And Resorts Ltd..pdf,22
KDJ Holidayscapes And Resorts Ltd..pdf,23
KDJ Holidayscapes And Resorts Ltd..pdf,24
KDJ Holidayscapes And Resorts Ltd..pdf,25
KDJ Holidayscapes And Resorts Ltd..pdf,26
KDJ Holidayscapes And Resorts Ltd..pdf,27
KDJ Holidayscapes And Resorts Ltd..pdf,28
KDJ Holidayscapes And Resorts Ltd..pdf,29
KDJ Holidayscapes And Resorts Ltd..pdf,30
KFin Technologies Ltd..pdf,1
KFin Technologies Ltd..pdf,2
KFin Technologies Ltd..pdf,3
KFin Technologies Ltd..pdf,4
KFin Technologies Ltd..pdf,5
KFin Technologies Ltd..pdf,6
KFin Technologies Ltd..pdf,7
KFin Technologies Ltd..pdf,8
KFin Technologies Ltd..pdf,9
KFin Technologies Ltd..pdf,10
KFin Technologies Ltd..pdf,11
KFin Technologies Ltd..pdf,12
KFin Technologies Ltd..pdf,13
KLG Capital Services Ltd..pdf,1
KLG Capital Services Ltd..pdf,2
KLG Capital Services Ltd..pdf,3
KLG Capital Services Ltd..pdf,4
KSB Ltd..pdf,1
KSB Ltd..pdf,2
KSB Ltd..pdf,3
KSB Ltd..pdf,4
KSB Ltd..pdf,5
KSB Ltd..pdf,6
KSB Ltd..pdf,7
KSB Ltd..pdf,8
KSB Ltd..pdf,9
KSB Ltd..pdf,10
KSB Ltd..pdf,11
Kabra Commercial Ltd..pdf,1
Kabra Commercial Ltd..pdf,2
Kabra Commercial Ltd..pdf,3
Kabra Commercial Ltd..pdf,4
Kabra Commercial Ltd..pdf,5
Kabra Commercial Ltd..pdf,6
Kabra Drugs Ltd..pdf,1
Kabra Drugs Ltd..pdf,2
Kabra Drugs Ltd..pdf,3
Kabra Drugs Ltd..pdf,4
Kabra Drugs Ltd..pdf,5
Kabra Drugs Ltd..pdf,6
Kabra Drugs Ltd..pdf,7
Kabra Extrusion Technik Ltd..pdf,1
Kabra Extrusion Technik Ltd..pdf,2
Kabra Extrusion Technik Ltd..pdf,3
Kabra Extrusion Technik Ltd..pdf,4
Kabra Extrusion Technik Ltd..pdf,5
Kabra Extrusion Technik Ltd..pdf,6
Kabra Extrusion Technik Ltd..pdf,7
Kabra Extrusion Technik Ltd..pdf,8
Kabra Extrusion Technik Ltd..pdf,9
Kabra Extrusion Technik Ltd..pdf,10
Kalind Ltd..pdf,1
Kalind Ltd..pdf,2
Kalind Ltd..pdf,3
Kalind Ltd..pdf,4
Kalind Ltd..pdf,5
Kalind Ltd..pdf,6
Kalind Ltd..pdf,7
Kalind Ltd..pdf,8
Kalind Ltd..pdf,9
Kalyan Capitals Ltd..pdf,1
Kalyan Capitals Ltd..pdf,2
Kalyan Capitals Ltd..pdf,3
Kalyan Capitals Ltd..pdf,4
Kalyan Capitals Ltd..pdf,5
Kalyan Capitals Ltd..pdf,6
Kalyan Capitals Ltd..pdf,7
Kalyan Capitals Ltd..pdf,8
Kalyan Capitals Ltd..pdf,9
Kalyan Capitals Ltd..pdf,10
Kalyani Forge Ltd..pdf,1
Kalyani Forge Ltd..pdf,2
Kalyani Forge Ltd..pdf,3
Kalyani Forge Ltd..pdf,4
Kalyani Forge Ltd..pdf,5
Kamadgiri Fashion Ltd..pdf,1
Kamadgiri Fashion Ltd..pdf,2
Kamadgiri Fashion Ltd..pdf,3
Kamadgiri Fashion Ltd..pdf,4
Kamadgiri Fashion Ltd..pdf,5
Kanchi Karpooram Ltd..pdf,1
Kanchi Karpooram Ltd..pdf,2
Kanchi Karpooram Ltd..pdf,3
Kanchi Karpooram Ltd..pdf,4
Kanchi Karpooram Ltd..pdf,5
Kanchi Karpooram Ltd..pdf,6
Kanchi Karpooram Ltd..pdf,7
Kanchi Karpooram Ltd..pdf,8
Kanchi Karpooram Ltd..pdf,9
Kanchi Karpooram Ltd..pdf,10
Kanchi Karpooram Ltd..pdf,11
Kanchi Karpooram Ltd..pdf,12
Kanel Industries Ltd..pdf,1
Kanel Industries Ltd..pdf,2
Kanel Industries Ltd..pdf,3
Kanel Industries Ltd..pdf,4
Kapil Raj Finance Ltd..pdf,1
Kapil Raj Finance Ltd..pdf,2
Kapil Raj Finance Ltd..pdf,3
Karan Woo Sin Ltd..pdf,1
Karan Woo Sin Ltd..pdf,2
Karan Woo Sin Ltd..pdf,3
Karan Woo Sin Ltd..pdf,4
Karan Woo Sin Ltd..pdf,5
Karan Woo Sin Ltd..pdf,6
Karan Woo Sin Ltd..pdf,7
Karan Woo Sin Ltd..pdf,8
Karnika Industries Ltd..pdf,1
Karnika Industries Ltd..pdf,2
Karnika Industries Ltd..pdf,3
Karnika Industries Ltd..pdf,4
Karnika Industries Ltd..pdf,5
Karnika Industries Ltd..pdf,6
Karnika Industries Ltd..pdf,7
Karnika Industries Ltd..pdf,8
Karnika Industries Ltd..pdf,9
Karnika Industries Ltd..pdf,10
Karnika Industries Ltd..pdf,11
Kellton Tech Solutions Ltd..pdf,1
Kellton Tech Solutions Ltd..pdf,2
Kellton Tech Solutions Ltd..pdf,3
Kellton Tech Solutions Ltd..pdf,4
Kellton Tech Solutions Ltd..pdf,5
Kellton Tech Solutions Ltd..pdf,6
Kellton Tech Solutions Ltd..pdf,7
Kellton Tech Solutions Ltd..pdf,8
Kellton Tech Solutions Ltd..pdf,9
Kellton Tech Solutions Ltd..pdf,10
Keltech Energies Ltd..pdf,1
Keltech Energies Ltd..pdf,2
Keltech Energies Ltd..pdf,3
Keltech Energies Ltd..pdf,4
Kemp & Co Ltd..pdf,1
Kemp & Co Ltd..pdf,2
Kemp & Co Ltd..pdf,3
Kemp & Co Ltd..pdf,4
Kemp & Co Ltd..pdf,5
Kemp & Co Ltd..pdf,6
Kenvi Jewels Ltd..pdf,1
Kenvi Jewels Ltd..pdf,2
Kenvi Jewels Ltd..pdf,3
Kerala Ayurveda Ltd..pdf,1
Kerala Ayurveda Ltd..pdf,2
Kerala Ayurveda Ltd..pdf,3
Kerala Ayurveda Ltd..pdf,4
Kerala Ayurveda Ltd..pdf,5
Kerala Ayurveda Ltd..pdf,6
Kerala Ayurveda Ltd..pdf,7
Kerala Ayurveda Ltd..pdf,8
Kerala Ayurveda Ltd..pdf,9
Kerala Ayurveda Ltd..pdf,10
Kerala Ayurveda Ltd..pdf,11
Kerala Ayurveda Ltd..pdf,12
Kerala Ayurveda Ltd..pdf,13
Kesar Enterprises Ltd..pdf,1
Kesar Enterprises Ltd..pdf,2
Kesar Enterprises Ltd..pdf,3
Kesar Enterprises Ltd..pdf,4
Kesar Enterprises Ltd..pdf,5
Keynote Financial Services Ltd..pdf,1
Keynote Financial Services Ltd..pdf,2
Keynote Financial Services Ltd..pdf,3
Keynote Financial Services Ltd..pdf,4
Keynote Financial Services Ltd..pdf,5
Keynote Financial Services Ltd..pdf,6
Keynote Financial Services Ltd..pdf,7
Keynote Financial Services Ltd..pdf,8
Keynote Financial Services Ltd..pdf,9
Keynote Financial Services Ltd..pdf,10
Khazanchi Jewellers Ltd..pdf,1
Khazanchi Jewellers Ltd..pdf,2
Khazanchi Jewellers Ltd..pdf,3
Khazanchi Jewellers Ltd..pdf,4
Khazanchi Jewellers Ltd..pdf,5
Khazanchi Jewellers Ltd..pdf,6
Kic Metaliks Ltd..pdf,1
Kic Metaliks Ltd..pdf,2
Kic Metaliks Ltd..pdf,3
Kic Metaliks Ltd..pdf,4
Kings Infra Ventures Ltd..pdf,1
Kings Infra Ventures Ltd..pdf,2
Kings Infra Ventures Ltd..pdf,3
Kings Infra Ventures Ltd..pdf,4
Kings Infra Ventures Ltd..pdf,5
Kings Infra Ventures Ltd..pdf,6
Kings Infra Ventures Ltd..pdf,7
Kings Infra Ventures Ltd..pdf,8
Kings Infra Ventures Ltd..pdf,9
Kings Infra Ventures Ltd..pdf,10
Kings Infra Ventures Ltd..pdf,11
Kings Infra Ventures Ltd..pdf,12
Kings Infra Ventures Ltd..pdf,13
Kings Infra Ventures Ltd..pdf,14
Kings Infra Ventures Ltd..pdf,15
Kings Infra Ventures Ltd..pdf,16
Kings Infra Ventures Ltd..pdf,17
Kings Infra Ventures Ltd..pdf,18
Kings Infra Ventures Ltd..pdf,19
Kings Infra Ventures Ltd..pdf,20
Kings Infra Ventures Ltd..pdf,21
Kings Infra Ventures Ltd..pdf,22
Kings Infra Ventures Ltd..pdf,23
Kings Infra Ventures Ltd..pdf,24
Kings Infra Ventures Ltd..pdf,25
Kings Infra Ventures Ltd..pdf,26
Kings Infra Ventures Ltd..pdf,27
Kings Infra Ventures Ltd..pdf,28
Kings Infra Ventures Ltd..pdf,29
Kiran Vyapar Ltd..pdf,1
Kiran Vyapar Ltd..pdf,2
Kiran Vyapar Ltd..pdf,3
Kiran Vyapar Ltd..pdf,4
Kiran Vyapar Ltd..pdf,5
Kiran Vyapar Ltd..pdf,6
Kiran Vyapar Ltd..pdf,7
Kiran Vyapar Ltd..pdf,8
Kiran Vyapar Ltd..pdf,9
Kiran Vyapar Ltd..pdf,10
Kiran Vyapar Ltd..pdf,11
Kiran Vyapar Ltd..pdf,12
Kiri Industries Ltd..pdf,1
Kiri Industries Ltd..pdf,2
Kiri Industries Ltd..pdf,3
Kiri Industries Ltd..pdf,4
Kiri Industries Ltd..pdf,5
Kiri Industries Ltd..pdf,6
Kiri Industries Ltd..pdf,7
Kiri Industries Ltd..pdf,8
Kiri Industries Ltd..pdf,9
Kiri Industries Ltd..pdf,10
Kiri Industries Ltd..pdf,11
Kiri Industries Ltd..pdf,12
Kiri Industries Ltd..pdf,13
Kiri Industries Ltd..pdf,14
Kiri Industries Ltd..pdf,15
Koiya International Ltd..pdf,1
Koiya International Ltd..pdf,2
Koiya International Ltd..pdf,3
Koiya International Ltd..pdf,4
Koiya International Ltd..pdf,5
Koiya International Ltd..pdf,6
Koiya International Ltd..pdf,7
Koiya International Ltd..pdf,8
Koiya International Ltd..pdf,9
Kranti Industries Ltd..pdf,1
Kranti Industries Ltd..pdf,2
Kranti Industries Ltd..pdf,3
Kranti Industries Ltd..pdf,4
Kranti Industries Ltd..pdf,5
Kranti Industries Ltd..pdf,6
Kranti Industries Ltd..pdf,7
Kranti Industries Ltd..pdf,8
Kranti Industries Ltd..pdf,9
Krebs Biochemicals & Industries Ltd..pdf,1
Krebs Biochemicals & Industries Ltd..pdf,2
Krebs Biochemicals & Industries Ltd..pdf,3
Kretto Syscon Ltd..pdf,1
Kretto Syscon Ltd..pdf,2
Kretto Syscon Ltd..pdf,3
Kridhan Infra Ltd..pdf,1
Kridhan Infra Ltd..pdf,2
Kridhan Infra Ltd..pdf,3
Kridhan Infra Ltd..pdf,4
Kridhan Infra Ltd..pdf,5
Kridhan Infra Ltd..pdf,6
Kridhan Infra Ltd..pdf,7
Kridhan Infra Ltd..pdf,8
Kriti Industries (India) Ltd..pdf,1
Kriti Industries (India) Ltd..pdf,2
Kriti Industries (India) Ltd..pdf,3
Kriti Industries (India) Ltd..pdf,4
Kriti Industries (India) Ltd..pdf,5
Kriti Industries (India) Ltd..pdf,6
Kriti Industries (India) Ltd..pdf,7
Kriti Industries (India) Ltd..pdf,8
Krsnaa Diagnostics Ltd..pdf,1
Krsnaa Diagnostics Ltd..pdf,2
Krsnaa Diagnostics Ltd..pdf,3
Krsnaa Diagnostics Ltd..pdf,4
Krsnaa Diagnostics Ltd..pdf,5
Krsnaa Diagnostics Ltd..pdf,6
Krsnaa Diagnostics Ltd..pdf,7
Krsnaa Diagnostics Ltd..pdf,8
Krsnaa Diagnostics Ltd..pdf,9
Krsnaa Diagnostics Ltd..pdf,10
Krsnaa Diagnostics Ltd..pdf,11
Krsnaa Diagnostics Ltd..pdf,12
Kumbhat Financial Services Ltd..pdf,1
Kumbhat Financial Services Ltd..pdf,2
Kumbhat Financial Services Ltd..pdf,3
Kumbhat Financial Services Ltd..pdf,4
LIC Housing Finance Ltd..pdf,1
LIC Housing Finance Ltd..pdf,2
LIC Housing Finance Ltd..pdf,3
LIC Housing Finance Ltd..pdf,4
LIC Housing Finance Ltd..pdf,5
LIC Housing Finance Ltd..pdf,6
LIC Housing Finance Ltd..pdf,7
LIC Housing Finance Ltd..pdf,8
LIC Housing Finance Ltd..pdf,9
LIC Housing Finance Ltd..pdf,10
LIC Housing Finance Ltd..pdf,11
LIC Housing Finance Ltd..pdf,12
LIC Housing Finance Ltd..pdf,13
LIC Housing Finance Ltd..pdf,14
LIC Housing Finance Ltd..pdf,15
LIC Housing Finance Ltd..pdf,16
LIC Housing Finance Ltd..pdf,17
LIC Housing Finance Ltd..pdf,18
LIC Housing Finance Ltd..pdf,19
LIC Housing Finance Ltd..pdf,20
LIC Housing Finance Ltd..pdf,21
LIC Housing Finance Ltd..pdf,22
LIC Housing Finance Ltd..pdf,23
LIC Housing Finance Ltd..pdf,24
LMW Ltd..pdf,1
LMW Ltd..pdf,2
LMW Ltd..pdf,3
LMW Ltd..pdf,4
LMW Ltd..pdf,5
LMW Ltd..pdf,6
LMW Ltd..pdf,7
LMW Ltd..pdf,8
LMW Ltd..pdf,9
LMW Ltd..pdf,10
LMW Ltd..pdf,11
Lake Shore Realty Ltd..pdf,1
Lake Shore Realty Ltd..pdf,2
Lake Shore Realty Ltd..pdf,3
Lake Shore Realty Ltd..pdf,4
Lake Shore Realty Ltd..pdf,5
Lakshmi Engineering And Warehousing Ltd..pdf,1
Lakshmi Engineering And Warehousing Ltd..pdf,2
Lakshmi Engineering And Warehousing Ltd..pdf,3
Lakshmi Engineering And Warehousing Ltd..pdf,4
Lakshmi Engineering And Warehousing Ltd..pdf,5
Landsmill Green Ltd.pdf,1
Landsmill Green Ltd.pdf,2
Landsmill Green Ltd.pdf,3
Landsmill Green Ltd.pdf,4
Landsmill Green Ltd.pdf,5
Landsmill Green Ltd.pdf,6
Landsmill Green Ltd.pdf,7
Landsmill Green Ltd.pdf,8
Landsmill Green Ltd.pdf,9
Landsmill Green Ltd.pdf,10
Landsmill Green Ltd.pdf,11
Landsmill Green Ltd.pdf,12
Landsmill Green Ltd.pdf,13
Larsen & Toubro Ltd..pdf,1
Larsen & Toubro Ltd..pdf,2
Larsen & Toubro Ltd..pdf,3
Larsen & Toubro Ltd..pdf,4
Larsen & Toubro Ltd..pdf,5
Larsen & Toubro Ltd..pdf,6
Larsen & Toubro Ltd..pdf,7
Larsen & Toubro Ltd..pdf,8
Larsen & Toubro Ltd..pdf,9
Larsen & Toubro Ltd..pdf,10
Larsen & Toubro Ltd..pdf,11
Larsen & Toubro Ltd..pdf,12
Larsen & Toubro Ltd..pdf,13
Larsen & Toubro Ltd..pdf,14
Larsen & Toubro Ltd..pdf,15
Larsen & Toubro Ltd..pdf,16
Larsen & Toubro Ltd..pdf,17
Larsen & Toubro Ltd..pdf,18
Larsen & Toubro Ltd..pdf,19
Larsen & Toubro Ltd..pdf,20
Larsen & Toubro Ltd..pdf,21
Larsen & Toubro Ltd..pdf,22
Larsen & Toubro Ltd..pdf,23
Larsen & Toubro Ltd..pdf,24
Larsen & Toubro Ltd..pdf,25
Larsen & Toubro Ltd..pdf,26
Larsen & Toubro Ltd..pdf,27
Larsen & Toubro Ltd..pdf,28
Larsen & Toubro Ltd..pdf,29
Larsen & Toubro Ltd..pdf,30
Larsen & Toubro Ltd..pdf,31
Larsen & Toubro Ltd..pdf,32
Laxmi Organic Industries Ltd..pdf,1
Laxmi Organic Industries Ltd..pdf,2
Laxmi Organic Industries Ltd..pdf,3
Laxmi Organic Industries Ltd..pdf,4
Laxmi Organic Industries Ltd..pdf,5
Laxmi Organic Industries Ltd..pdf,6
Laxmi Organic Industries Ltd..pdf,7
Laxmi Organic Industries Ltd..pdf,8
Laxmi Organic Industries Ltd..pdf,9
Laxmi Organic Industries Ltd..pdf,10
Laxmi Organic Industries Ltd..pdf,11
Laxmi Organic Industries Ltd..pdf,12
Laxmi Organic Industries Ltd..pdf,13
Laxmi Organic Industries Ltd..pdf,14
Laxmi Organic Industries Ltd..pdf,15
Laxmi Organic Industries Ltd..pdf,16
Laxmi Organic Industries Ltd..pdf,17
Laxmi Organic Industries Ltd..pdf,18
Laxmi Organic Industries Ltd..pdf,19
Leapfrog Engineering Services Ltd..pdf,1
Leapfrog Engineering Services Ltd..pdf,2
Leapfrog Engineering Services Ltd..pdf,3
Leapfrog Engineering Services Ltd..pdf,4
Leapfrog Engineering Services Ltd..pdf,5
Leapfrog Engineering Services Ltd..pdf,6
Leapfrog Engineering Services Ltd..pdf,7
Leapfrog Engineering Services Ltd..pdf,8
Leapfrog Engineering Services Ltd..pdf,9
Leapfrog Engineering Services Ltd..pdf,10
Leapfrog Engineering Services Ltd..pdf,11
Leapfrog Engineering Services Ltd..pdf,12
Life Insurance Corporation Of India.pdf,1
Life Insurance Corporation Of India.pdf,2
Life Insurance Corporation Of India.pdf,3
Life Insurance Corporation Of India.pdf,4
Life Insurance Corporation Of India.pdf,5
Life Insurance Corporation Of India.pdf,6
Life Insurance Corporation Of India.pdf,7
Life Insurance Corporation Of India.pdf,8
Life Insurance Corporation Of India.pdf,9
Life Insurance Corporation Of India.pdf,10
Life Insurance Corporation Of India.pdf,11
Life Insurance Corporation Of India.pdf,12
Life Insurance Corporation Of India.pdf,13
Life Insurance Corporation Of India.pdf,14
Life Insurance Corporation Of India.pdf,15
Life Insurance Corporation Of India.pdf,16
Life Insurance Corporation Of India.pdf,17
Life Insurance Corporation Of India.pdf,18
Life Insurance Corporation Of India.pdf,19
Life Insurance Corporation Of India.pdf,20
Life Insurance Corporation Of India.pdf,21
Linaks Microelectronics Ltd..pdf,1
Linaks Microelectronics Ltd..pdf,2
Linaks Microelectronics Ltd..pdf,3
Linaks Microelectronics Ltd..pdf,4
Lloyds Engineering Works Ltd..pdf,1
Lloyds Engineering Works Ltd..pdf,2
Lloyds Engineering Works Ltd..pdf,3
Lloyds Engineering Works Ltd..pdf,4
Lloyds Engineering Works Ltd..pdf,5
Lloyds Engineering Works Ltd..pdf,6
Lloyds Engineering Works Ltd..pdf,7
Lloyds Engineering Works Ltd..pdf,8
Lloyds Engineering Works Ltd..pdf,9
Lloyds Engineering Works Ltd..pdf,10
Lloyds Engineering Works Ltd..pdf,11
Lloyds Engineering Works Ltd..pdf,12
Lloyds Engineering Works Ltd..pdf,13
Lloyds Engineering Works Ltd..pdf,14
Lloyds Engineering Works Ltd..pdf,15
Lloyds Engineering Works Ltd..pdf,16
Lloyds Engineering Works Ltd..pdf,17
Lloyds Engineering Works Ltd..pdf,18
Looks Health Services Ltd..pdf,1
Looks Health Services Ltd..pdf,2
Looks Health Services Ltd..pdf,3
MFL India Ltd..pdf,1
MFL India Ltd..pdf,2
MFL India Ltd..pdf,3
MM Rubber Co Ltd..pdf,1
MM Rubber Co Ltd..pdf,2
MM Rubber Co Ltd..pdf,3
MM Rubber Co Ltd..pdf,4
MSP Steel & Power Ltd..pdf,1
MSP Steel & Power Ltd..pdf,2
MSP Steel & Power Ltd..pdf,3
MSP Steel & Power Ltd..pdf,4
MSP Steel & Power Ltd..pdf,5
MSP Steel & Power Ltd..pdf,6
MSP Steel & Power Ltd..pdf,7
MSP Steel & Power Ltd..pdf,8
MSP Steel & Power Ltd..pdf,9
MSP Steel & Power Ltd..pdf,10
MSP Steel & Power Ltd..pdf,11
MSP Steel & Power Ltd..pdf,12
MSP Steel & Power Ltd..pdf,13
Mac Charles India Ltd..pdf,1
Mac Charles India Ltd..pdf,2
Mac Charles India Ltd..pdf,3
Mac Charles India Ltd..pdf,4
Mac Charles India Ltd..pdf,5
Mac Charles India Ltd..pdf,6
Mac Charles India Ltd..pdf,7
Mac Charles India Ltd..pdf,8
Mac Charles India Ltd..pdf,9
Mac Charles India Ltd..pdf,10
Mac Charles India Ltd..pdf,11
Mac Charles India Ltd..pdf,12
Mac Charles India Ltd..pdf,13
Mac Charles India Ltd..pdf,14
Mac Charles India Ltd..pdf,15
Mac Charles India Ltd..pdf,16
Macfos Ltd..pdf,1
Macfos Ltd..pdf,2
Macfos Ltd..pdf,3
Macfos Ltd..pdf,4
Macfos Ltd..pdf,5
Macfos Ltd..pdf,6
Macfos Ltd..pdf,7
Macfos Ltd..pdf,8
Macfos Ltd..pdf,9
Macfos Ltd..pdf,10
Macfos Ltd..pdf,11
Macfos Ltd..pdf,12
Machhar Industries Ltd..pdf,1
Machhar Industries Ltd..pdf,2
Machhar Industries Ltd..pdf,3
Machhar Industries Ltd..pdf,4
Machhar Industries Ltd..pdf,5
Machhar Industries Ltd..pdf,6
Machhar Industries Ltd..pdf,7
Machhar Industries Ltd..pdf,8
Machhar Industries Ltd..pdf,9
Maestros Electronics & Telecommunications Systems Ltd..pdf,1
Maestros Electronics & Telecommunications Systems Ltd..pdf,2
Maestros Electronics & Telecommunications Systems Ltd..pdf,3
Maestros Electronics & Telecommunications Systems Ltd..pdf,4
Maestros Electronics & Telecommunications Systems Ltd..pdf,5
Maestros Electronics & Telecommunications Systems Ltd..pdf,6
Maestros Electronics & Telecommunications Systems Ltd..pdf,7
Maestros Electronics & Telecommunications Systems Ltd..pdf,8
Maestros Electronics & Telecommunications Systems Ltd..pdf,9
Maestros Electronics & Telecommunications Systems Ltd..pdf,10
Mafatlal Industries Ltd..pdf,1
Mafatlal Industries Ltd..pdf,2
Mafatlal Industries Ltd..pdf,3
Mafatlal Industries Ltd..pdf,4
Mafatlal Industries Ltd..pdf,5
Mafatlal Industries Ltd..pdf,6
Mafatlal Industries Ltd..pdf,7
Mafatlal Industries Ltd..pdf,8
Mafatlal Industries Ltd..pdf,9
Mafatlal Industries Ltd..pdf,10
Magnanimous Trade & Finance Ltd..pdf,1
Magnanimous Trade & Finance Ltd..pdf,2
Magnanimous Trade & Finance Ltd..pdf,3
Maha Rashtra Apex Corp Ltd..pdf,1
Maha Rashtra Apex Corp Ltd..pdf,2
Maha Rashtra Apex Corp Ltd..pdf,3
Maha Rashtra Apex Corp Ltd..pdf,4
Maha Rashtra Apex Corp Ltd..pdf,5
Maha Rashtra Apex Corp Ltd..pdf,6
Maha Rashtra Apex Corp Ltd..pdf,7
Maha Rashtra Apex Corp Ltd..pdf,8
Mahindra Epc Irrigation Ltd..pdf,1
Mahindra Epc Irrigation Ltd..pdf,2
Mahindra Epc Irrigation Ltd..pdf,3
Mahindra Epc Irrigation Ltd..pdf,4
Mahindra Epc Irrigation Ltd..pdf,5
Mahindra Epc Irrigation Ltd..pdf,6
Mahindra Epc Irrigation Ltd..pdf,7
Mahindra Epc Irrigation Ltd..pdf,8
Mahindra Epc Irrigation Ltd..pdf,9
Mahindra Epc Irrigation Ltd..pdf,10
Majestic Research Services And Solutions Ltd..pdf,1
Majestic Research Services And Solutions Ltd..pdf,2
Majestic Research Services And Solutions Ltd..pdf,3
Majestic Research Services And Solutions Ltd..pdf,4
Majestic Research Services And Solutions Ltd..pdf,5
Majestic Research Services And Solutions Ltd..pdf,6
Majestic Research Services And Solutions Ltd..pdf,7
Majestic Research Services And Solutions Ltd..pdf,8
Majestic Research Services And Solutions Ltd..pdf,9
Majestic Research Services And Solutions Ltd..pdf,10
Majestic Research Services And Solutions Ltd..pdf,11
Majestic Research Services And Solutions Ltd..pdf,12
Majestic Research Services And Solutions Ltd..pdf,13
Majestic Research Services And Solutions Ltd..pdf,14
Majestic Research Services And Solutions Ltd..pdf,15
Majestic Research Services And Solutions Ltd..pdf,16
Majestic Research Services And Solutions Ltd..pdf,17
Majestic Research Services And Solutions Ltd..pdf,18
Majestic Research Services And Solutions Ltd..pdf,19
Majestic Research Services And Solutions Ltd..pdf,20
Majestic Research Services And Solutions Ltd..pdf,21
Majestic Research Services And Solutions Ltd..pdf,22
Majestic Research Services And Solutions Ltd..pdf,23
Majestic Research Services And Solutions Ltd..pdf,24
Majestic Research Services And Solutions Ltd..pdf,25
Majestic Research Services And Solutions Ltd..pdf,26
Majestic Research Services And Solutions Ltd..pdf,27
Majestic Research Services And Solutions Ltd..pdf,28
Majestic Research Services And Solutions Ltd..pdf,29
Majestic Research Services And Solutions Ltd..pdf,30
Majestic Research Services And Solutions Ltd..pdf,31
Majestic Research Services And Solutions Ltd..pdf,32
Majestic Research Services And Solutions Ltd..pdf,33
Majestic Research Services And Solutions Ltd..pdf,34
Majestic Research Services And Solutions Ltd..pdf,35
Majestic Research Services And Solutions Ltd..pdf,36
Majestic Research Services And Solutions Ltd..pdf,37
Majestic Research Services And Solutions Ltd..pdf,38
Majestic Research Services And Solutions Ltd..pdf,39
Majestic Research Services And Solutions Ltd..pdf,40
Majestic Research Services And Solutions Ltd..pdf,41
Majestic Research Services And Solutions Ltd..pdf,42
Majestic Research Services And Solutions Ltd..pdf,43
Majestic Research Services And Solutions Ltd..pdf,44
Majestic Research Services And Solutions Ltd..pdf,45
Majestic Research Services And Solutions Ltd..pdf,46
Majestic Research Services And Solutions Ltd..pdf,47
Manaksia Coated Metals & Industries Ltd..pdf,1
Manaksia Coated Metals & Industries Ltd..pdf,2
Manaksia Coated Metals & Industries Ltd..pdf,3
Manaksia Coated Metals & Industries Ltd..pdf,4
Manaksia Coated Metals & Industries Ltd..pdf,5
Manaksia Coated Metals & Industries Ltd..pdf,6
Manaksia Coated Metals & Industries Ltd..pdf,7
Mantra Capital Ltd..pdf,1
Mantra Capital Ltd..pdf,2
Mantra Capital Ltd..pdf,3
Mantra Capital Ltd..pdf,4
Mantra Capital Ltd..pdf,5
Mantra Capital Ltd..pdf,6
Mantra Capital Ltd..pdf,7
Mantra Capital Ltd..pdf,8
Mantra Capital Ltd..pdf,9
Manugraph India Ltd..pdf,1
Manugraph India Ltd..pdf,2
Manugraph India Ltd..pdf,3
Manugraph India Ltd..pdf,4
Manugraph India Ltd..pdf,5
Mapro Industries Ltd..pdf,1
Mapro Industries Ltd..pdf,2
Mapro Industries Ltd..pdf,3
Mapro Industries Ltd..pdf,4
Marathon Nextgen Realty Ltd..pdf,1
Marathon Nextgen Realty Ltd..pdf,2
Marathon Nextgen Realty Ltd..pdf,3
Marathon Nextgen Realty Ltd..pdf,4
Marathon Nextgen Realty Ltd..pdf,5
Marathon Nextgen Realty Ltd..pdf,6
Marathon Nextgen Realty Ltd..pdf,7
Marathon Nextgen Realty Ltd..pdf,8
Marathon Nextgen Realty Ltd..pdf,9
Mardia Samyoung Capillary Tubes Co Ltd..pdf,1
Mardia Samyoung Capillary Tubes Co Ltd..pdf,2
Mardia Samyoung Capillary Tubes Co Ltd..pdf,3
Mardia Samyoung Capillary Tubes Co Ltd..pdf,4
Mardia Samyoung Capillary Tubes Co Ltd..pdf,5
Maxgrow India Ltd..pdf,1
Maxgrow India Ltd..pdf,2
Maxgrow India Ltd..pdf,3
Maxgrow India Ltd..pdf,4
Maxgrow India Ltd..pdf,5
Maxgrow India Ltd..pdf,6
Maxgrow India Ltd..pdf,7
Maxgrow India Ltd..pdf,8
Maxgrow India Ltd..pdf,9
Maxgrow India Ltd..pdf,10
Maxgrow India Ltd..pdf,11
Maxgrow India Ltd..pdf,12
Maxgrow India Ltd..pdf,13
Maxgrow India Ltd..pdf,14
Maxgrow India Ltd..pdf,15
Maxgrow India Ltd..pdf,16
Maxgrow India Ltd..pdf,17
Maxgrow India Ltd..pdf,18
Maxgrow India Ltd..pdf,19
Maxgrow India Ltd..pdf,20
Maxgrow India Ltd..pdf,21
Maxgrow India Ltd..pdf,22
Maxgrow India Ltd..pdf,23
Maxgrow India Ltd..pdf,24
Maxgrow India Ltd..pdf,25
Maxgrow India Ltd..pdf,26
Maxgrow India Ltd..pdf,27
Maxgrow India Ltd..pdf,28
Maxgrow India Ltd..pdf,29
Maxgrow India Ltd..pdf,30
Maxgrow India Ltd..pdf,31
Maxgrow India Ltd..pdf,32
Mayur Floorings Ltd..pdf,1
Mayur Floorings Ltd..pdf,2
Mayur Floorings Ltd..pdf,3
Mayur Floorings Ltd..pdf,4
Mcnally Bharat Engineering Company Ltd..pdf,1
Mcnally Bharat Engineering Company Ltd..pdf,2
Mcnally Bharat Engineering Company Ltd..pdf,3
Mcnally Bharat Engineering Company Ltd..pdf,4
Mcnally Bharat Engineering Company Ltd..pdf,5
Mcnally Bharat Engineering Company Ltd..pdf,6
Mcnally Bharat Engineering Company Ltd..pdf,7
Mcnally Bharat Engineering Company Ltd..pdf,8
Mcnally Bharat Engineering Company Ltd..pdf,9
Mcnally Bharat Engineering Company Ltd..pdf,10
Mcnally Bharat Engineering Company Ltd..pdf,11
Mcnally Bharat Engineering Company Ltd..pdf,12
Mcnally Bharat Engineering Company Ltd..pdf,13
Mcnally Bharat Engineering Company Ltd..pdf,14
Mcnally Bharat Engineering Company Ltd..pdf,15
Mcnally Bharat Engineering Company Ltd..pdf,16
Mcnally Bharat Engineering Company Ltd..pdf,17
Mcnally Bharat Engineering Company Ltd..pdf,18
Meenakshi India Ltd..pdf,1
Meenakshi India Ltd..pdf,2
Meenakshi India Ltd..pdf,3
Meenakshi India Ltd..pdf,4
Meenakshi India Ltd..pdf,5
Mega Fin India Ltd..pdf,1
Mega Fin India Ltd..pdf,2
Mega Fin India Ltd..pdf,3
Mehta Integrated Finance Ltd..pdf,1
Mehta Integrated Finance Ltd..pdf,2
Mehta Integrated Finance Ltd..pdf,3
Mehta Integrated Finance Ltd..pdf,4
Mehta Securities Ltd..pdf,1
Mehta Securities Ltd..pdf,2
Mehta Securities Ltd..pdf,3
Mehta Securities Ltd..pdf,4
Melstar Information Technologies Ltd..pdf,1
Melstar Information Technologies Ltd..pdf,2
Melstar Information Technologies Ltd..pdf,3
Melstar Information Technologies Ltd..pdf,4
Melstar Information Technologies Ltd..pdf,5
Melstar Information Technologies Ltd..pdf,6
Melstar Information Technologies Ltd..pdf,7
Melstar Information Technologies Ltd..pdf,8
Melstar Information Technologies Ltd..pdf,9
Menon Bearings Ltd..pdf,1
Menon Bearings Ltd..pdf,2
Menon Bearings Ltd..pdf,3
Menon Bearings Ltd..pdf,4
Menon Bearings Ltd..pdf,5
Menon Bearings Ltd..pdf,6
Menon Bearings Ltd..pdf,7
Menon Bearings Ltd..pdf,8
Midland Polymers Ltd..pdf,1
Midland Polymers Ltd..pdf,2
Midland Polymers Ltd..pdf,3
Midland Polymers Ltd..pdf,4
Midland Polymers Ltd..pdf,5
Midland Polymers Ltd..pdf,6
Midland Polymers Ltd..pdf,7
Midland Polymers Ltd..pdf,8
Midland Polymers Ltd..pdf,9
Midland Polymers Ltd..pdf,10
Midland Polymers Ltd..pdf,11
Midland Polymers Ltd..pdf,12
Midland Polymers Ltd..pdf,13
Midwest Energy Ltd..pdf,1
Midwest Energy Ltd..pdf,2
Midwest Energy Ltd..pdf,3
Midwest Energy Ltd..pdf,4
Midwest Energy Ltd..pdf,5
Midwest Energy Ltd..pdf,6
Midwest Energy Ltd..pdf,7
Midwest Energy Ltd..pdf,8
Midwest Energy Ltd..pdf,9
Midwest Energy Ltd..pdf,10
Midwest Energy Ltd..pdf,11
Midwest Energy Ltd..pdf,12
Midwest Energy Ltd..pdf,13
Midwest Energy Ltd..pdf,14
Midwest Energy Ltd..pdf,15
Midwest Energy Ltd..pdf,16
Midwest Energy Ltd..pdf,17
Midwest Energy Ltd..pdf,18
Midwest Energy Ltd..pdf,19
Midwest Energy Ltd..pdf,20
Midwest Energy Ltd..pdf,21
Midwest Energy Ltd..pdf,22
Midwest Energy Ltd..pdf,23
Midwest Energy Ltd..pdf,24
Midwest Energy Ltd..pdf,25
Midwest Energy Ltd..pdf,26
Milgrey Finance & Investment Ltd..pdf,1
Milgrey Finance & Investment Ltd..pdf,2
Milgrey Finance & Investment Ltd..pdf,3
Minda Corp Ltd..pdf,1
Minda Corp Ltd..pdf,2
Minda Corp Ltd..pdf,3
Minda Corp Ltd..pdf,4
Minda Corp Ltd..pdf,5
Minda Corp Ltd..pdf,6
Minda Corp Ltd..pdf,7
Minda Corp Ltd..pdf,8
Minda Corp Ltd..pdf,9
Minda Corp Ltd..pdf,10
Minda Corp Ltd..pdf,11
Minda Corp Ltd..pdf,12
Minda Corp Ltd..pdf,13
Minda Corp Ltd..pdf,14
Minda Corp Ltd..pdf,15
Mini Diamonds India Ltd..pdf,1
Mini Diamonds India Ltd..pdf,2
Mini Diamonds India Ltd..pdf,3
Mini Diamonds India Ltd..pdf,4
Mini Diamonds India Ltd..pdf,5
Mini Diamonds India Ltd..pdf,6
Mini Diamonds India Ltd..pdf,7
Mini Diamonds India Ltd..pdf,8
Mini Diamonds India Ltd..pdf,9
Mobavenue Ai Tech Ltd..pdf,1
Mobavenue Ai Tech Ltd..pdf,2
Mobavenue Ai Tech Ltd..pdf,3
Mobavenue Ai Tech Ltd..pdf,4
Mobavenue Ai Tech Ltd..pdf,5
Mobavenue Ai Tech Ltd..pdf,6
Mobavenue Ai Tech Ltd..pdf,7
Mobavenue Ai Tech Ltd..pdf,8
Mobavenue Ai Tech Ltd..pdf,9
Mobavenue Ai Tech Ltd..pdf,10
Mobavenue Ai Tech Ltd..pdf,11
Modern Engineering And Projects Ltd..pdf,1
Modern Engineering And Projects Ltd..pdf,2
Modern Engineering And Projects Ltd..pdf,3
Modern Engineering And Projects Ltd..pdf,4
Modern Engineering And Projects Ltd..pdf,5
Modern Malleables Ltd..pdf,1
Modern Malleables Ltd..pdf,2
Modern Malleables Ltd..pdf,3
Modulex Construction Technologies Ltd..pdf,1
Modulex Construction Technologies Ltd..pdf,2
Modulex Construction Technologies Ltd..pdf,3
Modulex Construction Technologies Ltd..pdf,4
Modulex Construction Technologies Ltd..pdf,5
Modulex Construction Technologies Ltd..pdf,6
Modulex Construction Technologies Ltd..pdf,7
Modulex Construction Technologies Ltd..pdf,8
Modulex Construction Technologies Ltd..pdf,9
Modulex Construction Technologies Ltd..pdf,10
Modulex Construction Technologies Ltd..pdf,11
Monind Ltd..pdf,1
Monind Ltd..pdf,2
Monind Ltd..pdf,3
Monind Ltd..pdf,4
Moongipa Capital Finance Ltd..pdf,1
Moongipa Capital Finance Ltd..pdf,2
Moongipa Capital Finance Ltd..pdf,3
Moongipa Capital Finance Ltd..pdf,4
Moongipa Capital Finance Ltd..pdf,5
Mount Housing And Infrastructure Ltd..pdf,1
Mount Housing And Infrastructure Ltd..pdf,2
Mount Housing And Infrastructure Ltd..pdf,3
Mount Housing And Infrastructure Ltd..pdf,4
Mount Housing And Infrastructure Ltd..pdf,5
Mukesh Babu Financial Services Ltd..pdf,1
Mukesh Babu Financial Services Ltd..pdf,2
Mukesh Babu Financial Services Ltd..pdf,3
Mukesh Babu Financial Services Ltd..pdf,4
Mukesh Babu Financial Services Ltd..pdf,5
Mukesh Babu Financial Services Ltd..pdf,6
Mukesh Babu Financial Services Ltd..pdf,7
Multi Commodity Exchange Of India Ltd..pdf,1
Multi Commodity Exchange Of India Ltd..pdf,2
Multi Commodity Exchange Of India Ltd..pdf,3
Multi Commodity Exchange Of India Ltd..pdf,4
Multi Commodity Exchange Of India Ltd..pdf,5
Multi Commodity Exchange Of India Ltd..pdf,6
Multi Commodity Exchange Of India Ltd..pdf,7
Multi Commodity Exchange Of India Ltd..pdf,8
Multi Commodity Exchange Of India Ltd..pdf,9
Multi Commodity Exchange Of India Ltd..pdf,10
Multi Commodity Exchange Of India Ltd..pdf,11
NCL Industries Ltd..pdf,1
NCL Industries Ltd..pdf,2
NCL Industries Ltd..pdf,3
NCL Industries Ltd..pdf,4
NCL Industries Ltd..pdf,5
NCL Industries Ltd..pdf,6
NCL Industries Ltd..pdf,7
NCL Industries Ltd..pdf,8
NCL Industries Ltd..pdf,9
NDA Securities Ltd..pdf,1
NDA Securities Ltd..pdf,2
NDA Securities Ltd..pdf,3
NDA Securities Ltd..pdf,4
NDA Securities Ltd..pdf,5
NDA Securities Ltd..pdf,6
NDA Securities Ltd..pdf,7
NDA Securities Ltd..pdf,8
NRB Industrial Bearings Ltd..pdf,1
NRB Industrial Bearings Ltd..pdf,2
NRB Industrial Bearings Ltd..pdf,3
NRB Industrial Bearings Ltd..pdf,4
NRB Industrial Bearings Ltd..pdf,5
NRB Industrial Bearings Ltd..pdf,6
NRB Industrial Bearings Ltd..pdf,7
NRB Industrial Bearings Ltd..pdf,8
NRB Industrial Bearings Ltd..pdf,9
NRB Industrial Bearings Ltd..pdf,10
Nagpur Power & Industries Ltd..pdf,1
Nagpur Power & Industries Ltd..pdf,2
Nagpur Power & Industries Ltd..pdf,3
Nagpur Power & Industries Ltd..pdf,4
Nagpur Power & Industries Ltd..pdf,5
Nagpur Power & Industries Ltd..pdf,6
Nagpur Power & Industries Ltd..pdf,7
Nagpur Power & Industries Ltd..pdf,8
Narmada Gelatines Ltd..pdf,1
Narmada Gelatines Ltd..pdf,2
Narmada Gelatines Ltd..pdf,3
Narmada Gelatines Ltd..pdf,4
National Securities Depository Ltd..pdf,1
National Securities Depository Ltd..pdf,2
National Securities Depository Ltd..pdf,3
National Securities Depository Ltd..pdf,4
National Securities Depository Ltd..pdf,5
National Securities Depository Ltd..pdf,6
National Securities Depository Ltd..pdf,7
National Securities Depository Ltd..pdf,8
National Securities Depository Ltd..pdf,9
National Securities Depository Ltd..pdf,10
Navneet Education Ltd..pdf,1
Navneet Education Ltd..pdf,2
Navneet Education Ltd..pdf,3
Navneet Education Ltd..pdf,4
Navneet Education Ltd..pdf,5
Navneet Education Ltd..pdf,6
Navneet Education Ltd..pdf,7
Navneet Education Ltd..pdf,8
Navneet Education Ltd..pdf,9
Navneet Education Ltd..pdf,10
Navneet Education Ltd..pdf,11
Navneet Education Ltd..pdf,12
Neelkanth Ltd..pdf,1
Neelkanth Ltd..pdf,2
Neelkanth Ltd..pdf,3
Neelkanth Ltd..pdf,4
Neelkanth Ltd..pdf,5
Neelkanth Ltd..pdf,6
Neelkanth Ltd..pdf,7
Network People Services Technologies Ltd..pdf,1
Network People Services Technologies Ltd..pdf,2
Network People Services Technologies Ltd..pdf,3
Network People Services Technologies Ltd..pdf,4
Network People Services Technologies Ltd..pdf,5
Network People Services Technologies Ltd..pdf,6
Network People Services Technologies Ltd..pdf,7
Network People Services Technologies Ltd..pdf,8
Network People Services Technologies Ltd..pdf,9
Network People Services Technologies Ltd..pdf,10
Network People Services Technologies Ltd..pdf,11
Network People Services Technologies Ltd..pdf,12
Network People Services Technologies Ltd..pdf,13
Network People Services Technologies Ltd..pdf,14
Network People Services Technologies Ltd..pdf,15
Network People Services Technologies Ltd..pdf,16
Network People Services Technologies Ltd..pdf,17
Network People Services Technologies Ltd..pdf,18
Network People Services Technologies Ltd..pdf,19
Network People Services Technologies Ltd..pdf,20
Network People Services Technologies Ltd..pdf,21
Network People Services Technologies Ltd..pdf,22
Network People Services Technologies Ltd..pdf,23
Network People Services Technologies Ltd..pdf,24
Network People Services Technologies Ltd..pdf,25
Network People Services Technologies Ltd..pdf,26
Network People Services Technologies Ltd..pdf,27
Network People Services Technologies Ltd..pdf,28
Network People Services Technologies Ltd..pdf,29
Network People Services Technologies Ltd..pdf,30
Network People Services Technologies Ltd..pdf,31
Nirav Commercials Ltd..pdf,1
Nirav Commercials Ltd..pdf,2
Nirav Commercials Ltd..pdf,3
Nisus Finance Services Co Ltd..pdf,1
Nisus Finance Services Co Ltd..pdf,2
Nisus Finance Services Co Ltd..pdf,3
Nisus Finance Services Co Ltd..pdf,4
Nisus Finance Services Co Ltd..pdf,5
Nisus Finance Services Co Ltd..pdf,6
Nisus Finance Services Co Ltd..pdf,7
Nisus Finance Services Co Ltd..pdf,8
Nitta Gelatin India Ltd..pdf,1
Nitta Gelatin India Ltd..pdf,2
Nitta Gelatin India Ltd..pdf,3
Nitta Gelatin India Ltd..pdf,4
Nitta Gelatin India Ltd..pdf,5
Nitta Gelatin India Ltd..pdf,6
Nitta Gelatin India Ltd..pdf,7
Nitta Gelatin India Ltd..pdf,8
Nitta Gelatin India Ltd..pdf,9
Nitta Gelatin India Ltd..pdf,10
Niva Bupa Health Insurance Company Ltd..pdf,1
Niva Bupa Health Insurance Company Ltd..pdf,2
Niva Bupa Health Insurance Company Ltd..pdf,3
Niva Bupa Health Insurance Company Ltd..pdf,4
Niva Bupa Health Insurance Company Ltd..pdf,5
Niva Bupa Health Insurance Company Ltd..pdf,6
Niva Bupa Health Insurance Company Ltd..pdf,7
Niva Bupa Health Insurance Company Ltd..pdf,8
Niva Bupa Health Insurance Company Ltd..pdf,9
Niva Bupa Health Insurance Company Ltd..pdf,10
Niva Bupa Health Insurance Company Ltd..pdf,11
Novartis India Ltd..pdf,1
Novartis India Ltd..pdf,2
Novartis India Ltd..pdf,3
Novartis India Ltd..pdf,4
Novartis India Ltd..pdf,5
Novartis India Ltd..pdf,6
Octal Credit Capital Ltd..pdf,1
Octal Credit Capital Ltd..pdf,2
Octal Credit Capital Ltd..pdf,3
Octal Credit Capital Ltd..pdf,4
Octal Credit Capital Ltd..pdf,5
Octal Credit Capital Ltd..pdf,6
Octal Credit Capital Ltd..pdf,7
Octal Credit Capital Ltd..pdf,8
Octal Credit Capital Ltd..pdf,9
Octal Credit Capital Ltd..pdf,10
Oil Country Tubular Ltd..pdf,1
Oil Country Tubular Ltd..pdf,2
Oil Country Tubular Ltd..pdf,3
Oil Country Tubular Ltd..pdf,4
Oil Country Tubular Ltd..pdf,5
Oil Country Tubular Ltd..pdf,6
Om Power Transmission Ltd..pdf,1
Om Power Transmission Ltd..pdf,2
Om Power Transmission Ltd..pdf,3
Om Power Transmission Ltd..pdf,4
Om Power Transmission Ltd..pdf,5
Omaxe Ltd..pdf,1
Omaxe Ltd..pdf,2
Omaxe Ltd..pdf,3
Omaxe Ltd..pdf,4
Omaxe Ltd..pdf,5
Omaxe Ltd..pdf,6
Omaxe Ltd..pdf,7
Omaxe Ltd..pdf,8
Omaxe Ltd..pdf,9
Omaxe Ltd..pdf,10
Omaxe Ltd..pdf,11
Omaxe Ltd..pdf,12
Omaxe Ltd..pdf,13
Omaxe Ltd..pdf,14
Omaxe Ltd..pdf,15
Omega Ag-Seeds Punjab Ltd..pdf,1
Omega Ag-Seeds Punjab Ltd..pdf,2
Omega Ag-Seeds Punjab Ltd..pdf,3
Omega Ag-Seeds Punjab Ltd..pdf,4
Omega Ag-Seeds Punjab Ltd..pdf,5
Omega Ag-Seeds Punjab Ltd..pdf,6
Omega Ag-Seeds Punjab Ltd..pdf,7
Omega Ag-Seeds Punjab Ltd..pdf,8
Omkar Overseas Ltd..pdf,1
Omkar Overseas Ltd..pdf,2
Omkar Overseas Ltd..pdf,3
Omnitex Industries India Ltd..pdf,1
Omnitex Industries India Ltd..pdf,2
Omnitex Industries India Ltd..pdf,3
Omnitex Industries India Ltd..pdf,4
Onesource Specialty Pharma Ltd..pdf,1
Onesource Specialty Pharma Ltd..pdf,2
Onesource Specialty Pharma Ltd..pdf,3
Onesource Specialty Pharma Ltd..pdf,4
Onesource Specialty Pharma Ltd..pdf,5
Onesource Specialty Pharma Ltd..pdf,6
Onesource Specialty Pharma Ltd..pdf,7
Onesource Specialty Pharma Ltd..pdf,8
Onesource Specialty Pharma Ltd..pdf,9
Oricon Enterprises Ltd..pdf,1
Oricon Enterprises Ltd..pdf,2
Oricon Enterprises Ltd..pdf,3
Oricon Enterprises Ltd..pdf,4
Oricon Enterprises Ltd..pdf,5
Oricon Enterprises Ltd..pdf,6
Oricon Enterprises Ltd..pdf,7
Oricon Enterprises Ltd..pdf,8
Oricon Enterprises Ltd..pdf,9
Oricon Enterprises Ltd..pdf,10
Oricon Enterprises Ltd..pdf,11
Oricon Enterprises Ltd..pdf,12
Oricon Enterprises Ltd..pdf,13
Oricon Enterprises Ltd..pdf,14
Oricon Enterprises Ltd..pdf,15
Oricon Enterprises Ltd..pdf,16
Oricon Enterprises Ltd..pdf,17
Oricon Enterprises Ltd..pdf,18
Orient Cement Ltd..pdf,1
Orient Cement Ltd..pdf,2
Orient Cement Ltd..pdf,3
Orient Cement Ltd..pdf,4
Orient Cement Ltd..pdf,5
Orient Cement Ltd..pdf,6
Orient Cement Ltd..pdf,7
Orient Cement Ltd..pdf,8
Orient Cement Ltd..pdf,9
Orient Cement Ltd..pdf,10
Oriental Rail Infrastructure Ltd..pdf,1
Oriental Rail Infrastructure Ltd..pdf,2
Oriental Rail Infrastructure Ltd..pdf,3
Oriental Rail Infrastructure Ltd..pdf,4
Oriental Rail Infrastructure Ltd..pdf,5
Oriental Rail Infrastructure Ltd..pdf,6
Oriental Rail Infrastructure Ltd..pdf,7
Oriental Rail Infrastructure Ltd..pdf,8
Oriental Rail Infrastructure Ltd..pdf,9
Oriental Rail Infrastructure Ltd..pdf,10
Oriental Rail Infrastructure Ltd..pdf,11
Oriental Rail Infrastructure Ltd..pdf,12
Oriental Rail Infrastructure Ltd..pdf,13
Oriental Rail Infrastructure Ltd..pdf,14
Orissa Minerals Development Company Ltd..pdf,1
Orissa Minerals Development Company Ltd..pdf,2
Orissa Minerals Development Company Ltd..pdf,3
Orissa Minerals Development Company Ltd..pdf,4
Orissa Minerals Development Company Ltd..pdf,5
Orissa Minerals Development Company Ltd..pdf,6
Orissa Minerals Development Company Ltd..pdf,7
Orissa Minerals Development Company Ltd..pdf,8
Orissa Minerals Development Company Ltd..pdf,9
Orissa Minerals Development Company Ltd..pdf,10
Orissa Minerals Development Company Ltd..pdf,11
Orissa Minerals Development Company Ltd..pdf,12
Orissa Minerals Development Company Ltd..pdf,13
Orissa Minerals Development Company Ltd..pdf,14
Orissa Minerals Development Company Ltd..pdf,15
Orissa Minerals Development Company Ltd..pdf,16
Orissa Minerals Development Company Ltd..pdf,17
Orissa Minerals Development Company Ltd..pdf,18
Orissa Minerals Development Company Ltd..pdf,19
Orissa Minerals Development Company Ltd..pdf,20
Orissa Minerals Development Company Ltd..pdf,21
Orissa Minerals Development Company Ltd..pdf,22
Orissa Minerals Development Company Ltd..pdf,23
Orissa Minerals Development Company Ltd..pdf,24
Orissa Minerals Development Company Ltd..pdf,25
Orissa Minerals Development Company Ltd..pdf,26
Orissa Minerals Development Company Ltd..pdf,27
Orissa Minerals Development Company Ltd..pdf,28
Orissa Minerals Development Company Ltd..pdf,29
Orissa Minerals Development Company Ltd..pdf,30
Orissa Minerals Development Company Ltd..pdf,31
Oswal Agro Mills Ltd..pdf,1
Oswal Agro Mills Ltd..pdf,2
Oswal Agro Mills Ltd..pdf,3
Oswal Agro Mills Ltd..pdf,4
Oswal Agro Mills Ltd..pdf,5
Oswal Agro Mills Ltd..pdf,6
Oswal Agro Mills Ltd..pdf,7
Oswal Agro Mills Ltd..pdf,8
Oswal Agro Mills Ltd..pdf,9
Oswal Agro Mills Ltd..pdf,10
Oswal Agro Mills Ltd..pdf,11
Oswal Agro Mills Ltd..pdf,12
Oswal Yarns Ltd..pdf,1
Oswal Yarns Ltd..pdf,2
Oswal Yarns Ltd..pdf,3
Otco International Ltd..pdf,1
Otco International Ltd..pdf,2
Otco International Ltd..pdf,3
Otco International Ltd..pdf,4
Otco International Ltd..pdf,5
Otco International Ltd..pdf,6
Otco International Ltd..pdf,7
Otco International Ltd..pdf,8
Oxford Industries Ltd..pdf,1
Oxford Industries Ltd..pdf,2
Oxford Industries Ltd..pdf,3
Oxford Industries Ltd..pdf,4
Oxford Industries Ltd..pdf,5
Oxford Industries Ltd..pdf,6
Oxford Industries Ltd..pdf,7
Oxford Industries Ltd..pdf,8
Oxford Industries Ltd..pdf,9
Oxford Industries Ltd..pdf,10
PCBL Chemical Ltd..pdf,1
PCBL Chemical Ltd..pdf,2
PCBL Chemical Ltd..pdf,3
PCBL Chemical Ltd..pdf,4
PCBL Chemical Ltd..pdf,5
PCBL Chemical Ltd..pdf,6
PCBL Chemical Ltd..pdf,7
PCBL Chemical Ltd..pdf,8
PCBL Chemical Ltd..pdf,9
PCBL Chemical Ltd..pdf,10
PCBL Chemical Ltd..pdf,11
PCBL Chemical Ltd..pdf,12
PCBL Chemical Ltd..pdf,13
PCBL Chemical Ltd..pdf,14
PS IT Infrastructure & Services Ltd..pdf,1
PS IT Infrastructure & Services Ltd..pdf,2
PS IT Infrastructure & Services Ltd..pdf,3
PS IT Infrastructure & Services Ltd..pdf,4
Panchmahal Steel Ltd..pdf,1
Panchmahal Steel Ltd..pdf,2
Panchmahal Steel Ltd..pdf,3
Panchmahal Steel Ltd..pdf,4
Panchmahal Steel Ltd..pdf,5
Panth Infinity Ltd..pdf,1
Panth Infinity Ltd..pdf,2
Panth Infinity Ltd..pdf,3
Panth Infinity Ltd..pdf,4
Panth Infinity Ltd..pdf,5
Panth Infinity Ltd..pdf,6
Panth Infinity Ltd..pdf,7
Panth Infinity Ltd..pdf,8
Panyam Cements & Mineral Industries Ltd..pdf,1
Panyam Cements & Mineral Industries Ltd..pdf,2
Panyam Cements & Mineral Industries Ltd..pdf,3
Panyam Cements & Mineral Industries Ltd..pdf,4
Panyam Cements & Mineral Industries Ltd..pdf,5
Panyam Cements & Mineral Industries Ltd..pdf,6
Panyam Cements & Mineral Industries Ltd..pdf,7
Panyam Cements & Mineral Industries Ltd..pdf,8
Panyam Cements & Mineral Industries Ltd..pdf,9
Panyam Cements & Mineral Industries Ltd..pdf,10
Panyam Cements & Mineral Industries Ltd..pdf,11
Park Medi World Ltd..pdf,1
Park Medi World Ltd..pdf,2
Park Medi World Ltd..pdf,3
Park Medi World Ltd..pdf,4
Park Medi World Ltd..pdf,5
Park Medi World Ltd..pdf,6
Park Medi World Ltd..pdf,7
Park Medi World Ltd..pdf,8
Park Medi World Ltd..pdf,9
Park Medi World Ltd..pdf,10
Park Medi World Ltd..pdf,11
Park Medi World Ltd..pdf,12
Park Medi World Ltd..pdf,13
Park Medi World Ltd..pdf,14
Park Medi World Ltd..pdf,15
Parle Industries Ltd..pdf,1
Parle Industries Ltd..pdf,2
Parle Industries Ltd..pdf,3
Parle Industries Ltd..pdf,4
Parle Industries Ltd..pdf,5
Parle Industries Ltd..pdf,6
Parle Industries Ltd..pdf,7
Parle Industries Ltd..pdf,8
Parle Industries Ltd..pdf,9
Parle Industries Ltd..pdf,10
Parle Industries Ltd..pdf,11
Pasupati Fincap Ltd..pdf,1
Pasupati Fincap Ltd..pdf,2
Pasupati Fincap Ltd..pdf,3
Pasupati Fincap Ltd..pdf,4
Pasupati Fincap Ltd..pdf,5
Pasupati Fincap Ltd..pdf,6
Pasupati Spinning & Weaving Mills Ltd..pdf,1
Pasupati Spinning & Weaving Mills Ltd..pdf,2
Pasupati Spinning & Weaving Mills Ltd..pdf,3
Pasupati Spinning & Weaving Mills Ltd..pdf,4
Pasupati Spinning & Weaving Mills Ltd..pdf,5
Pasupati Spinning & Weaving Mills Ltd..pdf,6
Pasupati Spinning & Weaving Mills Ltd..pdf,7
Pasupati Spinning & Weaving Mills Ltd..pdf,8
Pasupati Spinning & Weaving Mills Ltd..pdf,9
Pasupati Spinning & Weaving Mills Ltd..pdf,10
Pasupati Spinning & Weaving Mills Ltd..pdf,11
Pasupati Spinning & Weaving Mills Ltd..pdf,12
Pasupati Spinning & Weaving Mills Ltd..pdf,13
Pasupati Spinning & Weaving Mills Ltd..pdf,14
Pasupati Spinning & Weaving Mills Ltd..pdf,15
Pasupati Spinning & Weaving Mills Ltd..pdf,16
Pasupati Spinning & Weaving Mills Ltd..pdf,17
Pasupati Spinning & Weaving Mills Ltd..pdf,18
Pasupati Spinning & Weaving Mills Ltd..pdf,19
Pasupati Spinning & Weaving Mills Ltd..pdf,20
Pasupati Spinning & Weaving Mills Ltd..pdf,21
Pasupati Spinning & Weaving Mills Ltd..pdf,22
Pasupati Spinning & Weaving Mills Ltd..pdf,23
Pasupati Spinning & Weaving Mills Ltd..pdf,24
Pasupati Spinning & Weaving Mills Ltd..pdf,25
Pasupati Spinning & Weaving Mills Ltd..pdf,26
Pasupati Spinning & Weaving Mills Ltd..pdf,27
Pasupati Spinning & Weaving Mills Ltd..pdf,28
Pasupati Spinning & Weaving Mills Ltd..pdf,29
Pasupati Spinning & Weaving Mills Ltd..pdf,30
Pasupati Spinning & Weaving Mills Ltd..pdf,31
Pasupati Spinning & Weaving Mills Ltd..pdf,32
Pasupati Spinning & Weaving Mills Ltd..pdf,33
Pasupati Spinning & Weaving Mills Ltd..pdf,34
Pasupati Spinning & Weaving Mills Ltd..pdf,35
Pasupati Spinning & Weaving Mills Ltd..pdf,36
Pasupati Spinning & Weaving Mills Ltd..pdf,37
Pasupati Spinning & Weaving Mills Ltd..pdf,38
Pasupati Spinning & Weaving Mills Ltd..pdf,39
Pasupati Spinning & Weaving Mills Ltd..pdf,40
Pasupati Spinning & Weaving Mills Ltd..pdf,41
Pasupati Spinning & Weaving Mills Ltd..pdf,42
Pasupati Spinning & Weaving Mills Ltd..pdf,43
Pasupati Spinning & Weaving Mills Ltd..pdf,44
Pasupati Spinning & Weaving Mills Ltd..pdf,45
Pasupati Spinning & Weaving Mills Ltd..pdf,46
Pasupati Spinning & Weaving Mills Ltd..pdf,47
Pasupati Spinning & Weaving Mills Ltd..pdf,48
Pasupati Spinning & Weaving Mills Ltd..pdf,49
Pasupati Spinning & Weaving Mills Ltd..pdf,50
Pasupati Spinning & Weaving Mills Ltd..pdf,51
Pasupati Spinning & Weaving Mills Ltd..pdf,52
Pasupati Spinning & Weaving Mills Ltd..pdf,53
Pasupati Spinning & Weaving Mills Ltd..pdf,54
Pasupati Spinning & Weaving Mills Ltd..pdf,55
Pasupati Spinning & Weaving Mills Ltd..pdf,56
Pasupati Spinning & Weaving Mills Ltd..pdf,57
Pasupati Spinning & Weaving Mills Ltd..pdf,58
Pasupati Spinning & Weaving Mills Ltd..pdf,59
Pasupati Spinning & Weaving Mills Ltd..pdf,60
Patel Integrated Logistics Ltd..pdf,1
Patel Integrated Logistics Ltd..pdf,2
Patel Integrated Logistics Ltd..pdf,3
Patel Integrated Logistics Ltd..pdf,4
Patel Integrated Logistics Ltd..pdf,5
Patel Integrated Logistics Ltd..pdf,6
Patel Integrated Logistics Ltd..pdf,7
Patel Integrated Logistics Ltd..pdf,8
Patel Integrated Logistics Ltd..pdf,9
Patel Integrated Logistics Ltd..pdf,10
Patel Retail Ltd..pdf,1
Patel Retail Ltd..pdf,2
Patel Retail Ltd..pdf,3
Patel Retail Ltd..pdf,4
Patel Retail Ltd..pdf,5
Patel Retail Ltd..pdf,6
Peeti Securities Ltd..pdf,1
Peeti Securities Ltd..pdf,2
Peeti Securities Ltd..pdf,3
Peeti Securities Ltd..pdf,4
Peeti Securities Ltd..pdf,5
Pentokey Organy India Ltd..pdf,1
Pentokey Organy India Ltd..pdf,2
Pentokey Organy India Ltd..pdf,3
Pentokey Organy India Ltd..pdf,4
Petronet Lng Ltd..pdf,1
Petronet Lng Ltd..pdf,2
Petronet Lng Ltd..pdf,3
Petronet Lng Ltd..pdf,4
Petronet Lng Ltd..pdf,5
Petronet Lng Ltd..pdf,6
Petronet Lng Ltd..pdf,7
Petronet Lng Ltd..pdf,8
Petronet Lng Ltd..pdf,9
Pharmaids Pharmaceuticals Ltd..pdf,1
Pharmaids Pharmaceuticals Ltd..pdf,2
Pharmaids Pharmaceuticals Ltd..pdf,3
Pharmaids Pharmaceuticals Ltd..pdf,4
Pharmaids Pharmaceuticals Ltd..pdf,5
Pharmaids Pharmaceuticals Ltd..pdf,6
Pharmaids Pharmaceuticals Ltd..pdf,7
Pharmaids Pharmaceuticals Ltd..pdf,8
Pioneer Investcorp Ltd..pdf,1
Pioneer Investcorp Ltd..pdf,2
Pioneer Investcorp Ltd..pdf,3
Pioneer Investcorp Ltd..pdf,4
Pioneer Investcorp Ltd..pdf,5
Pioneer Investcorp Ltd..pdf,6
Pioneer Investcorp Ltd..pdf,7
Pioneer Investcorp Ltd..pdf,8
Polychem Ltd..pdf,1
Polychem Ltd..pdf,2
Polychem Ltd..pdf,3
Polychem Ltd..pdf,4
Polychem Ltd..pdf,5
Polychem Ltd..pdf,6
Polychem Ltd..pdf,7
Polychem Ltd..pdf,8
Pondy Oxides & Chemicals Ltd..pdf,1
Pondy Oxides & Chemicals Ltd..pdf,2
Pondy Oxides & Chemicals Ltd..pdf,3
Pondy Oxides & Chemicals Ltd..pdf,4
Pondy Oxides & Chemicals Ltd..pdf,5
Pondy Oxides & Chemicals Ltd..pdf,6
Pondy Oxides & Chemicals Ltd..pdf,7
Pondy Oxides & Chemicals Ltd..pdf,8
Pondy Oxides & Chemicals Ltd..pdf,9
Pondy Oxides & Chemicals Ltd..pdf,10
Poojawestern Metaliks Ltd..pdf,1
Poojawestern Metaliks Ltd..pdf,2
Poojawestern Metaliks Ltd..pdf,3
Poojawestern Metaliks Ltd..pdf,4
Poojawestern Metaliks Ltd..pdf,5
Poojawestern Metaliks Ltd..pdf,6
Popular Estate Management Ltd..pdf,1
Popular Estate Management Ltd..pdf,2
Popular Estate Management Ltd..pdf,3
Popular Estate Management Ltd..pdf,4
Popular Estate Management Ltd..pdf,5
Popular Estate Management Ltd..pdf,6
Power Mech Projects Ltd..pdf,1
Power Mech Projects Ltd..pdf,2
Power Mech Projects Ltd..pdf,3
Power Mech Projects Ltd..pdf,4
Power Mech Projects Ltd..pdf,5
Power Mech Projects Ltd..pdf,6
Power Mech Projects Ltd..pdf,7
Power Mech Projects Ltd..pdf,8
Power Mech Projects Ltd..pdf,9
Powerica Ltd..pdf,1
Powerica Ltd..pdf,2
Powerica Ltd..pdf,3
Powerica Ltd..pdf,4
Powerica Ltd..pdf,5
Powerica Ltd..pdf,6
Powerica Ltd..pdf,7
Powerica Ltd..pdf,8
Powerica Ltd..pdf,9
Powerica Ltd..pdf,10
Powerica Ltd..pdf,11
Powerica Ltd..pdf,12
Powerica Ltd..pdf,13
Powerica Ltd..pdf,14
Powerica Ltd..pdf,15
Powerica Ltd..pdf,16
Powerica Ltd..pdf,17
Powerica Ltd..pdf,18
Powerica Ltd..pdf,19
Powerica Ltd..pdf,20
Powerica Ltd..pdf,21
Powerica Ltd..pdf,22
Powerica Ltd..pdf,23
Powerica Ltd..pdf,24
Prabhu Steel Industries Ltd..pdf,1
Prabhu Steel Industries Ltd..pdf,2
Prabhu Steel Industries Ltd..pdf,3
Prabhu Steel Industries Ltd..pdf,4
Prabhu Steel Industries Ltd..pdf,5
Prabhu Steel Industries Ltd..pdf,6
Prabhu Steel Industries Ltd..pdf,7
Prag Bosimi Synthetics Ltd..pdf,1
Prag Bosimi Synthetics Ltd..pdf,2
Prag Bosimi Synthetics Ltd..pdf,3
Prag Bosimi Synthetics Ltd..pdf,4
Prag Bosimi Synthetics Ltd..pdf,5
Prag Bosimi Synthetics Ltd..pdf,6
Prag Bosimi Synthetics Ltd..pdf,7
Prag Bosimi Synthetics Ltd..pdf,8
Prag Bosimi Synthetics Ltd..pdf,9
Prag Bosimi Synthetics Ltd..pdf,10
Prag Bosimi Synthetics Ltd..pdf,11
Prakash Steelage Ltd..pdf,1
Prakash Steelage Ltd..pdf,2
Prakash Steelage Ltd..pdf,3
Prakash Steelage Ltd..pdf,4
Prakash Steelage Ltd..pdf,5
Prakash Steelage Ltd..pdf,6
Prataap Snacks Ltd..pdf,1
Prataap Snacks Ltd..pdf,2
Prataap Snacks Ltd..pdf,3
Prataap Snacks Ltd..pdf,4
Prataap Snacks Ltd..pdf,5
Prataap Snacks Ltd..pdf,6
Prataap Snacks Ltd..pdf,7
Prataap Snacks Ltd..pdf,8
Prataap Snacks Ltd..pdf,9
Prataap Snacks Ltd..pdf,10
Prataap Snacks Ltd..pdf,11
Prataap Snacks Ltd..pdf,12
Prataap Snacks Ltd..pdf,13
Prataap Snacks Ltd..pdf,14
Prataap Snacks Ltd..pdf,15
Praveg Ltd..pdf,1
Praveg Ltd..pdf,2
Praveg Ltd..pdf,3
Praveg Ltd..pdf,4
Praveg Ltd..pdf,5
Praveg Ltd..pdf,6
Praveg Ltd..pdf,7
Praveg Ltd..pdf,8
Praveg Ltd..pdf,9
Praxis Home Retail Ltd..pdf,1
Praxis Home Retail Ltd..pdf,2
Praxis Home Retail Ltd..pdf,3
Praxis Home Retail Ltd..pdf,4
Praxis Home Retail Ltd..pdf,5
Praxis Home Retail Ltd..pdf,6
Praxis Home Retail Ltd..pdf,7
Praxis Home Retail Ltd..pdf,8
Precision Electronics Ltd..pdf,1
Precision Electronics Ltd..pdf,2
Precision Electronics Ltd..pdf,3
Precision Electronics Ltd..pdf,4
Precision Electronics Ltd..pdf,5
Precision Electronics Ltd..pdf,6
Precision Electronics Ltd..pdf,7
Premier Energy And Infrastructure Ltd..pdf,1
Premier Energy And Infrastructure Ltd..pdf,2
Premier Energy And Infrastructure Ltd..pdf,3
Premier Energy And Infrastructure Ltd..pdf,4
Premier Energy And Infrastructure Ltd..pdf,5
Premier Energy And Infrastructure Ltd..pdf,6
Premier Energy And Infrastructure Ltd..pdf,7
Prima Agro Ltd..pdf,1
Prima Agro Ltd..pdf,2
Prima Agro Ltd..pdf,3
Prima Agro Ltd..pdf,4
Prima Agro Ltd..pdf,5
Prima Agro Ltd..pdf,6
Prima Agro Ltd..pdf,7
Prima Agro Ltd..pdf,8
Prima Agro Ltd..pdf,9
Prima Industries Ltd..pdf,1
Prima Industries Ltd..pdf,2
Prima Industries Ltd..pdf,3
Prima Industries Ltd..pdf,4
Prima Industries Ltd..pdf,5
Prima Industries Ltd..pdf,6
Prima Industries Ltd..pdf,7
Prima Industries Ltd..pdf,8
Prima Industries Ltd..pdf,9
Prime Urban Development India Ltd..pdf,1
Prime Urban Development India Ltd..pdf,2
Prime Urban Development India Ltd..pdf,3
Prime Urban Development India Ltd..pdf,4
Prime Urban Development India Ltd..pdf,5
Prime Urban Development India Ltd..pdf,6
Prime Urban Development India Ltd..pdf,7
Prime Urban Development India Ltd..pdf,8
Prime Urban Development India Ltd..pdf,9
Prism Johnson Ltd..pdf,1
Prism Johnson Ltd..pdf,2
Prism Johnson Ltd..pdf,3
Prism Johnson Ltd..pdf,4
Prism Johnson Ltd..pdf,5
Prism Johnson Ltd..pdf,6
Prism Johnson Ltd..pdf,7
Prism Johnson Ltd..pdf,8
Prism Johnson Ltd..pdf,9
Prism Johnson Ltd..pdf,10
Prism Johnson Ltd..pdf,11
Prism Johnson Ltd..pdf,12
Prismx Global Ventures Ltd..pdf,1
Prismx Global Ventures Ltd..pdf,2
Prismx Global Ventures Ltd..pdf,3
Prismx Global Ventures Ltd..pdf,4
Prismx Global Ventures Ltd..pdf,5
Prismx Global Ventures Ltd..pdf,6
Prismx Global Ventures Ltd..pdf,7
Prismx Global Ventures Ltd..pdf,8
Prismx Global Ventures Ltd..pdf,9
Prismx Global Ventures Ltd..pdf,10
Privi Speciality Chemicals Ltd..pdf,1
Privi Speciality Chemicals Ltd..pdf,2
Privi Speciality Chemicals Ltd..pdf,3
Privi Speciality Chemicals Ltd..pdf,4
Privi Speciality Chemicals Ltd..pdf,5
Privi Speciality Chemicals Ltd..pdf,6
Privi Speciality Chemicals Ltd..pdf,7
Privi Speciality Chemicals Ltd..pdf,8
Puretrop Fruits Ltd..pdf,1
Puretrop Fruits Ltd..pdf,2
Puretrop Fruits Ltd..pdf,3
Puretrop Fruits Ltd..pdf,4
Puretrop Fruits Ltd..pdf,5
Puretrop Fruits Ltd..pdf,6
Puretrop Fruits Ltd..pdf,7
Puretrop Fruits Ltd..pdf,8
Purple Finance Ltd..pdf,1
Purple Finance Ltd..pdf,2
Purple Finance Ltd..pdf,3
Purple Finance Ltd..pdf,4
Purple Finance Ltd..pdf,5
Purple Finance Ltd..pdf,6
Purple Finance Ltd..pdf,7
Purple Finance Ltd..pdf,8
Purple Finance Ltd..pdf,9
Purple Finance Ltd..pdf,10
Purple Finance Ltd..pdf,11
Quick Heal Technologies Ltd..pdf,1
Quick Heal Technologies Ltd..pdf,2
Quick Heal Technologies Ltd..pdf,3
Quick Heal Technologies Ltd..pdf,4
Quick Heal Technologies Ltd..pdf,5
Quick Heal Technologies Ltd..pdf,6
Quick Heal Technologies Ltd..pdf,7
Quick Heal Technologies Ltd..pdf,8
Quick Heal Technologies Ltd..pdf,9
Quick Heal Technologies Ltd..pdf,10
Quick Heal Technologies Ltd..pdf,11
Quick Heal Technologies Ltd..pdf,12
Quick Heal Technologies Ltd..pdf,13
Quick Heal Technologies Ltd..pdf,14
Quick Heal Technologies Ltd..pdf,15
Quick Heal Technologies Ltd..pdf,16
Quick Heal Technologies Ltd..pdf,17
Quick Heal Technologies Ltd..pdf,18
Quick Heal Technologies Ltd..pdf,19
Quick Heal Technologies Ltd..pdf,20
Quick Heal Technologies Ltd..pdf,21
Quick Heal Technologies Ltd..pdf,22
Quick Heal Technologies Ltd..pdf,23
Quick Heal Technologies Ltd..pdf,24
Quick Heal Technologies Ltd..pdf,25
Quick Heal Technologies Ltd..pdf,26
Quick Heal Technologies Ltd..pdf,27
Quick Heal Technologies Ltd..pdf,28
Quick Heal Technologies Ltd..pdf,29
Quick Heal Technologies Ltd..pdf,30
Quick Heal Technologies Ltd..pdf,31
Quick Heal Technologies Ltd..pdf,32
Quick Heal Technologies Ltd..pdf,33
Quick Heal Technologies Ltd..pdf,34
Quick Heal Technologies Ltd..pdf,35
Quick Heal Technologies Ltd..pdf,36
Quick Heal Technologies Ltd..pdf,37
Quick Heal Technologies Ltd..pdf,38
Quick Heal Technologies Ltd..pdf,39
Quick Heal Technologies Ltd..pdf,40
Quick Heal Technologies Ltd..pdf,41
Quick Heal Technologies Ltd..pdf,42
Quick Heal Technologies Ltd..pdf,43
Quick Heal Technologies Ltd..pdf,44
Quick Heal Technologies Ltd..pdf,45
Quint Digital Ltd..pdf,1
Quint Digital Ltd..pdf,2
Quint Digital Ltd..pdf,3
Quint Digital Ltd..pdf,4
Quint Digital Ltd..pdf,5
Quint Digital Ltd..pdf,6
Quint Digital Ltd..pdf,7
Quint Digital Ltd..pdf,8
Quint Digital Ltd..pdf,9
Quint Digital Ltd..pdf,10
Quint Digital Ltd..pdf,11
Quint Digital Ltd..pdf,12
Quint Digital Ltd..pdf,13
Quint Digital Ltd..pdf,14
Quint Digital Ltd..pdf,15
Quint Digital Ltd..pdf,16
Quint Digital Ltd..pdf,17
R. S. Software (India) Ltd.pdf,1
R. S. Software (India) Ltd.pdf,2
R. S. Software (India) Ltd.pdf,3
R. S. Software (India) Ltd.pdf,4
R. S. Software (India) Ltd.pdf,5
R. S. Software (India) Ltd.pdf,6
R. S. Software (India) Ltd.pdf,7
R. S. Software (India) Ltd.pdf,8
R. S. Software (India) Ltd.pdf,9
R. S. Software (India) Ltd.pdf,10
R. S. Software (India) Ltd.pdf,11
R. S. Software (India) Ltd.pdf,12
R. S. Software (India) Ltd.pdf,13
RCC Cements Ltd..pdf,1
RCC Cements Ltd..pdf,2
RCC Cements Ltd..pdf,3
RCC Cements Ltd..pdf,4
RCC Cements Ltd..pdf,5
RCC Cements Ltd..pdf,6
RDB Infrastructure And Power Ltd..pdf,1
RDB Infrastructure And Power Ltd..pdf,2
RDB Infrastructure And Power Ltd..pdf,3
RDB Infrastructure And Power Ltd..pdf,4
RDB Infrastructure And Power Ltd..pdf,5
RDB Infrastructure And Power Ltd..pdf,6
RMC Switchgears Ltd..pdf,1
RMC Switchgears Ltd..pdf,2
RMC Switchgears Ltd..pdf,3
RMC Switchgears Ltd..pdf,4
RMC Switchgears Ltd..pdf,5
RMC Switchgears Ltd..pdf,6
RMC Switchgears Ltd..pdf,7
RMC Switchgears Ltd..pdf,8
RMC Switchgears Ltd..pdf,9
RMC Switchgears Ltd..pdf,10
RMC Switchgears Ltd..pdf,11
RNIT AI Solutions Ltd..pdf,1
RNIT AI Solutions Ltd..pdf,2
RNIT AI Solutions Ltd..pdf,3
RNIT AI Solutions Ltd..pdf,4
RNIT AI Solutions Ltd..pdf,5
RNIT AI Solutions Ltd..pdf,6
RNIT AI Solutions Ltd..pdf,7
RO Jewels Ltd..pdf,1
RO Jewels Ltd..pdf,2
RO Jewels Ltd..pdf,3
RSC International Ltd..pdf,1
RSC International Ltd..pdf,2
RSC International Ltd..pdf,3
RSC International Ltd..pdf,4
RSD Finance Ltd..pdf,1
RSD Finance Ltd..pdf,2
RSD Finance Ltd..pdf,3
RSD Finance Ltd..pdf,4
RSD Finance Ltd..pdf,5
RSD Finance Ltd..pdf,6
RSD Finance Ltd..pdf,7
RSD Finance Ltd..pdf,8
RSD Finance Ltd..pdf,9
RSD Finance Ltd..pdf,10
RSD Finance Ltd..pdf,11
RSD Finance Ltd..pdf,12
RSD Finance Ltd..pdf,13
RSD Finance Ltd..pdf,14
Race Eco Chain Ltd..pdf,1
Race Eco Chain Ltd..pdf,2
Race Eco Chain Ltd..pdf,3
Race Eco Chain Ltd..pdf,4
Race Eco Chain Ltd..pdf,5
Race Eco Chain Ltd..pdf,6
Race Eco Chain Ltd..pdf,7
Race Eco Chain Ltd..pdf,8
Race Eco Chain Ltd..pdf,9
Race Eco Chain Ltd..pdf,10
Race Eco Chain Ltd..pdf,11
Radaan Mediaworks India Ltd..pdf,1
Radaan Mediaworks India Ltd..pdf,2
Radaan Mediaworks India Ltd..pdf,3
Radaan Mediaworks India Ltd..pdf,4
Radaan Mediaworks India Ltd..pdf,5
Radaan Mediaworks India Ltd..pdf,6
Radaan Mediaworks India Ltd..pdf,7
Radaan Mediaworks India Ltd..pdf,8
Radaan Mediaworks India Ltd..pdf,9
Radaan Mediaworks India Ltd..pdf,10
Radhe Developers India Ltd..pdf,1
Radhe Developers India Ltd..pdf,2
Radhe Developers India Ltd..pdf,3
Radhe Developers India Ltd..pdf,4
Radhe Developers India Ltd..pdf,5
Radhika Jeweltech Ltd..pdf,1
Radhika Jeweltech Ltd..pdf,2
Radhika Jeweltech Ltd..pdf,3
Radhika Jeweltech Ltd..pdf,4
Raghuvir Synthetics Ltd..pdf,1
Raghuvir Synthetics Ltd..pdf,2
Raghuvir Synthetics Ltd..pdf,3
Raghuvir Synthetics Ltd..pdf,4
Raghuvir Synthetics Ltd..pdf,5
Raghuvir Synthetics Ltd..pdf,6
Raghuvir Synthetics Ltd..pdf,7
Raghuvir Synthetics Ltd..pdf,8
Raghuvir Synthetics Ltd..pdf,9
Raghuvir Synthetics Ltd..pdf,10
Raghuvir Synthetics Ltd..pdf,11
Raj Rayon Industries Ltd..pdf,1
Raj Rayon Industries Ltd..pdf,2
Raj Rayon Industries Ltd..pdf,3
Raj Rayon Industries Ltd..pdf,4
Raj Television Network Ltd..pdf,1
Raj Television Network Ltd..pdf,2
Raj Television Network Ltd..pdf,3
Raj Television Network Ltd..pdf,4
Raj Television Network Ltd..pdf,5
Raja Bahadur International Ltd..pdf,1
Raja Bahadur International Ltd..pdf,2
Raja Bahadur International Ltd..pdf,3
Raja Bahadur International Ltd..pdf,4
Raja Bahadur International Ltd..pdf,5
Raja Bahadur International Ltd..pdf,6
Raja Bahadur International Ltd..pdf,7
Raja Bahadur International Ltd..pdf,8
Raja Bahadur International Ltd..pdf,9
Rajasthan Securities Ltd..pdf,1
Rajasthan Securities Ltd..pdf,2
Rajasthan Securities Ltd..pdf,3
Rajasthan Securities Ltd..pdf,4
Rajasthan Securities Ltd..pdf,5
Rajasthan Securities Ltd..pdf,6
Rajasthan Securities Ltd..pdf,7
Rajasthan Securities Ltd..pdf,8
Rajasthan Securities Ltd..pdf,9
Rajasthan Securities Ltd..pdf,10
Rajasthan Securities Ltd..pdf,11
Rajasthan Securities Ltd..pdf,12
Rajkamal Synthetics Ltd..pdf,1
Rajkamal Synthetics Ltd..pdf,2
Rajkamal Synthetics Ltd..pdf,3
Rajkamal Synthetics Ltd..pdf,4
Rajkamal Synthetics Ltd..pdf,5
Rajkamal Synthetics Ltd..pdf,6
Rajkamal Synthetics Ltd..pdf,7
Rajkamal Synthetics Ltd..pdf,8
Rajkamal Synthetics Ltd..pdf,9
Rajnandini Fashion India Ltd..pdf,1
Rajnandini Fashion India Ltd..pdf,2
Rajnandini Fashion India Ltd..pdf,3
Rajnandini Fashion India Ltd..pdf,4
Rajnandini Fashion India Ltd..pdf,5
Rajnandini Fashion India Ltd..pdf,6
Rajnandini Fashion India Ltd..pdf,7
Rajnandini Fashion India Ltd..pdf,8
Rajnandini Fashion India Ltd..pdf,9
Rajnandini Fashion India Ltd..pdf,10
Rajnandini Fashion India Ltd..pdf,11
Rajnandini Fashion India Ltd..pdf,12
Rajnandini Fashion India Ltd..pdf,13
Rajnandini Fashion India Ltd..pdf,14
Rajnandini Fashion India Ltd..pdf,15
Rajnandini Fashion India Ltd..pdf,16
Rajnandini Fashion India Ltd..pdf,17
Rajnandini Fashion India Ltd..pdf,18
Rajnandini Fashion India Ltd..pdf,19
Rajshree Sugars & Chemicals Ltd..pdf,1
Rajshree Sugars & Chemicals Ltd..pdf,2
Rajshree Sugars & Chemicals Ltd..pdf,3
Rajshree Sugars & Chemicals Ltd..pdf,4
Rapid Investments Ltd..pdf,1
Rapid Investments Ltd..pdf,2
Rapid Investments Ltd..pdf,3
Rapid Investments Ltd..pdf,4
Rapid Investments Ltd..pdf,5
Rapid Investments Ltd..pdf,6
Rapid Investments Ltd..pdf,7
Rapid Investments Ltd..pdf,8
Rapid Investments Ltd..pdf,9
Rapid Investments Ltd..pdf,10
Rapid Investments Ltd..pdf,11
Rapid Investments Ltd..pdf,12
Ratnabhumi Developers Ltd..pdf,1
Ratnabhumi Developers Ltd..pdf,2
Ratnabhumi Developers Ltd..pdf,3
Ratnabhumi Developers Ltd..pdf,4
Ratnabhumi Developers Ltd..pdf,5
Ratnabhumi Developers Ltd..pdf,6
Ratnabhumi Developers Ltd..pdf,7
Ratnabhumi Developers Ltd..pdf,8
Ratnabhumi Developers Ltd..pdf,9
Ratnabhumi Developers Ltd..pdf,10
Real Touch Finance Ltd..pdf,1
Real Touch Finance Ltd..pdf,2
Real Touch Finance Ltd..pdf,3
Real Touch Finance Ltd..pdf,4
Real Touch Finance Ltd..pdf,5
Real Touch Finance Ltd..pdf,6
Regal Entertainment & Consultants Ltd..pdf,1
Regal Entertainment & Consultants Ltd..pdf,2
Regal Entertainment & Consultants Ltd..pdf,3
Regal Entertainment & Consultants Ltd..pdf,4
Regal Entertainment & Consultants Ltd..pdf,5
Regal Entertainment & Consultants Ltd..pdf,6
Regal Entertainment & Consultants Ltd..pdf,7
Regal Entertainment & Consultants Ltd..pdf,8
Revathi Equipment India Ltd..pdf,1
Revathi Equipment India Ltd..pdf,2
Revathi Equipment India Ltd..pdf,3
Revathi Equipment India Ltd..pdf,4
Revathi Equipment India Ltd..pdf,5
Revathi Equipment India Ltd..pdf,6
Revathi Equipment India Ltd..pdf,7
Revathi Equipment India Ltd..pdf,8
Revathi Equipment India Ltd..pdf,9
Rico Auto Industries Ltd..pdf,1
Rico Auto Industries Ltd..pdf,2
Rico Auto Industries Ltd..pdf,3
Rico Auto Industries Ltd..pdf,4
Rico Auto Industries Ltd..pdf,5
Rico Auto Industries Ltd..pdf,6
Rico Auto Industries Ltd..pdf,7
Rico Auto Industries Ltd..pdf,8
Rico Auto Industries Ltd..pdf,9
Rishi Techtex Ltd..pdf,1
Rishi Techtex Ltd..pdf,2
Rishi Techtex Ltd..pdf,3
Rishi Techtex Ltd..pdf,4
Rose Merc Ltd..pdf,1
Rose Merc Ltd..pdf,2
Rose Merc Ltd..pdf,3
Rose Merc Ltd..pdf,4
Rose Merc Ltd..pdf,5
Rose Merc Ltd..pdf,6
Rose Merc Ltd..pdf,7
Rose Merc Ltd..pdf,8
Rose Merc Ltd..pdf,9
Rose Merc Ltd..pdf,10
Rose Merc Ltd..pdf,11
Royal Cushion Vinyl Products Ltd..pdf,1
Royal Cushion Vinyl Products Ltd..pdf,2
Royal Cushion Vinyl Products Ltd..pdf,3
Royal Cushion Vinyl Products Ltd..pdf,4
Royal Cushion Vinyl Products Ltd..pdf,5
Royal Cushion Vinyl Products Ltd..pdf,6
Royal Cushion Vinyl Products Ltd..pdf,7
Royal Cushion Vinyl Products Ltd..pdf,8
Royal India Corp Ltd..pdf,1
Royal India Corp Ltd..pdf,2
Royal India Corp Ltd..pdf,3
Royal India Corp Ltd..pdf,4
Royal India Corp Ltd..pdf,5
Royal India Corp Ltd..pdf,6
Royal India Corp Ltd..pdf,7
Royal India Corp Ltd..pdf,8
Royal India Corp Ltd..pdf,9
Royal India Corp Ltd..pdf,10
Rubfila International Ltd..pdf,1
Rubfila International Ltd..pdf,2
Rubfila International Ltd..pdf,3
Rubfila International Ltd..pdf,4
Rubfila International Ltd..pdf,5
Rubfila International Ltd..pdf,6
Rubfila International Ltd..pdf,7
Rubfila International Ltd..pdf,8
Rubfila International Ltd..pdf,9
Rubfila International Ltd..pdf,10
Rubfila International Ltd..pdf,11
Rubfila International Ltd..pdf,12
Rubfila International Ltd..pdf,13
Rubfila International Ltd..pdf,14
Rubfila International Ltd..pdf,15
Rubfila International Ltd..pdf,16
Rubfila International Ltd..pdf,17
Rubfila International Ltd..pdf,18
Rubfila International Ltd..pdf,19
Rubfila International Ltd..pdf,20
Rubfila International Ltd..pdf,21
Rungta Irrigation Ltd..pdf,1
Rungta Irrigation Ltd..pdf,2
Rungta Irrigation Ltd..pdf,3
S V Global Mill Ltd..pdf,1
S V Global Mill Ltd..pdf,2
S V Global Mill Ltd..pdf,3
S V Global Mill Ltd..pdf,4
S V Global Mill Ltd..pdf,5
SBC Exports Ltd..pdf,1
SBC Exports Ltd..pdf,2
SBC Exports Ltd..pdf,3
SBC Exports Ltd..pdf,4
SBC Exports Ltd..pdf,5
SBC Exports Ltd..pdf,6
SBC Exports Ltd..pdf,7
SBC Exports Ltd..pdf,8
SBC Exports Ltd..pdf,9
SBI Life Insurance Company Ltd..pdf,1
SBI Life Insurance Company Ltd..pdf,2
SBI Life Insurance Company Ltd..pdf,3
SBI Life Insurance Company Ltd..pdf,4
SBI Life Insurance Company Ltd..pdf,5
SBI Life Insurance Company Ltd..pdf,6
SBI Life Insurance Company Ltd..pdf,7
SBI Life Insurance Company Ltd..pdf,8
SBI Life Insurance Company Ltd..pdf,9
SBI Life Insurance Company Ltd..pdf,10
SBI Life Insurance Company Ltd..pdf,11
SBI Life Insurance Company Ltd..pdf,12
SBI Life Insurance Company Ltd..pdf,13
SBI Life Insurance Company Ltd..pdf,14
SBI Life Insurance Company Ltd..pdf,15
SBI Life Insurance Company Ltd..pdf,16
SBI Life Insurance Company Ltd..pdf,17
SBI Life Insurance Company Ltd..pdf,18
SBI Life Insurance Company Ltd..pdf,19
SBI Life Insurance Company Ltd..pdf,20
SBI Life Insurance Company Ltd..pdf,21
SBI Life Insurance Company Ltd..pdf,22
SBI Life Insurance Company Ltd..pdf,23
SBI Life Insurance Company Ltd..pdf,24
SBI Life Insurance Company Ltd..pdf,25
SBI Life Insurance Company Ltd..pdf,26
SI Capital & Financial Services Ltd..pdf,1
SI Capital & Financial Services Ltd..pdf,2
SI Capital & Financial Services Ltd..pdf,3
SI Capital & Financial Services Ltd..pdf,4
SI Capital & Financial Services Ltd..pdf,5
SI Capital & Financial Services Ltd..pdf,6
SI Capital & Financial Services Ltd..pdf,7
SI Capital & Financial Services Ltd..pdf,8
SI Capital & Financial Services Ltd..pdf,9
SIS Ltd..pdf,1
SIS Ltd..pdf,2
SIS Ltd..pdf,3
SIS Ltd..pdf,4
SIS Ltd..pdf,5
SIS Ltd..pdf,6
SIS Ltd..pdf,7
SIS Ltd..pdf,8
SIS Ltd..pdf,9
SIS Ltd..pdf,10
SIS Ltd..pdf,11
SIS Ltd..pdf,12
SIS Ltd..pdf,13
SIS Ltd..pdf,14
SIS Ltd..pdf,15
SIS Ltd..pdf,16
SIS Ltd..pdf,17
SIS Ltd..pdf,18
SIS Ltd..pdf,19
SIS Ltd..pdf,20
SIS Ltd..pdf,21
SIS Ltd..pdf,22
SIS Ltd..pdf,23
SIS Ltd..pdf,24
SIS Ltd..pdf,25
SIS Ltd..pdf,26
SIS Ltd..pdf,27
SIS Ltd..pdf,28
SIS Ltd..pdf,29
SIS Ltd..pdf,30
SIS Ltd..pdf,31
SIS Ltd..pdf,32
SIS Ltd..pdf,33
SIS Ltd..pdf,34
SIS Ltd..pdf,35
STL Networks Ltd..pdf,1
STL Networks Ltd..pdf,2
STL Networks Ltd..pdf,3
STL Networks Ltd..pdf,4
STL Networks Ltd..pdf,5
STL Networks Ltd..pdf,6
STL Networks Ltd..pdf,7
STL Networks Ltd..pdf,8
STL Networks Ltd..pdf,9
STL Networks Ltd..pdf,10
STL Networks Ltd..pdf,11
STL Networks Ltd..pdf,12
STL Networks Ltd..pdf,13
STL Networks Ltd..pdf,14
STL Networks Ltd..pdf,15
STL Networks Ltd..pdf,16
STL Networks Ltd..pdf,17
STL Networks Ltd..pdf,18
STL Networks Ltd..pdf,19
STL Networks Ltd..pdf,20
STL Networks Ltd..pdf,21
STL Networks Ltd..pdf,22
Sadhana Nitrochem Ltd..pdf,1
Sadhana Nitrochem Ltd..pdf,2
Sadhana Nitrochem Ltd..pdf,3
Sadhana Nitrochem Ltd..pdf,4
Sadhana Nitrochem Ltd..pdf,5
Sadhana Nitrochem Ltd..pdf,6
Sadhana Nitrochem Ltd..pdf,7
Sadhana Nitrochem Ltd..pdf,8
Sadhana Nitrochem Ltd..pdf,9
Sagar Systech Ltd..pdf,1
Sagar Systech Ltd..pdf,2
Sagar Systech Ltd..pdf,3
Saint Gobain Sekurit India Ltd..pdf,1
Saint Gobain Sekurit India Ltd..pdf,2
Saint Gobain Sekurit India Ltd..pdf,3
Salem Erode Investments Ltd..pdf,1
Salem Erode Investments Ltd..pdf,2
Salem Erode Investments Ltd..pdf,3
Salem Erode Investments Ltd..pdf,4
Salem Erode Investments Ltd..pdf,5
Salem Erode Investments Ltd..pdf,6
Samtex Fashions Ltd..pdf,1
Samtex Fashions Ltd..pdf,2
Samtex Fashions Ltd..pdf,3
Samtex Fashions Ltd..pdf,4
Samtex Fashions Ltd..pdf,5
Samtex Fashions Ltd..pdf,6
Samtex Fashions Ltd..pdf,7
Samtex Fashions Ltd..pdf,8
Samtex Fashions Ltd..pdf,9
Samtex Fashions Ltd..pdf,10
Samtex Fashions Ltd..pdf,11
Samtex Fashions Ltd..pdf,12
Samtex Fashions Ltd..pdf,13
Sanguine Media Ltd..pdf,1
Sanguine Media Ltd..pdf,2
Sanguine Media Ltd..pdf,3
Sankhya Infotech Ltd..pdf,1
Sankhya Infotech Ltd..pdf,2
Sankhya Infotech Ltd..pdf,3
Sankhya Infotech Ltd..pdf,4
Sankhya Infotech Ltd..pdf,5
Sankhya Infotech Ltd..pdf,6
Sankhya Infotech Ltd..pdf,7
Sanrhea Technical Textiles Ltd..pdf,1
Sanrhea Technical Textiles Ltd..pdf,2
Sanrhea Technical Textiles Ltd..pdf,3
Saptarishi Agro Industries Ltd..pdf,1
Saptarishi Agro Industries Ltd..pdf,2
Saptarishi Agro Industries Ltd..pdf,3
Saptarishi Agro Industries Ltd..pdf,4
Saptarishi Agro Industries Ltd..pdf,5
Saptarishi Agro Industries Ltd..pdf,6
Saptarishi Agro Industries Ltd..pdf,7
Saptarishi Agro Industries Ltd..pdf,8
Saptarishi Agro Industries Ltd..pdf,9
Saraswati Commercial India Ltd..pdf,1
Saraswati Commercial India Ltd..pdf,2
Saraswati Commercial India Ltd..pdf,3
Saraswati Commercial India Ltd..pdf,4
Saraswati Commercial India Ltd..pdf,5
Saraswati Commercial India Ltd..pdf,6
Saraswati Commercial India Ltd..pdf,7
Saraswati Commercial India Ltd..pdf,8
Saraswati Commercial India Ltd..pdf,9
Sarda Energy & Minerals Ltd..pdf,1
Sarda Energy & Minerals Ltd..pdf,2
Sarda Energy & Minerals Ltd..pdf,3
Sarda Energy & Minerals Ltd..pdf,4
Sarda Energy & Minerals Ltd..pdf,5
Sarda Energy & Minerals Ltd..pdf,6
Sarda Energy & Minerals Ltd..pdf,7
Sarda Energy & Minerals Ltd..pdf,8
Saregama India Ltd..pdf,1
Saregama India Ltd..pdf,2
Saregama India Ltd..pdf,3
Saregama India Ltd..pdf,4
Saregama India Ltd..pdf,5
Saregama India Ltd..pdf,6
Saregama India Ltd..pdf,7
Saregama India Ltd..pdf,8
Saregama India Ltd..pdf,9
Saregama India Ltd..pdf,10
Saregama India Ltd..pdf,11
Saregama India Ltd..pdf,12
Sattva Sukun Lifecare Ltd..pdf,1
Sattva Sukun Lifecare Ltd..pdf,2
Sattva Sukun Lifecare Ltd..pdf,3
Sattva Sukun Lifecare Ltd..pdf,4
Sattva Sukun Lifecare Ltd..pdf,5
Sattva Sukun Lifecare Ltd..pdf,6
Sattva Sukun Lifecare Ltd..pdf,7
Sea Tv Network Ltd..pdf,1
Sea Tv Network Ltd..pdf,2
Sea Tv Network Ltd..pdf,3
Sea Tv Network Ltd..pdf,4
Sea Tv Network Ltd..pdf,5
Sea Tv Network Ltd..pdf,6
Sea Tv Network Ltd..pdf,7
Sea Tv Network Ltd..pdf,8
Sea Tv Network Ltd..pdf,9
Sea Tv Network Ltd..pdf,10
Sea Tv Network Ltd..pdf,11
Sea Tv Network Ltd..pdf,12
Sea Tv Network Ltd..pdf,13
Seasons Textiles Ltd..pdf,1
Seasons Textiles Ltd..pdf,2
Seasons Textiles Ltd..pdf,3
Sejal Glass Ltd..pdf,1
Sejal Glass Ltd..pdf,2
Sejal Glass Ltd..pdf,3
Sejal Glass Ltd..pdf,4
Sejal Glass Ltd..pdf,5
Sejal Glass Ltd..pdf,6
Senco Gold Ltd..pdf,1
Senco Gold Ltd..pdf,2
Senco Gold Ltd..pdf,3
Senco Gold Ltd..pdf,4
Senco Gold Ltd..pdf,5
Senco Gold Ltd..pdf,6
Senco Gold Ltd..pdf,7
Senco Gold Ltd..pdf,8
Senco Gold Ltd..pdf,9
Senco Gold Ltd..pdf,10
Sera Investments & Finance India Ltd..pdf,1
Sera Investments & Finance India Ltd..pdf,2
Sera Investments & Finance India Ltd..pdf,3
Sera Investments & Finance India Ltd..pdf,4
Sera Investments & Finance India Ltd..pdf,5
Sera Investments & Finance India Ltd..pdf,6
Sera Investments & Finance India Ltd..pdf,7
Sera Investments & Finance India Ltd..pdf,8
Sera Investments & Finance India Ltd..pdf,9
Shah Alloys Ltd..pdf,1
Shah Alloys Ltd..pdf,2
Shah Alloys Ltd..pdf,3
Shah Alloys Ltd..pdf,4
Shah Alloys Ltd..pdf,5
Shah Alloys Ltd..pdf,6
Shah Alloys Ltd..pdf,7
Shah Alloys Ltd..pdf,8
Shah Alloys Ltd..pdf,9
Shah Alloys Ltd..pdf,10
Shah Alloys Ltd..pdf,11
Shah Alloys Ltd..pdf,12
Shah Alloys Ltd..pdf,13
Shah Alloys Ltd..pdf,14
Shah Metacorp Ltd..pdf,1
Shah Metacorp Ltd..pdf,2
Shah Metacorp Ltd..pdf,3
Shah Metacorp Ltd..pdf,4
Shah Metacorp Ltd..pdf,5
Shah Metacorp Ltd..pdf,6
Shah Metacorp Ltd..pdf,7
Shah Metacorp Ltd..pdf,8
Shah Metacorp Ltd..pdf,9
Shah Metacorp Ltd..pdf,10
Shah Metacorp Ltd..pdf,11
Shah Metacorp Ltd..pdf,12
Shah Metacorp Ltd..pdf,13
Shah Metacorp Ltd..pdf,14
Shahi Shipping Ltd..pdf,1
Shahi Shipping Ltd..pdf,2
Shahi Shipping Ltd..pdf,3
Shahi Shipping Ltd..pdf,4
Shahlon Silk Industries Ltd..pdf,1
Shahlon Silk Industries Ltd..pdf,2
Shahlon Silk Industries Ltd..pdf,3
Shahlon Silk Industries Ltd..pdf,4
Shahlon Silk Industries Ltd..pdf,5
Shalimar Paints Ltd..pdf,1
Shalimar Paints Ltd..pdf,2
Shalimar Paints Ltd..pdf,3
Shalimar Paints Ltd..pdf,4
Shalimar Paints Ltd..pdf,5
Shalimar Paints Ltd..pdf,6
Shalimar Paints Ltd..pdf,7
Shalimar Paints Ltd..pdf,8
Shalimar Paints Ltd..pdf,9
Shalimar Paints Ltd..pdf,10
Shalimar Paints Ltd..pdf,11
Shalimar Paints Ltd..pdf,12
Shalimar Paints Ltd..pdf,13
Shalimar Paints Ltd..pdf,14
Shalimar Paints Ltd..pdf,15
Shalimar Paints Ltd..pdf,16
Shalimar Paints Ltd..pdf,17
Shalimar Paints Ltd..pdf,18
Shalimar Paints Ltd..pdf,19
Shalimar Paints Ltd..pdf,20
Shalimar Paints Ltd..pdf,21
Shalimar Paints Ltd..pdf,22
Shalimar Paints Ltd..pdf,23
Shalimar Paints Ltd..pdf,24
Shalimar Paints Ltd..pdf,25
Shalimar Paints Ltd..pdf,26
Shalimar Paints Ltd..pdf,27
Shalimar Paints Ltd..pdf,28
Shalimar Paints Ltd..pdf,29
Shalimar Paints Ltd..pdf,30
Shalimar Wires Industries Ltd..pdf,1
Shalimar Wires Industries Ltd..pdf,2
Shalimar Wires Industries Ltd..pdf,3
Shalimar Wires Industries Ltd..pdf,4
Shalimar Wires Industries Ltd..pdf,5
Shanmuga Hospital Ltd..pdf,1
Shanmuga Hospital Ltd..pdf,2
Shanmuga Hospital Ltd..pdf,3
Shanmuga Hospital Ltd..pdf,4
Shanmuga Hospital Ltd..pdf,5
Shanmuga Hospital Ltd..pdf,6
Shanmuga Hospital Ltd..pdf,7
Shanmuga Hospital Ltd..pdf,8
Shanmuga Hospital Ltd..pdf,9
Shanmuga Hospital Ltd..pdf,10
Shanmuga Hospital Ltd..pdf,11
Shanmuga Hospital Ltd..pdf,12
Sharma East India Hospitals & Medical Research Ltd..pdf,1
Sharma East India Hospitals & Medical Research Ltd..pdf,2
Sharma East India Hospitals & Medical Research Ltd..pdf,3
Sharma East India Hospitals & Medical Research Ltd..pdf,4
Sharma East India Hospitals & Medical Research Ltd..pdf,5
Sharp Investments Ltd..pdf,1
Sharp Investments Ltd..pdf,2
Sharp Investments Ltd..pdf,3
Sharp Investments Ltd..pdf,4
Sharp Investments Ltd..pdf,5
Sharp Investments Ltd..pdf,6
Sharp Investments Ltd..pdf,7
Sheetal Cool Products Ltd..pdf,1
Sheetal Cool Products Ltd..pdf,2
Sheetal Cool Products Ltd..pdf,3
Sheetal Cool Products Ltd..pdf,4
Shekhawati Industries Ltd..pdf,1
Shekhawati Industries Ltd..pdf,2
Shekhawati Industries Ltd..pdf,3
Shekhawati Industries Ltd..pdf,4
Shekhawati Industries Ltd..pdf,5
Shelter Infra Projects Ltd..pdf,1
Shelter Infra Projects Ltd..pdf,2
Shelter Infra Projects Ltd..pdf,3
Shelter Infra Projects Ltd..pdf,4
Shelter Infra Projects Ltd..pdf,5
Shelter Infra Projects Ltd..pdf,6
Shelter Infra Projects Ltd..pdf,7
Shilchar Technologies Ltd..pdf,1
Shilchar Technologies Ltd..pdf,2
Shilchar Technologies Ltd..pdf,3
Shilchar Technologies Ltd..pdf,4
Shivam Autotech Ltd..pdf,1
Shivam Autotech Ltd..pdf,2
Shivam Autotech Ltd..pdf,3
Shivam Autotech Ltd..pdf,4
Shivam Autotech Ltd..pdf,5
Shivamshree Businesses Ltd..pdf,1
Shivamshree Businesses Ltd..pdf,2
Shivamshree Businesses Ltd..pdf,3
Shivamshree Businesses Ltd..pdf,4
Shivamshree Businesses Ltd..pdf,5
Shivamshree Businesses Ltd..pdf,6
Shivamshree Businesses Ltd..pdf,7
Shivamshree Businesses Ltd..pdf,8
Shivkamal Impex Ltd..pdf,1
Shivkamal Impex Ltd..pdf,2
Shivkamal Impex Ltd..pdf,3
Shraddha Prime Projects Ltd..pdf,1
Shraddha Prime Projects Ltd..pdf,2
Shraddha Prime Projects Ltd..pdf,3
Shraddha Prime Projects Ltd..pdf,4
Shraddha Prime Projects Ltd..pdf,5
Shraddha Prime Projects Ltd..pdf,6
Shraddha Prime Projects Ltd..pdf,7
Shraddha Prime Projects Ltd..pdf,8
Shraddha Prime Projects Ltd..pdf,9
Shraddha Prime Projects Ltd..pdf,10
Shraddha Prime Projects Ltd..pdf,11
Shree Rajasthan Syntex Ltd..pdf,1
Shree Rajasthan Syntex Ltd..pdf,2
Shree Rajasthan Syntex Ltd..pdf,3
Shree Rajasthan Syntex Ltd..pdf,4
Shree Rajasthan Syntex Ltd..pdf,5
Shree Rajasthan Syntex Ltd..pdf,6
Shree Rajasthan Syntex Ltd..pdf,7
Shree Rajasthan Syntex Ltd..pdf,8
Shree Rajeshwaranand Paper Mills Ltd..pdf,1
Shree Rajeshwaranand Paper Mills Ltd..pdf,2
Shree Rajeshwaranand Paper Mills Ltd..pdf,3
Shree Rajeshwaranand Paper Mills Ltd..pdf,4
Shree Rajeshwaranand Paper Mills Ltd..pdf,5
Shree Securities Ltd..pdf,1
Shree Securities Ltd..pdf,2
Shree Securities Ltd..pdf,3
Shree Securities Ltd..pdf,4
Shree Securities Ltd..pdf,5
Shri Dinesh Mills Ltd..pdf,1
Shri Dinesh Mills Ltd..pdf,2
Shri Dinesh Mills Ltd..pdf,3
Shri Dinesh Mills Ltd..pdf,4
Shri Dinesh Mills Ltd..pdf,5
Shri Dinesh Mills Ltd..pdf,6
Shri Dinesh Mills Ltd..pdf,7
Shri Dinesh Mills Ltd..pdf,8
Shri Dinesh Mills Ltd..pdf,9
Shri Dinesh Mills Ltd..pdf,10
Shri Gang Industries And Allied Products Ltd..pdf,1
Shri Gang Industries And Allied Products Ltd..pdf,2
Shri Gang Industries And Allied Products Ltd..pdf,3
Shri Gang Industries And Allied Products Ltd..pdf,4
Shri Gang Industries And Allied Products Ltd..pdf,5
Shri Niwas Leasing And Finance Ltd..pdf,1
Shri Niwas Leasing And Finance Ltd..pdf,2
Shri Niwas Leasing And Finance Ltd..pdf,3
Shri Niwas Leasing And Finance Ltd..pdf,4
Shri Niwas Leasing And Finance Ltd..pdf,5
Shri Niwas Leasing And Finance Ltd..pdf,6
Shriram Properties Ltd..pdf,1
Shriram Properties Ltd..pdf,2
Shriram Properties Ltd..pdf,3
Shriram Properties Ltd..pdf,4
Shriram Properties Ltd..pdf,5
Shriram Properties Ltd..pdf,6
Shriram Properties Ltd..pdf,7
Shriram Properties Ltd..pdf,8
Shriram Properties Ltd..pdf,9
Shriram Properties Ltd..pdf,10
Shyama Computronics And Services Ltd..pdf,1
Shyama Computronics And Services Ltd..pdf,2
Shyama Computronics And Services Ltd..pdf,3
Shyama Computronics And Services Ltd..pdf,4
Shyama Computronics And Services Ltd..pdf,5
Siddha Ventures Ltd..pdf,1
Siddha Ventures Ltd..pdf,2
Siddha Ventures Ltd..pdf,3
Siddha Ventures Ltd..pdf,4
Siddha Ventures Ltd..pdf,5
Sigachi Industries Ltd..pdf,1
Sigachi Industries Ltd..pdf,2
Sigachi Industries Ltd..pdf,3
Sigachi Industries Ltd..pdf,4
Sigachi Industries Ltd..pdf,5
Sigachi Industries Ltd..pdf,6
Sigachi Industries Ltd..pdf,7
Sigachi Industries Ltd..pdf,8
Sigachi Industries Ltd..pdf,9
Sigachi Industries Ltd..pdf,10
Sigachi Industries Ltd..pdf,11
Sigachi Industries Ltd..pdf,12
Sigma Solve Ltd..pdf,1
Sigma Solve Ltd..pdf,2
Sigma Solve Ltd..pdf,3
Sigma Solve Ltd..pdf,4
Sigma Solve Ltd..pdf,5
Sigma Solve Ltd..pdf,6
Sigma Solve Ltd..pdf,7
Sigma Solve Ltd..pdf,8
Sigma Solve Ltd..pdf,9
Silver Oak India Ltd..pdf,1
Silver Oak India Ltd..pdf,2
Silver Oak India Ltd..pdf,3
Silver Oak India Ltd..pdf,4
Silver Oak India Ltd..pdf,5
Silver Oak India Ltd..pdf,6
Silver Oak India Ltd..pdf,7
Silver Touch Technologies Ltd..pdf,1
Silver Touch Technologies Ltd..pdf,2
Silver Touch Technologies Ltd..pdf,3
Silver Touch Technologies Ltd..pdf,4
Silver Touch Technologies Ltd..pdf,5
Silver Touch Technologies Ltd..pdf,6
Silver Touch Technologies Ltd..pdf,7
Silver Touch Technologies Ltd..pdf,8
Silver Touch Technologies Ltd..pdf,9
Silver Touch Technologies Ltd..pdf,10
Silver Touch Technologies Ltd..pdf,11
Silver Touch Technologies Ltd..pdf,12
Silver Touch Technologies Ltd..pdf,13
Simmonds Marshall Ltd..pdf,1
Simmonds Marshall Ltd..pdf,2
Simmonds Marshall Ltd..pdf,3
Simmonds Marshall Ltd..pdf,4
Simmonds Marshall Ltd..pdf,5
Simmonds Marshall Ltd..pdf,6
Simmonds Marshall Ltd..pdf,7
Simmonds Marshall Ltd..pdf,8
Simmonds Marshall Ltd..pdf,9
Simmonds Marshall Ltd..pdf,10
Simmonds Marshall Ltd..pdf,11
Simplex Mills Co Ltd..pdf,1
Simplex Mills Co Ltd..pdf,2
Simplex Mills Co Ltd..pdf,3
Simplex Mills Co Ltd..pdf,4
Simplex Papers Ltd..pdf,1
Simplex Papers Ltd..pdf,2
Simplex Papers Ltd..pdf,3
Simplex Papers Ltd..pdf,4
Sita Enterprises Ltd..pdf,1
Sita Enterprises Ltd..pdf,2
Sita Enterprises Ltd..pdf,3
Sj Corp Ltd..pdf,1
Sj Corp Ltd..pdf,2
Sj Corp Ltd..pdf,3
Sj Corp Ltd..pdf,4
Sj Corp Ltd..pdf,5
Sj Corp Ltd..pdf,6
Sj Corp Ltd..pdf,7
Sj Corp Ltd..pdf,8
Sj Corp Ltd..pdf,9
Sj Corp Ltd..pdf,10
Sj Corp Ltd..pdf,11
Sj Corp Ltd..pdf,12
Sj Corp Ltd..pdf,13
Sj Corp Ltd..pdf,14
Sj Corp Ltd..pdf,15
Sj Corp Ltd..pdf,16
Sj Corp Ltd..pdf,17
Sj Corp Ltd..pdf,18
Sj Corp Ltd..pdf,19
Sj Corp Ltd..pdf,20
Sj Corp Ltd..pdf,21
Sj Corp Ltd..pdf,22
Sj Corp Ltd..pdf,23
Sj Corp Ltd..pdf,24
Smart Finsec Ltd..pdf,1
Smart Finsec Ltd..pdf,2
Smart Finsec Ltd..pdf,3
Smart Finsec Ltd..pdf,4
Smart Finsec Ltd..pdf,5
Solara Active Pharma Sciences Ltd..pdf,1
Solara Active Pharma Sciences Ltd..pdf,2
Solara Active Pharma Sciences Ltd..pdf,3
Solara Active Pharma Sciences Ltd..pdf,4
Solara Active Pharma Sciences Ltd..pdf,5
Solara Active Pharma Sciences Ltd..pdf,6
Solara Active Pharma Sciences Ltd..pdf,7
Solara Active Pharma Sciences Ltd..pdf,8
Solitaire Machine Tools Ltd..pdf,1
Solitaire Machine Tools Ltd..pdf,2
Solitaire Machine Tools Ltd..pdf,3
Solitaire Machine Tools Ltd..pdf,4
Som Distilleries & Breweries Ltd..pdf,1
Som Distilleries & Breweries Ltd..pdf,2
Som Distilleries & Breweries Ltd..pdf,3
Som Distilleries & Breweries Ltd..pdf,4
Som Distilleries & Breweries Ltd..pdf,5
Som Distilleries & Breweries Ltd..pdf,6
Som Distilleries & Breweries Ltd..pdf,7
Source Natural Foods & Herbal Suppl Ltd..pdf,1
Source Natural Foods & Herbal Suppl Ltd..pdf,2
Source Natural Foods & Herbal Suppl Ltd..pdf,3
Source Natural Foods & Herbal Suppl Ltd..pdf,4
Source Natural Foods & Herbal Suppl Ltd..pdf,5
Source Natural Foods & Herbal Suppl Ltd..pdf,6
Source Natural Foods & Herbal Suppl Ltd..pdf,7
Source Natural Foods & Herbal Suppl Ltd..pdf,8
Sree Rayalaseema Hi-Strength Hypo Ltd..pdf,1
Sree Rayalaseema Hi-Strength Hypo Ltd..pdf,2
Sree Rayalaseema Hi-Strength Hypo Ltd..pdf,3
Sree Rayalaseema Hi-Strength Hypo Ltd..pdf,4
Sree Rayalaseema Hi-Strength Hypo Ltd..pdf,5
Sree Rayalaseema Hi-Strength Hypo Ltd..pdf,6
Sree Rayalaseema Hi-Strength Hypo Ltd..pdf,7
Sree Rayalaseema Hi-Strength Hypo Ltd..pdf,8
Sree Rayalaseema Hi-Strength Hypo Ltd..pdf,9
Sree Rayalaseema Hi-Strength Hypo Ltd..pdf,10
Sree Rayalaseema Hi-Strength Hypo Ltd..pdf,11
Sree Rayalaseema Hi-Strength Hypo Ltd..pdf,12
Sri Lakshmi Saraswathi Textiles Arni Ltd..pdf,1
Sri Lakshmi Saraswathi Textiles Arni Ltd..pdf,2
Sri Lakshmi Saraswathi Textiles Arni Ltd..pdf,3
Sri Lakshmi Saraswathi Textiles Arni Ltd..pdf,4
Sri Lakshmi Saraswathi Textiles Arni Ltd..pdf,5
Sri Lakshmi Saraswathi Textiles Arni Ltd..pdf,6
Sri Lakshmi Saraswathi Textiles Arni Ltd..pdf,7
Sri Lakshmi Saraswathi Textiles Arni Ltd..pdf,8
Sri Lakshmi Saraswathi Textiles Arni Ltd..pdf,9
Sriven Multi Tech Ltd..pdf,1
Sriven Multi Tech Ltd..pdf,2
Sriven Multi Tech Ltd..pdf,3
Standard Batteries Ltd..pdf,1
Standard Batteries Ltd..pdf,2
Standard Batteries Ltd..pdf,3
Standard Batteries Ltd..pdf,4
Standard Batteries Ltd..pdf,5
Standard Shoe Sole And Mould India Ltd..pdf,1
Standard Shoe Sole And Mould India Ltd..pdf,2
Standard Shoe Sole And Mould India Ltd..pdf,3
Standard Shoe Sole And Mould India Ltd..pdf,4
Stanley Lifestyles Ltd..pdf,1
Stanley Lifestyles Ltd..pdf,2
Stanley Lifestyles Ltd..pdf,3
Stanley Lifestyles Ltd..pdf,4
Stanley Lifestyles Ltd..pdf,5
Stanley Lifestyles Ltd..pdf,6
Stanley Lifestyles Ltd..pdf,7
Stanley Lifestyles Ltd..pdf,8
Stanley Lifestyles Ltd..pdf,9
Stanley Lifestyles Ltd..pdf,10
Stanley Lifestyles Ltd..pdf,11
Stanpacks India Ltd..pdf,1
Stanpacks India Ltd..pdf,2
Stanpacks India Ltd..pdf,3
Starbeam Ventures Ltd..pdf,1
Starbeam Ventures Ltd..pdf,2
Starbeam Ventures Ltd..pdf,3
Starbeam Ventures Ltd..pdf,4
Starbeam Ventures Ltd..pdf,5
Starbeam Ventures Ltd..pdf,6
Starbeam Ventures Ltd..pdf,7
Starbeam Ventures Ltd..pdf,8
Starbeam Ventures Ltd..pdf,9
Starbeam Ventures Ltd..pdf,10
Starbeam Ventures Ltd..pdf,11
Starbeam Ventures Ltd..pdf,12
Step Two Corp Ltd..pdf,1
Step Two Corp Ltd..pdf,2
Step Two Corp Ltd..pdf,3
Step Two Corp Ltd..pdf,4
Stratmont Industries Ltd..pdf,1
Stratmont Industries Ltd..pdf,2
Stratmont Industries Ltd..pdf,3
Stratmont Industries Ltd..pdf,4
Suditi Industries Ltd..pdf,1
Suditi Industries Ltd..pdf,2
Suditi Industries Ltd..pdf,3
Suditi Industries Ltd..pdf,4
Suditi Industries Ltd..pdf,5
Suditi Industries Ltd..pdf,6
Suditi Industries Ltd..pdf,7
Suditi Industries Ltd..pdf,8
Suditi Industries Ltd..pdf,9
Suditi Industries Ltd..pdf,10
Sugal & Damani Share Brokers Ltd..pdf,1
Sugal & Damani Share Brokers Ltd..pdf,2
Sugal & Damani Share Brokers Ltd..pdf,3
Sugal & Damani Share Brokers Ltd..pdf,4
Sugal & Damani Share Brokers Ltd..pdf,5
Sugal & Damani Share Brokers Ltd..pdf,6
Sugal & Damani Share Brokers Ltd..pdf,7
Sugal & Damani Share Brokers Ltd..pdf,8
Sugal & Damani Share Brokers Ltd..pdf,9
Sugal & Damani Share Brokers Ltd..pdf,10
Sukhjit Starch & Chemicals Ltd..pdf,1
Sukhjit Starch & Chemicals Ltd..pdf,2
Sukhjit Starch & Chemicals Ltd..pdf,3
Sukhjit Starch & Chemicals Ltd..pdf,4
Sukhjit Starch & Chemicals Ltd..pdf,5
Sukhjit Starch & Chemicals Ltd..pdf,6
Sukhjit Starch & Chemicals Ltd..pdf,7
Sukhjit Starch & Chemicals Ltd..pdf,8
Sukhjit Starch & Chemicals Ltd..pdf,9
Sukhjit Starch & Chemicals Ltd..pdf,10
Sukhjit Starch & Chemicals Ltd..pdf,11
Sumeet Industries Ltd..pdf,1
Sumeet Industries Ltd..pdf,2
Sumeet Industries Ltd..pdf,3
Sumeet Industries Ltd..pdf,4
Sumeet Industries Ltd..pdf,5
Sumeet Industries Ltd..pdf,6
Sumeet Industries Ltd..pdf,7
Sumeet Industries Ltd..pdf,8
Sundaram Brake Linings Ltd..pdf,1
Sundaram Brake Linings Ltd..pdf,2
Sundaram Brake Linings Ltd..pdf,3
Sunil Industries Ltd..pdf,1
Sunil Industries Ltd..pdf,2
Sunil Industries Ltd..pdf,3
Sunil Industries Ltd..pdf,4
Sunshield Chemicals Ltd..pdf,1
Sunshield Chemicals Ltd..pdf,2
Sunshield Chemicals Ltd..pdf,3
Sunshield Chemicals Ltd..pdf,4
Sunshine Capital Ltd..pdf,1
Sunshine Capital Ltd..pdf,2
Sunshine Capital Ltd..pdf,3
Sunshine Capital Ltd..pdf,4
Sunshine Capital Ltd..pdf,5
Sunshine Capital Ltd..pdf,6
Sunshine Capital Ltd..pdf,7
Sunshine Capital Ltd..pdf,8
Sunshine Capital Ltd..pdf,9
Sunshine Capital Ltd..pdf,10
Superior Finlease Ltd..pdf,1
Superior Finlease Ltd..pdf,2
Superior Finlease Ltd..pdf,3
Superior Finlease Ltd..pdf,4
Superior Finlease Ltd..pdf,5
Superior Finlease Ltd..pdf,6
Superior Finlease Ltd..pdf,7
Superior Finlease Ltd..pdf,8
Superior Finlease Ltd..pdf,9
Superior Finlease Ltd..pdf,10
Superior Industrial Enterprises Ltd..pdf,1
Superior Industrial Enterprises Ltd..pdf,2
Superior Industrial Enterprises Ltd..pdf,3
Superior Industrial Enterprises Ltd..pdf,4
Superior Industrial Enterprises Ltd..pdf,5
Superior Industrial Enterprises Ltd..pdf,6
Superior Industrial Enterprises Ltd..pdf,7
Superior Industrial Enterprises Ltd..pdf,8
Superior Industrial Enterprises Ltd..pdf,9
Superior Industrial Enterprises Ltd..pdf,10
Supra Pacific Financial Services Ltd..pdf,1
Supra Pacific Financial Services Ltd..pdf,2
Supra Pacific Financial Services Ltd..pdf,3
Supra Pacific Financial Services Ltd..pdf,4
Supra Pacific Financial Services Ltd..pdf,5
Supra Pacific Financial Services Ltd..pdf,6
Supra Pacific Financial Services Ltd..pdf,7
Supra Pacific Financial Services Ltd..pdf,8
Supra Pacific Financial Services Ltd..pdf,9
Supreme Industries Ltd..pdf,1
Supreme Industries Ltd..pdf,2
Supreme Industries Ltd..pdf,3
Supreme Industries Ltd..pdf,4
Supreme Industries Ltd..pdf,5
Supreme Industries Ltd..pdf,6
Supreme Industries Ltd..pdf,7
Supreme Industries Ltd..pdf,8
Supreme Infrastructure India Ltd..pdf,1
Supreme Infrastructure India Ltd..pdf,2
Supreme Infrastructure India Ltd..pdf,3
Supreme Infrastructure India Ltd..pdf,4
Supreme Infrastructure India Ltd..pdf,5
Supreme Infrastructure India Ltd..pdf,6
Supreme Infrastructure India Ltd..pdf,7
Supreme Infrastructure India Ltd..pdf,8
Supreme Infrastructure India Ltd..pdf,9
Supreme Infrastructure India Ltd..pdf,10
Supreme Infrastructure India Ltd..pdf,11
Supreme Infrastructure India Ltd..pdf,12
Supreme Infrastructure India Ltd..pdf,13
Supreme Infrastructure India Ltd..pdf,14
Supreme Infrastructure India Ltd..pdf,15
Supreme Infrastructure India Ltd..pdf,16
Supreme Infrastructure India Ltd..pdf,17
Supreme Infrastructure India Ltd..pdf,18
Supreme Infrastructure India Ltd..pdf,19
Supreme Infrastructure India Ltd..pdf,20
Supreme Infrastructure India Ltd..pdf,21
Supreme Infrastructure India Ltd..pdf,22
Supreme Infrastructure India Ltd..pdf,23
Supreme Infrastructure India Ltd..pdf,24
Supreme Infrastructure India Ltd..pdf,25
Supreme Infrastructure India Ltd..pdf,26
Supreme Infrastructure India Ltd..pdf,27
Supreme Infrastructure India Ltd..pdf,28
Supreme Infrastructure India Ltd..pdf,29
Supreme Infrastructure India Ltd..pdf,30
Supreme Infrastructure India Ltd..pdf,31
Supreme Infrastructure India Ltd..pdf,32
Supreme Infrastructure India Ltd..pdf,33
Supreme Infrastructure India Ltd..pdf,34
Supreme Infrastructure India Ltd..pdf,35
Supreme Infrastructure India Ltd..pdf,36
Supreme Infrastructure India Ltd..pdf,37
Supreme Infrastructure India Ltd..pdf,38
Supreme Infrastructure India Ltd..pdf,39
Surana Solar Ltd..pdf,1
Surana Solar Ltd..pdf,2
Surana Solar Ltd..pdf,3
Surana Solar Ltd..pdf,4
Surana Solar Ltd..pdf,5
Swadeshi Polytex Ltd..pdf,1
Swadeshi Polytex Ltd..pdf,2
Swadeshi Polytex Ltd..pdf,3
Swadeshi Polytex Ltd..pdf,4
Swagtam Trading & Services Ltd..pdf,1
Swagtam Trading & Services Ltd..pdf,2
Swagtam Trading & Services Ltd..pdf,3
Swan Corp Ltd..pdf,1
Swan Corp Ltd..pdf,2
Swan Corp Ltd..pdf,3
Swan Corp Ltd..pdf,4
Swan Corp Ltd..pdf,5
Swan Corp Ltd..pdf,6
Swan Corp Ltd..pdf,7
Switching Technologies Gunther Ltd..pdf,1
Switching Technologies Gunther Ltd..pdf,2
Switching Technologies Gunther Ltd..pdf,3
Switching Technologies Gunther Ltd..pdf,4
Switching Technologies Gunther Ltd..pdf,5
Switching Technologies Gunther Ltd..pdf,6
Switching Technologies Gunther Ltd..pdf,7
Switching Technologies Gunther Ltd..pdf,8
Switching Technologies Gunther Ltd..pdf,9
Switching Technologies Gunther Ltd..pdf,10
Swojas Foods Ltd..pdf,1
Swojas Foods Ltd..pdf,2
Swojas Foods Ltd..pdf,3
Swojas Foods Ltd..pdf,4
Swojas Foods Ltd..pdf,5
Swojas Foods Ltd..pdf,6
Swojas Foods Ltd..pdf,7
Symbiox Investment & Trading Co Ltd..pdf,1
Symbiox Investment & Trading Co Ltd..pdf,2
Symbiox Investment & Trading Co Ltd..pdf,3
Symbiox Investment & Trading Co Ltd..pdf,4
Synergy Green Industries Ltd..pdf,1
Synergy Green Industries Ltd..pdf,2
Synergy Green Industries Ltd..pdf,3
Synergy Green Industries Ltd..pdf,4
Synergy Green Industries Ltd..pdf,5
Synergy Green Industries Ltd..pdf,6
Synergy Green Industries Ltd..pdf,7
Synergy Green Industries Ltd..pdf,8
Synergy Green Industries Ltd..pdf,9
Synergy Green Industries Ltd..pdf,10
T&I Global Ltd..pdf,1
T&I Global Ltd..pdf,2
T&I Global Ltd..pdf,3
T&I Global Ltd..pdf,4
T&I Global Ltd..pdf,5
TCI Industries Ltd..pdf,1
TCI Industries Ltd..pdf,2
TCI Industries Ltd..pdf,3
TCI Industries Ltd..pdf,4
TCI Industries Ltd..pdf,5
TCI Industries Ltd..pdf,6
TT Ltd..pdf,1
TT Ltd..pdf,2
TT Ltd..pdf,3
TT Ltd..pdf,4
TT Ltd..pdf,5
TT Ltd..pdf,6
TT Ltd..pdf,7
TT Ltd..pdf,8
TTL Enterprises Ltd..pdf,1
TTL Enterprises Ltd..pdf,2
TTL Enterprises Ltd..pdf,3
TTL Enterprises Ltd..pdf,4
TTL Enterprises Ltd..pdf,5
Taal Tech Ltd..pdf,1
Taal Tech Ltd..pdf,2
Taal Tech Ltd..pdf,3
Taal Tech Ltd..pdf,4
Taal Tech Ltd..pdf,5
Taal Tech Ltd..pdf,6
Taal Tech Ltd..pdf,7
Taal Tech Ltd..pdf,8
Taal Tech Ltd..pdf,9
Taal Tech Ltd..pdf,10
Taal Tech Ltd..pdf,11
Taal Tech Ltd..pdf,12
Tai Industries Ltd..pdf,1
Tai Industries Ltd..pdf,2
Tai Industries Ltd..pdf,3
Tai Industries Ltd..pdf,4
Tai Industries Ltd..pdf,5
Tai Industries Ltd..pdf,6
Tai Industries Ltd..pdf,7
Taj Gvk Hotels & Resorts Ltd..pdf,1
Taj Gvk Hotels & Resorts Ltd..pdf,2
Taj Gvk Hotels & Resorts Ltd..pdf,3
Taj Gvk Hotels & Resorts Ltd..pdf,4
Taj Gvk Hotels & Resorts Ltd..pdf,5
Taj Gvk Hotels & Resorts Ltd..pdf,6
Taj Gvk Hotels & Resorts Ltd..pdf,7
Taj Gvk Hotels & Resorts Ltd..pdf,8
Talbros Engineering Ltd..pdf,1
Talbros Engineering Ltd..pdf,2
Talbros Engineering Ltd..pdf,3
Talbros Engineering Ltd..pdf,4
Talbros Engineering Ltd..pdf,5
Talbros Engineering Ltd..pdf,6
Taneja Aerospace & Aviation Ltd..pdf,1
Taneja Aerospace & Aviation Ltd..pdf,2
Taneja Aerospace & Aviation Ltd..pdf,3
Taneja Aerospace & Aviation Ltd..pdf,4
Taneja Aerospace & Aviation Ltd..pdf,5
Taneja Aerospace & Aviation Ltd..pdf,6
Taneja Aerospace & Aviation Ltd..pdf,7
Taneja Aerospace & Aviation Ltd..pdf,8
Taneja Aerospace & Aviation Ltd..pdf,9
Tanfac Industries Ltd..pdf,1
Tanfac Industries Ltd..pdf,2
Tanfac Industries Ltd..pdf,3
Tanfac Industries Ltd..pdf,4
Tanfac Industries Ltd..pdf,5
Tanfac Industries Ltd..pdf,6
Tanfac Industries Ltd..pdf,7
Tashi India Ltd..pdf,1
Tashi India Ltd..pdf,2
Tashi India Ltd..pdf,3
Tashi India Ltd..pdf,4
Tashi India Ltd..pdf,5
Tasty Bite Eatables Ltd..pdf,1
Tasty Bite Eatables Ltd..pdf,2
Tasty Bite Eatables Ltd..pdf,3
Tasty Bite Eatables Ltd..pdf,4
Tata Teleservices (Maharashtra) Ltd..pdf,1
Tata Teleservices (Maharashtra) Ltd..pdf,2
Tata Teleservices (Maharashtra) Ltd..pdf,3
Tata Teleservices (Maharashtra) Ltd..pdf,4
Tata Teleservices (Maharashtra) Ltd..pdf,5
Tata Teleservices (Maharashtra) Ltd..pdf,6
Tata Teleservices (Maharashtra) Ltd..pdf,7
Tata Teleservices (Maharashtra) Ltd..pdf,8
Tata Teleservices (Maharashtra) Ltd..pdf,9
Team24 Consumer Products Ltd..pdf,1
Team24 Consumer Products Ltd..pdf,2
Team24 Consumer Products Ltd..pdf,3
Team24 Consumer Products Ltd..pdf,4
Team24 Consumer Products Ltd..pdf,5
Team24 Consumer Products Ltd..pdf,6
Technojet Consultants Ltd..pdf,1
Technojet Consultants Ltd..pdf,2
Technojet Consultants Ltd..pdf,3
Technojet Consultants Ltd..pdf,4
Tega Industries Ltd..pdf,1
Tega Industries Ltd..pdf,2
Tega Industries Ltd..pdf,3
Tega Industries Ltd..pdf,4
Tega Industries Ltd..pdf,5
Tega Industries Ltd..pdf,6
Tega Industries Ltd..pdf,7
Tega Industries Ltd..pdf,8
Tega Industries Ltd..pdf,9
Tega Industries Ltd..pdf,10
Tega Industries Ltd..pdf,11
Tega Industries Ltd..pdf,12
Tejas Networks Ltd..pdf,1
Tejas Networks Ltd..pdf,2
Tejas Networks Ltd..pdf,3
Tejas Networks Ltd..pdf,4
Tejas Networks Ltd..pdf,5
Tejas Networks Ltd..pdf,6
Tejas Networks Ltd..pdf,7
Tejas Networks Ltd..pdf,8
Telge Projects Ltd..pdf,1
Telge Projects Ltd..pdf,2
Telge Projects Ltd..pdf,3
Telge Projects Ltd..pdf,4
Telge Projects Ltd..pdf,5
Telge Projects Ltd..pdf,6
Telge Projects Ltd..pdf,7
Telge Projects Ltd..pdf,8
Telge Projects Ltd..pdf,9
Telge Projects Ltd..pdf,10
Telge Projects Ltd..pdf,11
Telge Projects Ltd..pdf,12
Telge Projects Ltd..pdf,13
Telge Projects Ltd..pdf,14
Telge Projects Ltd..pdf,15
Themis Medicare Ltd..pdf,1
Themis Medicare Ltd..pdf,2
Themis Medicare Ltd..pdf,3
Themis Medicare Ltd..pdf,4
Themis Medicare Ltd..pdf,5
Themis Medicare Ltd..pdf,6
Themis Medicare Ltd..pdf,7
Themis Medicare Ltd..pdf,8
Themis Medicare Ltd..pdf,9
Themis Medicare Ltd..pdf,10
Themis Medicare Ltd..pdf,11
Thinkink Picturez Ltd..pdf,1
Thinkink Picturez Ltd..pdf,2
Thinkink Picturez Ltd..pdf,3
Thinkink Picturez Ltd..pdf,4
Thinkink Picturez Ltd..pdf,5
Thyrocare Technologies Ltd..pdf,1
Thyrocare Technologies Ltd..pdf,2
Thyrocare Technologies Ltd..pdf,3
Thyrocare Technologies Ltd..pdf,4
Thyrocare Technologies Ltd..pdf,5
Thyrocare Technologies Ltd..pdf,6
Thyrocare Technologies Ltd..pdf,7
Thyrocare Technologies Ltd..pdf,8
Thyrocare Technologies Ltd..pdf,9
Thyrocare Technologies Ltd..pdf,10
Thyrocare Technologies Ltd..pdf,11
Thyrocare Technologies Ltd..pdf,12
Tiaan Consumer Ltd..pdf,1
Tiaan Consumer Ltd..pdf,2
Tiaan Consumer Ltd..pdf,3
Tiaan Consumer Ltd..pdf,4
Tiaan Consumer Ltd..pdf,5
Tiaan Consumer Ltd..pdf,6
Tilak Ventures Ltd..pdf,1
Tilak Ventures Ltd..pdf,2
Tilak Ventures Ltd..pdf,3
Tilak Ventures Ltd..pdf,4
Tilak Ventures Ltd..pdf,5
Tilak Ventures Ltd..pdf,6
Titan Securities Ltd..pdf,1
Titan Securities Ltd..pdf,2
Titan Securities Ltd..pdf,3
Titan Securities Ltd..pdf,4
Titan Securities Ltd..pdf,5
Titan Securities Ltd..pdf,6
Titan Securities Ltd..pdf,7
Titan Securities Ltd..pdf,8
Titan Securities Ltd..pdf,9
Titan Securities Ltd..pdf,10
Tomorrow Technologies Global Innovations Ltd..pdf,1
Tomorrow Technologies Global Innovations Ltd..pdf,2
Tomorrow Technologies Global Innovations Ltd..pdf,3
Tomorrow Technologies Global Innovations Ltd..pdf,4
Tomorrow Technologies Global Innovations Ltd..pdf,5
Tomorrow Technologies Global Innovations Ltd..pdf,6
Tomorrow Technologies Global Innovations Ltd..pdf,7
Tomorrow Technologies Global Innovations Ltd..pdf,8
Tomorrow Technologies Global Innovations Ltd..pdf,9
Tomorrow Technologies Global Innovations Ltd..pdf,10
Toyam Sports Ltd..pdf,1
Toyam Sports Ltd..pdf,2
Toyam Sports Ltd..pdf,3
Toyam Sports Ltd..pdf,4
Toyam Sports Ltd..pdf,5
Toyam Sports Ltd..pdf,6
Toyam Sports Ltd..pdf,7
Toyam Sports Ltd..pdf,8
Toyam Sports Ltd..pdf,9
Toyam Sports Ltd..pdf,10
Toyam Sports Ltd..pdf,11
Toyam Sports Ltd..pdf,12
Toyam Sports Ltd..pdf,13
Toyam Sports Ltd..pdf,14
Toyam Sports Ltd..pdf,15
Toyam Sports Ltd..pdf,16
Toyam Sports Ltd..pdf,17
Toyam Sports Ltd..pdf,18
Toyam Sports Ltd..pdf,19
Toyam Sports Ltd..pdf,20
Toyam Sports Ltd..pdf,21
Toyam Sports Ltd..pdf,22
Toyam Sports Ltd..pdf,23
Toyam Sports Ltd..pdf,24
Trade Wings Ltd..pdf,1
Trade Wings Ltd..pdf,2
Trade Wings Ltd..pdf,3
Trade Wings Ltd..pdf,4
Trade Wings Ltd..pdf,5
Trade Wings Ltd..pdf,6
Trade Wings Ltd..pdf,7
Trade Wings Ltd..pdf,8
Trade Wings Ltd..pdf,9
Trade Wings Ltd..pdf,10
Transglobe Foods Ltd..pdf,1
Transglobe Foods Ltd..pdf,2
Transglobe Foods Ltd..pdf,3
Transglobe Foods Ltd..pdf,4
Transglobe Foods Ltd..pdf,5
Transoceanic Properties Ltd..pdf,1
Transoceanic Properties Ltd..pdf,2
Transoceanic Properties Ltd..pdf,3
Transoceanic Properties Ltd..pdf,4
Transoceanic Properties Ltd..pdf,5
Transpek Industry Ltd..pdf,1
Transpek Industry Ltd..pdf,2
Transpek Industry Ltd..pdf,3
Transpek Industry Ltd..pdf,4
Transpek Industry Ltd..pdf,5
Transpek Industry Ltd..pdf,6
Transpek Industry Ltd..pdf,7
Transworld Shipping Lines Ltd..pdf,1
Transworld Shipping Lines Ltd..pdf,2
Transworld Shipping Lines Ltd..pdf,3
Transworld Shipping Lines Ltd..pdf,4
Transworld Shipping Lines Ltd..pdf,5
Transworld Shipping Lines Ltd..pdf,6
Transworld Shipping Lines Ltd..pdf,7
Transworld Shipping Lines Ltd..pdf,8
Transworld Shipping Lines Ltd..pdf,9
Transworld Shipping Lines Ltd..pdf,10
Trident Lifeline Ltd..pdf,1
Trident Lifeline Ltd..pdf,2
Trident Lifeline Ltd..pdf,3
Trident Lifeline Ltd..pdf,4
Trident Lifeline Ltd..pdf,5
Trident Lifeline Ltd..pdf,6
Trident Lifeline Ltd..pdf,7
Trident Lifeline Ltd..pdf,8
Trident Texofab Ltd..pdf,1
Trident Texofab Ltd..pdf,2
Trident Texofab Ltd..pdf,3
Trident Texofab Ltd..pdf,4
Trident Texofab Ltd..pdf,5
Trident Texofab Ltd..pdf,6
Trident Texofab Ltd..pdf,7
Trident Texofab Ltd..pdf,8
Trident Texofab Ltd..pdf,9
Trident Texofab Ltd..pdf,10
Trident Texofab Ltd..pdf,11
Trident Texofab Ltd..pdf,12
Triliance Polymers Ltd..pdf,1
Triliance Polymers Ltd..pdf,2
Triliance Polymers Ltd..pdf,3
Triliance Polymers Ltd..pdf,4
Triveni Enterprises Ltd..pdf,1
Triveni Enterprises Ltd..pdf,2
Triveni Enterprises Ltd..pdf,3
Triveni Enterprises Ltd..pdf,4
True Green Bio Energy Ltd..pdf,1
True Green Bio Energy Ltd..pdf,2
True Green Bio Energy Ltd..pdf,3
True Green Bio Energy Ltd..pdf,4
True Green Bio Energy Ltd..pdf,5
True Green Bio Energy Ltd..pdf,6
True Green Bio Energy Ltd..pdf,7
True Green Bio Energy Ltd..pdf,8
True Green Bio Energy Ltd..pdf,9
Tulsyan Nec Ltd..pdf,1
Tulsyan Nec Ltd..pdf,2
Tulsyan Nec Ltd..pdf,3
Tulsyan Nec Ltd..pdf,4
Tulsyan Nec Ltd..pdf,5
Tulsyan Nec Ltd..pdf,6
Tulsyan Nec Ltd..pdf,7
Tulsyan Nec Ltd..pdf,8
Tulsyan Nec Ltd..pdf,9
Tulsyan Nec Ltd..pdf,10
Tulsyan Nec Ltd..pdf,11
Tulsyan Nec Ltd..pdf,12
Tusaldah Ltd..pdf,1
Tusaldah Ltd..pdf,2
Tusaldah Ltd..pdf,3
Tusaldah Ltd..pdf,4
Tuticorin Alkali Chemicals And Fertilizers Ltd..pdf,1
Tuticorin Alkali Chemicals And Fertilizers Ltd..pdf,2
Tuticorin Alkali Chemicals And Fertilizers Ltd..pdf,3
Tuticorin Alkali Chemicals And Fertilizers Ltd..pdf,4
Twentyfirst Century Management Services Ltd..pdf,1
Twentyfirst Century Management Services Ltd..pdf,2
Twentyfirst Century Management Services Ltd..pdf,3
Twentyfirst Century Management Services Ltd..pdf,4
Twentyfirst Century Management Services Ltd..pdf,5
Twentyfirst Century Management Services Ltd..pdf,6
Twentyfirst Century Management Services Ltd..pdf,7
UHM Vacation Ltd..pdf,1
UHM Vacation Ltd..pdf,2
UHM Vacation Ltd..pdf,3
UHM Vacation Ltd..pdf,4
UHM Vacation Ltd..pdf,5
UHM Vacation Ltd..pdf,6
UHM Vacation Ltd..pdf,7
UHM Vacation Ltd..pdf,8
UHM Vacation Ltd..pdf,9
UHM Vacation Ltd..pdf,10
UHM Vacation Ltd..pdf,11
UHM Vacation Ltd..pdf,12
UHM Vacation Ltd..pdf,13
UHM Vacation Ltd..pdf,14
UHM Vacation Ltd..pdf,15
UHM Vacation Ltd..pdf,16
UHM Vacation Ltd..pdf,17
UHM Vacation Ltd..pdf,18
UR Sugar Industries Ltd..pdf,1
UR Sugar Industries Ltd..pdf,2
UR Sugar Industries Ltd..pdf,3
UR Sugar Industries Ltd..pdf,4
UR Sugar Industries Ltd..pdf,5
UR Sugar Industries Ltd..pdf,6
UR Sugar Industries Ltd..pdf,7
UTL Industries Ltd..pdf,1
UTL Industries Ltd..pdf,2
UTL Industries Ltd..pdf,3
UTL Industries Ltd..pdf,4
Ujaas Energy Ltd..pdf,1
Ujaas Energy Ltd..pdf,2
Ujaas Energy Ltd..pdf,3
Ujaas Energy Ltd..pdf,4
Ujaas Energy Ltd..pdf,5
Ujaas Energy Ltd..pdf,6
Ujaas Energy Ltd..pdf,7
Ujaas Energy Ltd..pdf,8
Ujaas Energy Ltd..pdf,9
Ujaas Energy Ltd..pdf,10
Ujaas Energy Ltd..pdf,11
Ujaas Energy Ltd..pdf,12
Ultracab (India) Ltd..pdf,1
Ultracab (India) Ltd..pdf,2
Ultracab (India) Ltd..pdf,3
Ultracab (India) Ltd..pdf,4
Umiya Buildcon Ltd..pdf,1
Umiya Buildcon Ltd..pdf,2
Umiya Buildcon Ltd..pdf,3
Umiya Buildcon Ltd..pdf,4
Umiya Buildcon Ltd..pdf,5
Umiya Buildcon Ltd..pdf,6
Umiya Buildcon Ltd..pdf,7
Umiya Buildcon Ltd..pdf,8
Umiya Buildcon Ltd..pdf,9
Umiya Buildcon Ltd..pdf,10
Unipro Technologies Ltd..pdf,1
Unipro Technologies Ltd..pdf,2
Unipro Technologies Ltd..pdf,3
Univa Foods Ltd..pdf,1
Univa Foods Ltd..pdf,2
Univa Foods Ltd..pdf,3
Upsurge Investment & Finance Ltd..pdf,1
Upsurge Investment & Finance Ltd..pdf,2
Upsurge Investment & Finance Ltd..pdf,3
Upsurge Investment & Finance Ltd..pdf,4
Upsurge Investment & Finance Ltd..pdf,5
Usha Martin Education & Solutions Ltd..pdf,1
Usha Martin Education & Solutions Ltd..pdf,2
Usha Martin Education & Solutions Ltd..pdf,3
Usha Martin Education & Solutions Ltd..pdf,4
Usha Martin Education & Solutions Ltd..pdf,5
VIP Clothing Ltd..pdf,1
VIP Clothing Ltd..pdf,2
VIP Clothing Ltd..pdf,3
VK Global Industries Ltd..pdf,1
VK Global Industries Ltd..pdf,2
VK Global Industries Ltd..pdf,3
VK Global Industries Ltd..pdf,4
VK Global Industries Ltd..pdf,5
VK Global Industries Ltd..pdf,6
VK Global Industries Ltd..pdf,7
VK Global Industries Ltd..pdf,8
VK Global Industries Ltd..pdf,9
VST Tillers Tractors Ltd..pdf,1
VST Tillers Tractors Ltd..pdf,2
VST Tillers Tractors Ltd..pdf,3
VST Tillers Tractors Ltd..pdf,4
VST Tillers Tractors Ltd..pdf,5
VST Tillers Tractors Ltd..pdf,6
VST Tillers Tractors Ltd..pdf,7
VST Tillers Tractors Ltd..pdf,8
VST Tillers Tractors Ltd..pdf,9
VST Tillers Tractors Ltd..pdf,10
VST Tillers Tractors Ltd..pdf,11
VST Tillers Tractors Ltd..pdf,12
VTM Ltd..pdf,1
VTM Ltd..pdf,2
VTM Ltd..pdf,3
VTM Ltd..pdf,4
VTM Ltd..pdf,5
VTM Ltd..pdf,6
VTM Ltd..pdf,7
VTM Ltd..pdf,8
VTM Ltd..pdf,9
VTM Ltd..pdf,10
VTM Ltd..pdf,11
VTM Ltd..pdf,12
VTM Ltd..pdf,13
VTM Ltd..pdf,14
Vadilal Enterprises Ltd..pdf,1
Vadilal Enterprises Ltd..pdf,2
Vadilal Enterprises Ltd..pdf,3
Vadilal Enterprises Ltd..pdf,4
Vadilal Enterprises Ltd..pdf,5
Vadilal Industries Ltd..pdf,1
Vadilal Industries Ltd..pdf,2
Vadilal Industries Ltd..pdf,3
Vadilal Industries Ltd..pdf,4
Vadilal Industries Ltd..pdf,5
Vadilal Industries Ltd..pdf,6
Vadilal Industries Ltd..pdf,7
Vadilal Industries Ltd..pdf,8
Vadilal Industries Ltd..pdf,9
Vadilal Industries Ltd..pdf,10
Vadilal Industries Ltd..pdf,11
Vaibhav Global Ltd..pdf,1
Vaibhav Global Ltd..pdf,2
Vaibhav Global Ltd..pdf,3
Vaibhav Global Ltd..pdf,4
Vaibhav Global Ltd..pdf,5
Vaibhav Global Ltd..pdf,6
Vaibhav Global Ltd..pdf,7
Vaibhav Global Ltd..pdf,8
Vaibhav Global Ltd..pdf,9
Vaibhav Global Ltd..pdf,10
Vaibhav Global Ltd..pdf,11
Vaibhav Global Ltd..pdf,12
Vaibhav Global Ltd..pdf,13
Vaibhav Global Ltd..pdf,14
Vani Commercials Ltd..pdf,1
Vani Commercials Ltd..pdf,2
Vani Commercials Ltd..pdf,3
Vani Commercials Ltd..pdf,4
Vani Commercials Ltd..pdf,5
Vani Commercials Ltd..pdf,6
Vani Commercials Ltd..pdf,7
Vantage Knowledge Academy Ltd..pdf,1
Vantage Knowledge Academy Ltd..pdf,2
Vantage Knowledge Academy Ltd..pdf,3
Vapi Enterprise Ltd..pdf,1
Vapi Enterprise Ltd..pdf,2
Vapi Enterprise Ltd..pdf,3
Vapi Enterprise Ltd..pdf,4
Vapi Enterprise Ltd..pdf,5
Vapi Enterprise Ltd..pdf,6
Vapi Enterprise Ltd..pdf,7
Vapi Enterprise Ltd..pdf,8
Vapi Enterprise Ltd..pdf,9
Vapi Enterprise Ltd..pdf,10
Variman Global Enterprises Ltd..pdf,1
Variman Global Enterprises Ltd..pdf,2
Variman Global Enterprises Ltd..pdf,3
Variman Global Enterprises Ltd..pdf,4
Variman Global Enterprises Ltd..pdf,5
Variman Global Enterprises Ltd..pdf,6
Variman Global Enterprises Ltd..pdf,7
Variman Global Enterprises Ltd..pdf,8
Variman Global Enterprises Ltd..pdf,9
Variman Global Enterprises Ltd..pdf,10
Varvee Global Ltd..pdf,1
Varvee Global Ltd..pdf,2
Varvee Global Ltd..pdf,3
Varvee Global Ltd..pdf,4
Varvee Global Ltd..pdf,5
Varvee Global Ltd..pdf,6
Varvee Global Ltd..pdf,7
Varvee Global Ltd..pdf,8
Vas Infrastructure Ltd..pdf,1
Vas Infrastructure Ltd..pdf,2
Vas Infrastructure Ltd..pdf,3
Vas Infrastructure Ltd..pdf,4
Vas Infrastructure Ltd..pdf,5
Vas Infrastructure Ltd..pdf,6
Vas Infrastructure Ltd..pdf,7
Vashu Bhagnani Industries Ltd..pdf,1
Vashu Bhagnani Industries Ltd..pdf,2
Vashu Bhagnani Industries Ltd..pdf,3
Vashu Bhagnani Industries Ltd..pdf,4
Vashu Bhagnani Industries Ltd..pdf,5
Vashu Bhagnani Industries Ltd..pdf,6
Veefin Solutions Ltd..pdf,1
Veefin Solutions Ltd..pdf,2
Veefin Solutions Ltd..pdf,3
Veefin Solutions Ltd..pdf,4
Veefin Solutions Ltd..pdf,5
Veefin Solutions Ltd..pdf,6
Veefin Solutions Ltd..pdf,7
Veefin Solutions Ltd..pdf,8
Veefin Solutions Ltd..pdf,9
Velan Hotels Ltd..pdf,1
Velan Hotels Ltd..pdf,2
Velan Hotels Ltd..pdf,3
Velan Hotels Ltd..pdf,4
Velan Hotels Ltd..pdf,5
Vellora Impact Ltd.pdf,1
Vellora Impact Ltd.pdf,2
Vellora Impact Ltd.pdf,3
Vellora Impact Ltd.pdf,4
Vellora Impact Ltd.pdf,5
Vellora Impact Ltd.pdf,6
Veronica Production Ltd..pdf,1
Veronica Production Ltd..pdf,2
Veronica Production Ltd..pdf,3
Veronica Production Ltd..pdf,4
Veronica Production Ltd..pdf,5
Veto Switchgears And Cables Ltd..pdf,1
Veto Switchgears And Cables Ltd..pdf,2
Veto Switchgears And Cables Ltd..pdf,3
Veto Switchgears And Cables Ltd..pdf,4
Veto Switchgears And Cables Ltd..pdf,5
Veto Switchgears And Cables Ltd..pdf,6
Veto Switchgears And Cables Ltd..pdf,7
Veto Switchgears And Cables Ltd..pdf,8
Veto Switchgears And Cables Ltd..pdf,9
Victoria Enterprises Ltd..pdf,1
Victoria Enterprises Ltd..pdf,2
Victoria Enterprises Ltd..pdf,3
Victoria Enterprises Ltd..pdf,4
Victoria Enterprises Ltd..pdf,5
Victoria Enterprises Ltd..pdf,6
Victoria Enterprises Ltd..pdf,7
Victoria Enterprises Ltd..pdf,8
Vidya Wires Ltd..pdf,1
Vidya Wires Ltd..pdf,2
Vidya Wires Ltd..pdf,3
Vidya Wires Ltd..pdf,4
Vidya Wires Ltd..pdf,5
Vidya Wires Ltd..pdf,6
Vidya Wires Ltd..pdf,7
Vidya Wires Ltd..pdf,8
Vidya Wires Ltd..pdf,9
Vidya Wires Ltd..pdf,10
Vidya Wires Ltd..pdf,11
Vidya Wires Ltd..pdf,12
Vidya Wires Ltd..pdf,13
Vidya Wires Ltd..pdf,14
Vidya Wires Ltd..pdf,15
Vidya Wires Ltd..pdf,16
Vidya Wires Ltd..pdf,17
Vikram Kamats Hospitality Ltd..pdf,1
Vikram Kamats Hospitality Ltd..pdf,2
Vikram Kamats Hospitality Ltd..pdf,3
Vikram Kamats Hospitality Ltd..pdf,4
Vikram Kamats Hospitality Ltd..pdf,5
Vikram Kamats Hospitality Ltd..pdf,6
Vikram Kamats Hospitality Ltd..pdf,7
Vikram Kamats Hospitality Ltd..pdf,8
Vikram Kamats Hospitality Ltd..pdf,9
Vikran Engineering Ltd..pdf,1
Vikran Engineering Ltd..pdf,2
Vikran Engineering Ltd..pdf,3
Vikran Engineering Ltd..pdf,4
Vikran Engineering Ltd..pdf,5
Vikran Engineering Ltd..pdf,6
Vikran Engineering Ltd..pdf,7
Vikran Engineering Ltd..pdf,8
Vikran Engineering Ltd..pdf,9
Vikran Engineering Ltd..pdf,10
Vikran Engineering Ltd..pdf,11
Vikran Engineering Ltd..pdf,12
Vikran Engineering Ltd..pdf,13
Vikran Engineering Ltd..pdf,14
Vikran Engineering Ltd..pdf,15
Vikran Engineering Ltd..pdf,16
Viksit Engineering Ltd..pdf,1
Viksit Engineering Ltd..pdf,2
Viksit Engineering Ltd..pdf,3
Viksit Engineering Ltd..pdf,4
Viksit Engineering Ltd..pdf,5
Viksit Engineering Ltd..pdf,6
Virat Industries Ltd..pdf,1
Virat Industries Ltd..pdf,2
Virat Industries Ltd..pdf,3
Virat Industries Ltd..pdf,4
Virat Industries Ltd..pdf,5
Virat Industries Ltd..pdf,6
Virat Industries Ltd..pdf,7
Virat Industries Ltd..pdf,8
Virinchi Ltd..pdf,1
Virinchi Ltd..pdf,2
Virinchi Ltd..pdf,3
Virinchi Ltd..pdf,4
Virinchi Ltd..pdf,5
Virinchi Ltd..pdf,6
Virinchi Ltd..pdf,7
Virinchi Ltd..pdf,8
Virinchi Ltd..pdf,9
Virinchi Ltd..pdf,10
Virinchi Ltd..pdf,11
Virtual Global Education Ltd..pdf,1
Virtual Global Education Ltd..pdf,2
Virtual Global Education Ltd..pdf,3
Virtual Global Education Ltd..pdf,4
Virtual Global Education Ltd..pdf,5
Virtual Global Education Ltd..pdf,6
Virtual Global Education Ltd..pdf,7
Virtual Global Education Ltd..pdf,8
Virtual Global Education Ltd..pdf,9
Virtual Global Education Ltd..pdf,10
Virtual Global Education Ltd..pdf,11
Virtual Global Education Ltd..pdf,12
Virtual Global Education Ltd..pdf,13
Vision Cinemas Ltd..pdf,1
Vision Cinemas Ltd..pdf,2
Vision Cinemas Ltd..pdf,3
Vision Cinemas Ltd..pdf,4
Vision Cinemas Ltd..pdf,5
Vision Cinemas Ltd..pdf,6
Vision Cinemas Ltd..pdf,7
Vision Cinemas Ltd..pdf,8
Vision Cinemas Ltd..pdf,9
Vision Cinemas Ltd..pdf,10
Vivanta Industries Ltd..pdf,1
Vivanta Industries Ltd..pdf,2
Vivanta Industries Ltd..pdf,3
Vivanta Industries Ltd..pdf,4
Vivanta Industries Ltd..pdf,5
Vivanta Industries Ltd..pdf,6
Vivanta Industries Ltd..pdf,7
Vivanza Biosciences Ltd..pdf,1
Vivanza Biosciences Ltd..pdf,2
Vivanza Biosciences Ltd..pdf,3
Vivanza Biosciences Ltd..pdf,4
Vivanza Biosciences Ltd..pdf,5
Vivanza Biosciences Ltd..pdf,6
Vivid Global Industries Ltd..pdf,1
Vivid Global Industries Ltd..pdf,2
Vivid Global Industries Ltd..pdf,3
Vivid Global Industries Ltd..pdf,4
Vivid Global Industries Ltd..pdf,5
Vivid Global Industries Ltd..pdf,6
Vivid Global Industries Ltd..pdf,7
Vivid Global Industries Ltd..pdf,8
Vivid Global Industries Ltd..pdf,9
WPIL Ltd..pdf,1
WPIL Ltd..pdf,2
WPIL Ltd..pdf,3
WPIL Ltd..pdf,4
WPIL Ltd..pdf,5
WPIL Ltd..pdf,6
WPIL Ltd..pdf,7
WPIL Ltd..pdf,8
WPIL Ltd..pdf,9
WPIL Ltd..pdf,10
WPIL Ltd..pdf,11
WPIL Ltd..pdf,12
Wardwizard Healthcare Ltd..pdf,1
Wardwizard Healthcare Ltd..pdf,2
Wardwizard Healthcare Ltd..pdf,3
Wardwizard Healthcare Ltd..pdf,4
Wardwizard Healthcare Ltd..pdf,5
Waterbase Ltd..pdf,1
Waterbase Ltd..pdf,2
Waterbase Ltd..pdf,3
Waterbase Ltd..pdf,4
Waterbase Ltd..pdf,5
Waterbase Ltd..pdf,6
Waterbase Ltd..pdf,7
Waterbase Ltd..pdf,8
Waterbase Ltd..pdf,9
Waterbase Ltd..pdf,10
Waterbase Ltd..pdf,11
Waterbase Ltd..pdf,12
Waterbase Ltd..pdf,13
Wealth First Portfolio Managers Ltd..pdf,1
Wealth First Portfolio Managers Ltd..pdf,2
Wealth First Portfolio Managers Ltd..pdf,3
Wealth First Portfolio Managers Ltd..pdf,4
Wealth First Portfolio Managers Ltd..pdf,5
Wealth First Portfolio Managers Ltd..pdf,6
Wealth First Portfolio Managers Ltd..pdf,7
Wealth First Portfolio Managers Ltd..pdf,8
Wealth First Portfolio Managers Ltd..pdf,9
Wheels India Ltd..pdf,1
Wheels India Ltd..pdf,2
Wheels India Ltd..pdf,3
Wheels India Ltd..pdf,4
Wheels India Ltd..pdf,5
Wheels India Ltd..pdf,6
Wheels India Ltd..pdf,7
Wheels India Ltd..pdf,8
Wheels India Ltd..pdf,9
Williamson Financial Services Ltd..pdf,1
Williamson Financial Services Ltd..pdf,2
Williamson Financial Services Ltd..pdf,3
Williamson Financial Services Ltd..pdf,4
Williamson Financial Services Ltd..pdf,5
Williamson Financial Services Ltd..pdf,6
Williamson Financial Services Ltd..pdf,7
Windsor Machines Ltd..pdf,1
Windsor Machines Ltd..pdf,2
Windsor Machines Ltd..pdf,3
Windsor Machines Ltd..pdf,4
Windsor Machines Ltd..pdf,5
Windsor Machines Ltd..pdf,6
Windsor Machines Ltd..pdf,7
Windsor Machines Ltd..pdf,8
Windsor Machines Ltd..pdf,9
Windsor Machines Ltd..pdf,10
Windsor Machines Ltd..pdf,11
Windsor Machines Ltd..pdf,12
Windsor Machines Ltd..pdf,13
Winro Commercial India Ltd..pdf,1
Winro Commercial India Ltd..pdf,2
Winro Commercial India Ltd..pdf,3
Winro Commercial India Ltd..pdf,4
Winro Commercial India Ltd..pdf,5
Winro Commercial India Ltd..pdf,6
Winro Commercial India Ltd..pdf,7
Winro Commercial India Ltd..pdf,8
Winro Commercial India Ltd..pdf,9
Winro Commercial India Ltd..pdf,10
Winro Commercial India Ltd..pdf,11
Wires & Fabriks (SA) Ltd..pdf,1
Wires & Fabriks (SA) Ltd..pdf,2
Wires & Fabriks (SA) Ltd..pdf,3
Wonderla Holidays Ltd..pdf,1
Wonderla Holidays Ltd..pdf,2
Wonderla Holidays Ltd..pdf,3
Wonderla Holidays Ltd..pdf,4
Wonderla Holidays Ltd..pdf,5
Wonderla Holidays Ltd..pdf,6
Wonderla Holidays Ltd..pdf,7
Wonderla Holidays Ltd..pdf,8
Woodsvilla Ltd..pdf,1
Woodsvilla Ltd..pdf,2
Woodsvilla Ltd..pdf,3
Woodsvilla Ltd..pdf,4
Worldwide Aluminium Ltd..pdf,1
Worldwide Aluminium Ltd..pdf,2
Worldwide Aluminium Ltd..pdf,3
Worldwide Aluminium Ltd..pdf,4
XL Energy Ltd..pdf,1
XL Energy Ltd..pdf,2
XL Energy Ltd..pdf,3
XL Energy Ltd..pdf,4
XL Energy Ltd..pdf,5
Yaan Enterprises Ltd..pdf,1
Yaan Enterprises Ltd..pdf,2
Yaan Enterprises Ltd..pdf,3
Yaan Enterprises Ltd..pdf,4
Yaan Enterprises Ltd..pdf,5
Yamuna Syndicate Ltd..pdf,1
Yamuna Syndicate Ltd..pdf,2
Yamuna Syndicate Ltd..pdf,3
Yamuna Syndicate Ltd..pdf,4
Yamuna Syndicate Ltd..pdf,5
Yamuna Syndicate Ltd..pdf,6
Yamuna Syndicate Ltd..pdf,7
Yamuna Syndicate Ltd..pdf,8
Yamuna Syndicate Ltd..pdf,9
Yamuna Syndicate Ltd..pdf,10
Yamuna Syndicate Ltd..pdf,11
Yamuna Syndicate Ltd..pdf,12
Yamuna Syndicate Ltd..pdf,13
Yarn Syndicate Ltd..pdf,1
Yarn Syndicate Ltd..pdf,2
Yarn Syndicate Ltd..pdf,3
Yarn Syndicate Ltd..pdf,4
Yarn Syndicate Ltd..pdf,5
Yarn Syndicate Ltd..pdf,6
Yarn Syndicate Ltd..pdf,7
Yarn Syndicate Ltd..pdf,8
Yarn Syndicate Ltd..pdf,9
Yatra Online Ltd..pdf,1
Yatra Online Ltd..pdf,2
Yatra Online Ltd..pdf,3
Yatra Online Ltd..pdf,4
Yatra Online Ltd..pdf,5
Yatra Online Ltd..pdf,6
Yatra Online Ltd..pdf,7
Yatra Online Ltd..pdf,8
Yatra Online Ltd..pdf,9
Yatra Online Ltd..pdf,10
Yatra Online Ltd..pdf,11
Yatra Online Ltd..pdf,12
Zenlabs Ethica Ltd..pdf,1
Zenlabs Ethica Ltd..pdf,2
Zenlabs Ethica Ltd..pdf,3
Zodiac-JRD MKJ Ltd..pdf,1
Zodiac-JRD MKJ Ltd..pdf,2
Zodiac-JRD MKJ Ltd..pdf,3
Zodiac-JRD MKJ Ltd..pdf,4
Zodiac-JRD MKJ Ltd..pdf,5
Zodiac-JRD MKJ Ltd..pdf,6
Zodiac-JRD MKJ Ltd..pdf,7
Zodiac-JRD MKJ Ltd..pdf,8
